"집계년도","재산번호","재산구분명","재산종류명","행정재산구분명","산구분명","실지목명","공부지목명","재산수량","재산면적","대장가액.원.","기준가액.원.","재산관리기관명","분임관리기관명","위임관리기관명","취득일자","취득방법명","재산명칭","등록일자","비고","address"
2015,126067,"공작물","행정재산","공용재산","일반","미등록","미등록",1,NA,3e+06,3e+06,"경기도 재난안전본부 소방행정과","경기도 구리소방서","","1998-07-09","매입","비상급수시설","2008-03-07","","경기도 구리시 교문동  354 - 6"
2015,126068,"공작물","행정재산","공용재산","일반","미등록","미등록",1,NA,3e+06,3e+06,"경기도 재난안전본부 소방행정과","경기도 구리소방서","","1998-07-09","매입","비상급수시설","2008-03-07","","경기도 구리시 교문동  354 - 6"
2015,126069,"공작물","행정재산","공용재산","일반","미등록","미등록",1,NA,3e+06,3e+06,"경기도 재난안전본부 소방행정과","경기도 구리소방서","","1998-07-09","매입","비상급수시설","2008-03-07","","경기도 구리시 교문동  354 - 6"
2015,126070,"공작물","행정재산","공용재산","일반","미등록","미등록",1,NA,3e+06,3e+06,"경기도 재난안전본부 소방행정과","경기도 구리소방서","","1998-07-09","매입","비상급수시설","2008-03-07","","경기도 구리시 교문동  354 - 6"
2015,126071,"공작물","행정재산","공용재산","일반","미등록","미등록",1,NA,3e+06,3e+06,"경기도 재난안전본부 소방행정과","경기도 구리소방서","","1998-07-09","매입","비상급수시설","2008-03-07","","경기도 구리시 교문동  354 - 6"
2015,126072,"공작물","행정재산","공용재산","일반","미등록","미등록",1,NA,3e+06,3e+06,"경기도 재난안전본부 소방행정과","경기도 구리소방서","","1998-07-09","매입","비상급수시설","2008-03-07","","경기도 구리시 교문동  354 - 6"
2015,126066,"공작물","행정재산","공용재산","일반","미등록","미등록",1,NA,3e+06,3e+06,"경기도 재난안전본부 소방행정과","경기도 구리소방서","","1998-07-09","매입","비상급수시설","2008-03-07","","경기도 구리시 교문동  354 - 6"
2015,126065,"공작물","행정재산","공용재산","일반","미등록","미등록",1,NA,3e+06,3e+06,"경기도 재난안전본부 소방행정과","경기도 구리소방서","","1998-07-09","매입","비상급수시설","2008-03-07","","경기도 구리시 교문동  354 - 6"
2015,126064,"공작물","행정재산","공용재산","일반","미등록","미등록",1,NA,3e+06,3e+06,"경기도 재난안전본부 소방행정과","경기도 구리소방서","","1998-07-09","매입","비상급수시설","2008-03-07","","경기도 구리시 교문동  354 - 6"
2015,126062,"공작물","행정재산","공용재산","일반","미등록","미등록",1,NA,3e+06,3e+06,"경기도 재난안전본부 소방행정과","경기도 구리소방서","","1998-07-09","매입","비상급수시설","2008-03-07","","경기도 구리시 교문동  354 - 6"
2015,126063,"공작물","행정재산","공용재산","일반","미등록","미등록",1,NA,3e+06,3e+06,"경기도 재난안전본부 소방행정과","경기도 구리소방서","","1998-07-09","매입","비상급수시설","2008-03-07","","경기도 구리시 교문동  354 - 6"
2015,126073,"공작물","행정재산","공용재산","일반","미등록","미등록",1,NA,3e+06,3e+06,"경기도 재난안전본부 소방행정과","경기도 구리소방서","","1998-07-09","매입","비상급수시설","2008-03-07","","경기도 구리시 교문동  354 - 6"
2015,126165,"공작물","행정재산","공용재산","일반","미등록","미등록",1,NA,3e+06,3e+06,"경기도 재난안전본부 소방행정과","경기도 구리소방서","","2003-11-01","매입","비상급수시설","2008-03-07","","경기도 구리시 수택동  336 - 1"
2015,126124,"공작물","행정재산","공용재산","일반","미등록","미등록",1,NA,3e+06,3e+06,"경기도 재난안전본부 소방행정과","경기도 구리소방서","","2006-11-21","매입","비상급수시설","2008-03-07","","경기도 구리시 수택동  360 - 19"
2015,126195,"공작물","행정재산","공용재산","일반","미등록","미등록",1,NA,3e+06,3e+06,"경기도 재난안전본부 소방행정과","경기도 구리소방서","","2006-11-21","매입","비상급수시설","2008-03-07","","경기도 구리시 수택동  370"
2015,126196,"공작물","행정재산","공용재산","일반","미등록","미등록",1,NA,3e+06,3e+06,"경기도 재난안전본부 소방행정과","경기도 구리소방서","","2006-11-21","매입","비상급수시설","2008-03-07","","경기도 구리시 수택동  374 - 18"
2015,126125,"공작물","행정재산","공용재산","일반","미등록","미등록",1,NA,3e+06,3e+06,"경기도 재난안전본부 소방행정과","경기도 구리소방서","","1983-01-01","매입","비상급수시설","2008-03-07","","경기도 구리시 수택동  376"
2015,126126,"공작물","행정재산","공용재산","일반","미등록","미등록",1,NA,3e+06,3e+06,"경기도 재난안전본부 소방행정과","경기도 구리소방서","","1983-10-11","매입","비상급수시설","2008-03-07","","경기도 구리시 수택동  376 - 4"
2015,126113,"공작물","행정재산","공용재산","일반","미등록","미등록",1,NA,3e+06,3e+06,"경기도 재난안전본부 소방행정과","경기도 구리소방서","","1981-01-01","매입","비상급수시설","2008-03-07","","경기도 구리시 수택동  376 - 24"
2015,126197,"공작물","행정재산","공용재산","일반","미등록","미등록",1,NA,3e+06,3e+06,"경기도 재난안전본부 소방행정과","경기도 구리소방서","","2006-11-21","매입","비상급수시설","2008-03-07","","경기도 구리시 수택동  377 - 5"
2015,126155,"공작물","행정재산","공용재산","일반","미등록","미등록",1,NA,3e+06,3e+06,"경기도 재난안전본부 소방행정과","경기도 구리소방서","","1996-11-01","매입","비상급수시설","2008-03-07","","경기도 구리시 수택동  380 - 19"
2015,126149,"공작물","행정재산","공용재산","일반","미등록","미등록",1,NA,3e+06,3e+06,"경기도 재난안전본부 소방행정과","경기도 구리소방서","","1994-12-02","매입","비상급수시설","2008-03-07","","경기도 구리시 수택동  380 - 25"
2015,126148,"공작물","행정재산","공용재산","일반","미등록","미등록",1,NA,3e+06,3e+06,"경기도 재난안전본부 소방행정과","경기도 구리소방서","","1994-12-02","매입","비상급수시설","2008-03-07","","경기도 구리시 수택동  380 - 27"
2015,126144,"공작물","행정재산","공용재산","일반","미등록","미등록",1,NA,3e+06,3e+06,"경기도 재난안전본부 소방행정과","경기도 구리소방서","","1994-04-26","매입","비상급수시설","2008-03-07","","경기도 구리시 수택동  405 - 1"
2015,126143,"공작물","행정재산","공용재산","일반","미등록","미등록",1,NA,3e+06,3e+06,"경기도 재난안전본부 소방행정과","경기도 구리소방서","","2003-11-01","매입","비상급수시설","2008-03-07","","경기도 구리시 수택동  417"
2015,126114,"공작물","행정재산","공용재산","일반","미등록","미등록",1,NA,3e+06,3e+06,"경기도 재난안전본부 소방행정과","경기도 구리소방서","","1981-01-01","매입","비상급수시설","2008-03-07","","경기도 구리시 수택동  418 - 9"
2015,126158,"공작물","행정재산","공용재산","일반","미등록","미등록",1,NA,3e+06,3e+06,"경기도 재난안전본부 소방행정과","경기도 구리소방서","","1998-11-11","매입","비상급수시설","2008-03-07","","경기도 구리시 수택동  423 - 20"
2015,126166,"공작물","행정재산","공용재산","일반","미등록","미등록",1,NA,3e+06,3e+06,"경기도 재난안전본부 소방행정과","경기도 구리소방서","","1987-03-05","매입","비상급수시설","2008-03-07","","경기도 구리시 수택동  424 - 19"
2015,126156,"공작물","행정재산","공용재산","일반","미등록","미등록",1,NA,3e+06,3e+06,"경기도 재난안전본부 소방행정과","경기도 구리소방서","","1997-12-13","매입","비상급수시설","2008-03-07","","경기도 구리시 수택동  427 - 13"
2015,126127,"공작물","행정재산","공용재산","일반","미등록","미등록",1,NA,3e+06,3e+06,"경기도 재난안전본부 소방행정과","경기도 구리소방서","","2004-11-01","매입","비상급수시설","2008-03-07","","경기도 구리시 수택동  433 - 52"
2015,126157,"공작물","행정재산","공용재산","일반","미등록","미등록",1,NA,3e+06,3e+06,"경기도 재난안전본부 소방행정과","경기도 구리소방서","","1997-12-13","매입","비상급수시설","2008-03-07","","경기도 구리시 수택동  436"
2015,126082,"공작물","행정재산","공용재산","일반","미등록","미등록",1,NA,3e+06,3e+06,"경기도 재난안전본부 소방행정과","경기도 구리소방서","","1998-07-09","매입","비상급수시설","2008-03-07","","경기도 구리시 교문동  354 - 6"
2015,126083,"공작물","행정재산","공용재산","일반","미등록","미등록",1,NA,3e+06,3e+06,"경기도 재난안전본부 소방행정과","경기도 구리소방서","","1998-07-09","매입","비상급수시설","2008-03-07","","경기도 구리시 교문동  354 - 6"
2015,126097,"공작물","행정재산","공용재산","일반","미등록","미등록",1,NA,3e+06,3e+06,"경기도 재난안전본부 소방행정과","경기도 구리소방서","","1994-04-27","매입","비상급수시설","2008-03-07","","경기도 구리시 교문동  354 - 6"
2015,126170,"공작물","행정재산","공용재산","일반","미등록","미등록",1,NA,3e+06,3e+06,"경기도 재난안전본부 소방행정과","경기도 구리소방서","","2004-04-08","매입","비상급수시설","2008-03-07","","경기도 구리시 토평동  877"
2015,126167,"공작물","행정재산","공용재산","일반","미등록","미등록",1,NA,3e+06,3e+06,"경기도 재난안전본부 소방행정과","경기도 구리소방서","","1999-12-06","매입","비상급수시설","2008-03-07","","경기도 구리시 수택동  273 - 4"
2015,126118,"공작물","행정재산","공용재산","일반","미등록","미등록",1,NA,3e+06,3e+06,"경기도 재난안전본부 소방행정과","경기도 구리소방서","","1983-01-01","매입","비상급수시설","2008-03-07","","경기도 구리시 수택동  290 - 20"
2015,126117,"공작물","행정재산","공용재산","일반","미등록","미등록",1,NA,3e+06,3e+06,"경기도 재난안전본부 소방행정과","경기도 구리소방서","","1993-10-26","매입","비상급수시설","2008-03-07","","경기도 구리시 수택동  328 - 1"
2015,126138,"공작물","행정재산","공용재산","일반","미등록","미등록",1,NA,3e+06,3e+06,"경기도 재난안전본부 소방행정과","경기도 구리소방서","","1994-03-20","매입","비상급수시설","2008-03-07","","경기도 구리시 수택동  853"
2015,126139,"공작물","행정재산","공용재산","일반","미등록","미등록",1,NA,3e+06,3e+06,"경기도 재난안전본부 소방행정과","경기도 구리소방서","","1994-03-20","매입","비상급수시설","2008-03-07","","경기도 구리시 수택동  854 - 2"
2015,126142,"공작물","행정재산","공용재산","일반","미등록","미등록",1,NA,3e+06,3e+06,"경기도 재난안전본부 소방행정과","경기도 구리소방서","","2002-01-09","매입","비상급수시설","2008-03-07","","경기도 구리시 수택동  854 - 3"
2015,126140,"공작물","행정재산","공용재산","일반","미등록","미등록",1,NA,3e+06,3e+06,"경기도 재난안전본부 소방행정과","경기도 구리소방서","","1994-03-20","매입","비상급수시설","2008-03-07","","경기도 구리시 수택동  855"
2015,126141,"공작물","행정재산","공용재산","일반","미등록","미등록",1,NA,3e+06,3e+06,"경기도 재난안전본부 소방행정과","경기도 구리소방서","","2002-01-09","매입","비상급수시설","2008-03-07","","경기도 구리시 수택동  856 - 2"
2015,126168,"공작물","행정재산","공용재산","일반","미등록","미등록",1,NA,3e+06,3e+06,"경기도 재난안전본부 소방행정과","경기도 구리소방서","","2004-04-08","매입","비상급수시설","2008-03-07","","경기도 구리시 수택동  873 - 1"
2015,126172,"공작물","행정재산","공용재산","일반","미등록","미등록",1,NA,3e+06,3e+06,"경기도 재난안전본부 소방행정과","경기도 구리소방서","","2004-04-08","매입","비상급수시설","2008-03-07","","경기도 구리시 수택동  879 - 1"
2015,126173,"공작물","행정재산","공용재산","일반","미등록","미등록",1,NA,3e+06,3e+06,"경기도 재난안전본부 소방행정과","경기도 구리소방서","","2004-04-08","매입","비상급수시설","2008-03-07","","경기도 구리시 수택동  880"
2015,126174,"공작물","행정재산","공용재산","일반","미등록","미등록",1,NA,3e+06,3e+06,"경기도 재난안전본부 소방행정과","경기도 구리소방서","","2004-04-08","매입","비상급수시설","2008-03-07","","경기도 구리시 수택동  882"
2015,158487,"공작물","행정재산","공용재산","일반","미등록","미등록",1,NA,3001000,3001000,"경기도 재난안전본부 소방행정과","경기도 구리소방서","","2010-07-23","신축","지상식소하전","2010-09-27","","경기도 구리시 아천동  380 - 33"
2015,126178,"공작물","행정재산","공용재산","일반","미등록","미등록",1,NA,3e+06,3e+06,"경기도 재난안전본부 소방행정과","경기도 구리소방서","","2004-04-08","매입","비상급수시설","2008-03-07","","경기도 구리시 토평동  659 - 4"
2015,126169,"공작물","행정재산","공용재산","일반","미등록","미등록",1,NA,3e+06,3e+06,"경기도 재난안전본부 소방행정과","경기도 구리소방서","","2004-04-08","매입","비상급수시설","2008-03-07","","경기도 구리시 토평동  876"
2015,126074,"공작물","행정재산","공용재산","일반","미등록","미등록",1,NA,3e+06,3e+06,"경기도 재난안전본부 소방행정과","경기도 구리소방서","","1998-07-09","매입","비상급수시설","2008-03-07","","경기도 구리시 교문동  354 - 6"
2015,126075,"공작물","행정재산","공용재산","일반","미등록","미등록",1,NA,3e+06,3e+06,"경기도 재난안전본부 소방행정과","경기도 구리소방서","","1998-07-09","매입","비상급수시설","2008-03-07","","경기도 구리시 교문동  354 - 6"
2015,126076,"공작물","행정재산","공용재산","일반","미등록","미등록",1,NA,3e+06,3e+06,"경기도 재난안전본부 소방행정과","경기도 구리소방서","","1998-07-09","매입","비상급수시설","2008-03-07","","경기도 구리시 교문동  354 - 6"
2015,126077,"공작물","행정재산","공용재산","일반","미등록","미등록",1,NA,3e+06,3e+06,"경기도 재난안전본부 소방행정과","경기도 구리소방서","","1998-07-09","매입","비상급수시설","2008-03-07","","경기도 구리시 교문동  354 - 6"
2015,126078,"공작물","행정재산","공용재산","일반","미등록","미등록",1,NA,3e+06,3e+06,"경기도 재난안전본부 소방행정과","경기도 구리소방서","","1998-07-09","매입","비상급수시설","2008-03-07","","경기도 구리시 교문동  354 - 6"
2015,126080,"공작물","행정재산","공용재산","일반","미등록","미등록",1,NA,3e+06,3e+06,"경기도 재난안전본부 소방행정과","경기도 구리소방서","","1998-07-09","매입","비상급수시설","2008-03-07","","경기도 구리시 교문동  354 - 6"
2015,126081,"공작물","행정재산","공용재산","일반","미등록","미등록",1,NA,3e+06,3e+06,"경기도 재난안전본부 소방행정과","경기도 구리소방서","","1998-07-09","매입","비상급수시설","2008-03-07","","경기도 구리시 교문동  354 - 6"
2015,126119,"공작물","행정재산","공용재산","일반","미등록","미등록",1,NA,3e+06,3e+06,"경기도 재난안전본부 소방행정과","경기도 구리소방서","","1983-01-01","매입","비상급수시설","2008-03-07","","경기도 구리시 수택동  574 - 38"
2015,126194,"공작물","행정재산","공용재산","일반","미등록","미등록",1,NA,3e+06,3e+06,"경기도 재난안전본부 소방행정과","경기도 구리소방서","","2005-11-02","매입","비상급수시설","2008-03-07","","경기도 구리시 수택동  584 - 8"
2015,126146,"공작물","행정재산","공용재산","일반","미등록","미등록",1,NA,3e+06,3e+06,"경기도 재난안전본부 소방행정과","경기도 구리소방서","","1994-04-26","매입","비상급수시설","2008-03-07","","경기도 구리시 수택동  589"
2015,126160,"공작물","행정재산","공용재산","일반","미등록","미등록",1,NA,3e+06,3e+06,"경기도 재난안전본부 소방행정과","경기도 구리소방서","","2000-09-01","매입","비상급수시설","2008-03-07","","경기도 구리시 수택동  611 - 5"
2015,126152,"공작물","행정재산","공용재산","일반","미등록","미등록",1,NA,3e+06,3e+06,"경기도 재난안전본부 소방행정과","경기도 구리소방서","","2002-04-01","매입","비상급수시설","2008-03-07","","경기도 구리시 수택동  620"
2015,126128,"공작물","행정재산","공용재산","일반","미등록","미등록",1,NA,3e+06,3e+06,"경기도 재난안전본부 소방행정과","경기도 구리소방서","","1985-01-01","매입","비상급수시설","2008-03-07","","경기도 구리시 수택동  652 - 1"
2015,126136,"공작물","행정재산","공용재산","일반","미등록","미등록",1,NA,3e+06,3e+06,"경기도 재난안전본부 소방행정과","경기도 구리소방서","","1994-03-20","매입","비상급수시설","2008-03-07","","경기도 구리시 수택동  697 - 2"
2015,126130,"공작물","행정재산","공용재산","일반","미등록","미등록",1,NA,3e+06,3e+06,"경기도 재난안전본부 소방행정과","경기도 구리소방서","","1994-10-01","매입","비상급수시설","2008-03-07","","경기도 구리시 수택동  754 - 3"
2015,126137,"공작물","행정재산","공용재산","일반","미등록","미등록",1,NA,3e+06,3e+06,"경기도 재난안전본부 소방행정과","경기도 구리소방서","","1994-03-20","매입","비상급수시설","2008-03-07","","경기도 구리시 수택동  849 - 8"
2015,126134,"공작물","행정재산","공용재산","일반","미등록","미등록",1,NA,3e+06,3e+06,"경기도 재난안전본부 소방행정과","경기도 구리소방서","","1994-04-01","매입","비상급수시설","2008-03-07","","경기도 구리시 수택동  850"
2015,126135,"공작물","행정재산","공용재산","일반","미등록","미등록",1,NA,3e+06,3e+06,"경기도 재난안전본부 소방행정과","경기도 구리소방서","","1994-03-20","매입","비상급수시설","2008-03-07","","경기도 구리시 수택동  852"
2015,126133,"공작물","행정재산","공용재산","일반","미등록","미등록",1,NA,3e+06,3e+06,"경기도 재난안전본부 소방행정과","경기도 구리소방서","","1987-01-01","매입","비상급수시설","2008-03-07","","경기도 구리시 수택동  442 - 1"
2015,126131,"공작물","행정재산","공용재산","일반","미등록","미등록",1,NA,3e+06,3e+06,"경기도 재난안전본부 소방행정과","경기도 구리소방서","","1987-01-01","매입","비상급수시설","2008-03-07","","경기도 구리시 수택동  436 - 17"
2015,160929,"공작물","행정재산","공용재산","일반","미등록","미등록",1,NA,992750,992750,"경기도 재난안전본부 소방행정과","경기도 구리소방서","","2011-04-27","매입","비상소화전함","2011-05-17","","경기도 구리시 교문동  354 - 6"
2015,160928,"공작물","행정재산","공용재산","일반","미등록","미등록",1,NA,992750,992750,"경기도 재난안전본부 소방행정과","경기도 구리소방서","","2011-04-27","매입","비상소화전함","2011-05-17","","경기도 구리시 교문동  354 - 6"
2015,160892,"공작물","행정재산","공용재산","일반","미등록","미등록",1,NA,1100000,1100000,"경기도 재난안전본부 소방행정과","경기도 구리소방서","","2011-04-27","신축","소방용수시설","2011-05-16","","경기도 구리시 교문동  354 - 6"
2015,126099,"공작물","행정재산","공용재산","일반","미등록","미등록",1,NA,3e+06,3e+06,"경기도 재난안전본부 소방행정과","경기도 구리소방서","","1995-11-28","매입","비상급수시설","2008-03-07","","경기도 구리시 교문동  354 - 6"
2015,126100,"공작물","행정재산","공용재산","일반","미등록","미등록",1,NA,3e+06,3e+06,"경기도 재난안전본부 소방행정과","경기도 구리소방서","","1998-09-17","매입","비상급수시설","2008-03-07","","경기도 구리시 교문동  354 - 6"
2015,126104,"공작물","행정재산","공용재산","일반","미등록","미등록",1,NA,3e+06,3e+06,"경기도 재난안전본부 소방행정과","경기도 구리소방서","","1989-12-01","매입","비상급수시설","2008-03-07","","경기도 구리시 교문동  354 - 6"
2015,126105,"공작물","행정재산","공용재산","일반","미등록","미등록",1,NA,3e+06,1816000,"경기도 재난안전본부 소방행정과","경기도 구리소방서","","1989-12-01","매입","비상급수시설","2008-03-07","","경기도 구리시 교문동  354 - 6"
2015,126109,"공작물","행정재산","공용재산","일반","미등록","미등록",1,NA,3e+06,3e+06,"경기도 재난안전본부 소방행정과","경기도 구리소방서","","2006-11-21","매입","비상급수시설","2008-03-07","","경기도 구리시 교문동  354 - 6"
2015,126110,"공작물","행정재산","공용재산","일반","미등록","미등록",1,NA,3e+06,3e+06,"경기도 재난안전본부 소방행정과","경기도 구리소방서","","1998-07-09","매입","비상급수시설","2008-03-07","","경기도 구리시 교문동  354 - 6"
2015,126111,"공작물","행정재산","공용재산","일반","미등록","미등록",1,NA,3e+06,3e+06,"경기도 재난안전본부 소방행정과","경기도 구리소방서","","1998-07-09","매입","비상급수시설","2008-03-07","","경기도 구리시 교문동  354 - 6"
2015,126112,"공작물","행정재산","공용재산","일반","미등록","미등록",1,NA,3e+06,3e+06,"경기도 재난안전본부 소방행정과","경기도 구리소방서","","1998-07-09","매입","비상급수시설","2008-03-07","","경기도 구리시 교문동  354 - 6"
2015,148216,"공작물","행정재산","공용재산","일반","미등록","미등록",1,NA,3300000,3300000,"경기도 재난안전본부 소방행정과","경기도 구리소방서","","2009-04-02","매입","설계용역","2009-07-10","","경기도 구리시 교문동  354 - 6"
2015,153655,"공작물","행정재산","공용재산","일반","미등록","미등록",1,NA,1457500,1457500,"경기도 재난안전본부 소방행정과","경기도 구리소방서","","2010-04-26","매입","가스보일러","2010-05-14","","경기도 구리시 교문동  354 - 6"
2015,153656,"공작물","행정재산","공용재산","일반","미등록","미등록",1,NA,1457500,1457500,"경기도 재난안전본부 소방행정과","경기도 구리소방서","","2010-04-26","매입","가스보일러","2010-05-14","","경기도 구리시 교문동  354 - 6"
2015,160891,"공작물","행정재산","공용재산","일반","미등록","미등록",1,NA,55000,55000,"경기도 재난안전본부 소방행정과","경기도 구리소방서","","2011-04-27","신축","소방용수시설","2011-05-16","","경기도 구리시 교문동  354 - 6"
2015,126098,"공작물","행정재산","공용재산","일반","미등록","미등록",1,NA,3e+06,3e+06,"경기도 재난안전본부 소방행정과","경기도 구리소방서","","1994-04-27","매입","비상급수시설","2008-03-07","","경기도 구리시 교문동  354 - 6"
2015,126188,"공작물","행정재산","공용재산","일반","미등록","미등록",1,NA,3e+06,3e+06,"경기도 재난안전본부 소방행정과","경기도 구리소방서","","2004-04-08","매입","비상급수시설","2008-03-07","","경기도 구리시 토평동  1009"
2015,126189,"공작물","행정재산","공용재산","일반","미등록","미등록",1,NA,3e+06,3e+06,"경기도 재난안전본부 소방행정과","경기도 구리소방서","","2004-04-08","매입","비상급수시설","2008-03-07","","경기도 구리시 토평동  1010"
2015,126171,"공작물","행정재산","공용재산","일반","미등록","미등록",1,NA,3e+06,3e+06,"경기도 재난안전본부 소방행정과","경기도 구리소방서","","2004-04-08","매입","비상급수시설","2008-03-07","","경기도 구리시 토평동  878"
2015,126175,"공작물","행정재산","공용재산","일반","미등록","미등록",1,NA,3e+06,3e+06,"경기도 재난안전본부 소방행정과","경기도 구리소방서","","2004-04-08","매입","비상급수시설","2008-03-07","","경기도 구리시 토평동  955"
2015,126176,"공작물","행정재산","공용재산","일반","미등록","미등록",1,NA,3e+06,3e+06,"경기도 재난안전본부 소방행정과","경기도 구리소방서","","2004-04-08","매입","비상급수시설","2008-03-07","","경기도 구리시 토평동  955 - 2"
2015,126177,"공작물","행정재산","공용재산","일반","미등록","미등록",1,NA,3e+06,3e+06,"경기도 재난안전본부 소방행정과","경기도 구리소방서","","2004-04-08","매입","비상급수시설","2008-03-07","","경기도 구리시 토평동  955 - 3"
2015,126179,"공작물","행정재산","공용재산","일반","미등록","미등록",1,NA,3e+06,3e+06,"경기도 재난안전본부 소방행정과","경기도 구리소방서","","2004-04-08","매입","비상급수시설","2008-03-07","","경기도 구리시 토평동  961"
2015,126180,"공작물","행정재산","공용재산","일반","미등록","미등록",1,NA,3e+06,3e+06,"경기도 재난안전본부 소방행정과","경기도 구리소방서","","2004-04-08","매입","비상급수시설","2008-03-07","","경기도 구리시 토평동  963"
2015,126181,"공작물","행정재산","공용재산","일반","미등록","미등록",1,NA,3e+06,3e+06,"경기도 재난안전본부 소방행정과","경기도 구리소방서","","2004-04-08","매입","비상급수시설","2008-03-07","","경기도 구리시 토평동  966 - 4"
2015,126182,"공작물","행정재산","공용재산","일반","미등록","미등록",1,NA,3e+06,3e+06,"경기도 재난안전본부 소방행정과","경기도 구리소방서","","2004-04-08","매입","비상급수시설","2008-03-07","","경기도 구리시 토평동  967"
2015,126183,"공작물","행정재산","공용재산","일반","미등록","미등록",1,NA,3e+06,3e+06,"경기도 재난안전본부 소방행정과","경기도 구리소방서","","2004-04-08","매입","비상급수시설","2008-03-07","","경기도 구리시 토평동  976 - 8"
2015,126184,"공작물","행정재산","공용재산","일반","미등록","미등록",1,NA,3e+06,3e+06,"경기도 재난안전본부 소방행정과","경기도 구리소방서","","2004-04-08","매입","비상급수시설","2008-03-07","","경기도 구리시 토평동  989"
2015,126185,"공작물","행정재산","공용재산","일반","미등록","미등록",1,NA,3e+06,3e+06,"경기도 재난안전본부 소방행정과","경기도 구리소방서","","2004-04-08","매입","비상급수시설","2008-03-07","","경기도 구리시 토평동  997 - 5"
2015,126186,"공작물","행정재산","공용재산","일반","미등록","미등록",1,NA,3e+06,3e+06,"경기도 재난안전본부 소방행정과","경기도 구리소방서","","2004-04-08","매입","비상급수시설","2008-03-07","","경기도 구리시 토평동  1004"
2015,126187,"공작물","행정재산","공용재산","일반","미등록","미등록",1,NA,3e+06,3e+06,"경기도 재난안전본부 소방행정과","경기도 구리소방서","","2004-04-08","매입","비상급수시설","2008-03-07","","경기도 구리시 토평동  1008"
2015,126101,"공작물","행정재산","공용재산","일반","미등록","미등록",1,NA,3e+06,3e+06,"경기도 재난안전본부 소방행정과","경기도 구리소방서","","2000-08-17","매입","비상급수시설","2008-03-07","","경기도 구리시 갈매동  293"
2015,126103,"공작물","행정재산","공용재산","일반","미등록","미등록",1,NA,3e+06,3e+06,"경기도 재난안전본부 소방행정과","경기도 구리소방서","","2002-10-01","매입","비상급수시설","2008-03-07","","경기도 구리시 갈매동  408"
2015,126106,"공작물","행정재산","공용재산","일반","미등록","미등록",1,NA,3e+06,3e+06,"경기도 재난안전본부 소방행정과","경기도 구리소방서","","2004-10-22","매입","비상급수시설","2008-03-07","","경기도 구리시 사노동  80 - 1"
2015,183159,"공작물","행정재산","공용재산","일반","미등록","미등록",1,NA,3703000,3703000,"경기도 재난안전본부 소방행정과","경기도 구리소방서 현장대응단","","2013-10-14","신축","지상식소화전(신설)","2013-10-21","","경기도 구리시 사노동  241"
2015,126107,"공작물","행정재산","공용재산","일반","미등록","미등록",1,NA,3e+06,3e+06,"경기도 재난안전본부 소방행정과","경기도 구리소방서","","2004-10-22","매입","비상급수시설","2008-03-07","","경기도 구리시 사노동  352 - 7"
2015,126046,"공작물","행정재산","공용재산","산","미등록","미등록",1,NA,3e+06,3e+06,"경기도 재난안전본부 소방행정과","경기도 구리소방서","","1992-08-20","매입","비상급수시설","2008-03-07","","경기도 구리시 인창동  2 - 123"
2015,183158,"공작물","행정재산","공용재산","일반","미등록","미등록",1,NA,1930000,1930000,"경기도 재난안전본부 소방행정과","경기도 구리소방서 현장대응단","","2013-10-14","신축","지상식소화전","2013-10-21","","경기도 구리시 인창동  30 - 15"
2015,179199,"공작물","행정재산","공용재산","일반","미등록","미등록",1,NA,3300000,3300000,"경기도 재난안전본부 소방행정과","경기도 구리소방서","","2012-05-11","신축","소방용수시설(지상식소화전)","2013-01-03","","경기도 구리시 인창동  276 - 5"
2015,126096,"공작물","행정재산","공용재산","일반","미등록","미등록",1,NA,3e+06,3e+06,"경기도 재난안전본부 소방행정과","경기도 구리소방서","","2006-12-04","매입","비상급수시설","2008-03-07","","경기도 구리시 갈매동  166 - 4"
2015,126102,"공작물","행정재산","공용재산","일반","미등록","미등록",1,NA,3e+06,3e+06,"경기도 재난안전본부 소방행정과","경기도 구리소방서","","2001-08-01","매입","비상급수시설","2008-03-07","","경기도 구리시 갈매동  2 - 130"
2015,138848,"공작물","행정재산","공용재산","일반","미등록","미등록",1,NA,16861500,16861500,"경기도 재난안전본부 소방행정과","경기도 구리소방서","","2007-11-26","매입","화재진압시설","2008-03-07","","경기도 구리시 교문동  423"
2015,151098,"공작물","행정재산","공용재산","일반","미등록","미등록",1,NA,3119380,3119380,"경기도 재난안전본부 소방행정과","경기도 구리소방서","","2009-06-18","신축","소화전","2010-01-12","","경기도 구리시 교문동  471 - 10"
2015,151106,"공작물","행정재산","공용재산","특수","미등록","미등록",1,NA,3119380,3119380,"경기도 재난안전본부 소방행정과","경기도 구리소방서","","2009-06-18","신축","소화전","2010-01-13","","경기도 구리시 교문동  471 - 10"
2015,151107,"공작물","행정재산","공용재산","특수","미등록","미등록",1,NA,3119380,3119380,"경기도 재난안전본부 소방행정과","경기도 구리소방서","","2009-06-18","신축","소화전","2010-01-13","","경기도 구리시 교문동  471 - 10"
2015,151108,"공작물","행정재산","공용재산","특수","미등록","미등록",1,NA,3119380,3119380,"경기도 재난안전본부 소방행정과","경기도 구리소방서","","2009-06-18","신축","소화전","2010-01-13","","경기도 구리시 교문동  471 - 10"
2015,151109,"공작물","행정재산","공용재산","일반","미등록","미등록",1,NA,3119380,3119380,"경기도 재난안전본부 소방행정과","경기도 구리소방서","","2009-06-18","신축","소화전","2010-01-13","","경기도 구리시 교문동  471 - 10"
2015,151110,"공작물","행정재산","공용재산","일반","미등록","미등록",1,NA,3119380,3119380,"경기도 재난안전본부 소방행정과","경기도 구리소방서","","2009-06-18","신축","소화전","2010-01-13","","경기도 구리시 교문동  471 - 10"
2015,151111,"공작물","행정재산","공용재산","일반","미등록","미등록",1,NA,3119380,3119380,"경기도 재난안전본부 소방행정과","경기도 구리소방서","","2009-06-18","신축","소화전","2010-01-13","","경기도 구리시 교문동  471 - 10"
2015,151112,"공작물","행정재산","공용재산","일반","미등록","미등록",1,NA,3119380,3119380,"경기도 재난안전본부 소방행정과","경기도 구리소방서","","2009-06-18","신축","소화전","2010-01-13","","경기도 구리시 교문동  471 - 10"
2015,151113,"공작물","행정재산","공용재산","일반","미등록","미등록",1,NA,3119380,3119380,"경기도 재난안전본부 소방행정과","경기도 구리소방서","","2009-06-18","신축","소화전","2010-01-13","","경기도 구리시 교문동  471 - 10"
2015,151114,"공작물","행정재산","공용재산","일반","미등록","미등록",1,NA,3119380,3119380,"경기도 재난안전본부 소방행정과","경기도 구리소방서","","2009-06-18","신축","소화전","2010-01-13","","경기도 구리시 교문동  471 - 10"
2015,126008,"공작물","행정재산","공용재산","일반","미등록","미등록",1,NA,3e+06,3e+06,"경기도 재난안전본부 소방행정과","경기도 구리소방서","","1993-11-03","매입","비상급수시설","2008-03-07","","경기도 구리시 교문동  662 - 2"
2015,126011,"공작물","행정재산","공용재산","일반","미등록","미등록",1,NA,3e+06,3e+06,"경기도 재난안전본부 소방행정과","경기도 구리소방서","","1994-04-26","매입","비상급수시설","2008-03-07","","경기도 구리시 교문동  731 - 6"
2015,126012,"공작물","행정재산","공용재산","일반","미등록","미등록",1,NA,3e+06,3e+06,"경기도 재난안전본부 소방행정과","경기도 구리소방서","","1994-04-26","매입","비상급수시설","2008-03-07","","경기도 구리시 교문동  731 - 7"
2015,126013,"공작물","행정재산","공용재산","일반","미등록","미등록",1,NA,3e+06,3e+06,"경기도 재난안전본부 소방행정과","경기도 구리소방서","","1994-04-26","매입","비상급수시설","2008-03-07","","경기도 구리시 교문동  734"
2015,126035,"공작물","행정재산","공용재산","일반","미등록","미등록",1,NA,3e+06,3e+06,"경기도 재난안전본부 소방행정과","경기도 구리소방서","","1994-03-16","매입","비상급수시설","2008-03-07","","경기도 구리시 교문동  736 - 2"
2015,125998,"공작물","행정재산","공용재산","일반","미등록","미등록",1,NA,3e+06,3e+06,"경기도 재난안전본부 소방행정과","경기도 구리소방서","","1992-08-01","매입","비상급수시설","2008-03-07","","경기도 구리시 교문동  739"
2015,126090,"공작물","행정재산","공용재산","일반","미등록","미등록",1,NA,3e+06,3e+06,"경기도 재난안전본부 소방행정과","경기도 구리소방서","","2001-08-01","매입","비상급수시설","2008-03-07","","경기도 구리시 인창동  303 - 3"
2015,126094,"공작물","행정재산","공용재산","일반","미등록","미등록",1,NA,3e+06,3e+06,"경기도 재난안전본부 소방행정과","경기도 구리소방서","","2004-10-21","매입","비상급수시설","2008-03-07","","경기도 구리시 인창동  309 - 19"
2015,126108,"공작물","행정재산","공용재산","일반","미등록","미등록",1,NA,3e+06,3e+06,"경기도 재난안전본부 소방행정과","경기도 구리소방서","","2006-11-21","매입","비상급수시설","2008-03-07","","경기도 구리시 인창동  309 - 45"
2015,126059,"공작물","행정재산","공용재산","일반","미등록","미등록",1,NA,3e+06,3e+06,"경기도 재난안전본부 소방행정과","경기도 구리소방서","","1995-11-28","매입","비상급수시설","2008-03-07","","경기도 구리시 인창동  313 - 40"
2015,161952,"공작물","행정재산","공용재산","일반","미등록","미등록",1,NA,8510000,8510000,"경기도 재난안전본부 소방행정과","경기도 구리소방서 소방행정과","","2011-05-30","신축","소방용수시설","2011-06-03","","경기도 구리시 교문동  354 - 6"
2015,126030,"공작물","행정재산","공용재산","일반","미등록","미등록",1,NA,3e+06,3e+06,"경기도 재난안전본부 소방행정과","경기도 구리소방서","","1994-03-16","매입","비상급수시설","2008-03-07","","경기도 구리시 교문동  373 - 14"
2015,126051,"공작물","행정재산","공용재산","일반","미등록","미등록",1,NA,3e+06,3e+06,"경기도 재난안전본부 소방행정과","경기도 구리소방서","","1992-08-20","매입","비상급수시설","2008-03-07","","경기도 구리시 인창동  562 - 11"
2015,126057,"공작물","행정재산","공용재산","일반","미등록","미등록",1,NA,3e+06,3e+06,"경기도 재난안전본부 소방행정과","경기도 구리소방서","","1994-04-26","매입","비상급수시설","2008-03-07","","경기도 구리시 인창동  576 - 49"
2015,126055,"공작물","행정재산","공용재산","일반","미등록","미등록",1,NA,3e+06,3e+06,"경기도 재난안전본부 소방행정과","경기도 구리소방서","","1992-08-20","매입","비상급수시설","2008-03-07","","경기도 구리시 인창동  606 - 1"
2015,126056,"공작물","행정재산","공용재산","일반","미등록","미등록",1,NA,3e+06,3e+06,"경기도 재난안전본부 소방행정과","경기도 구리소방서","","1992-08-20","매입","비상급수시설","2008-03-07","","경기도 구리시 인창동  610 - 93"
2015,126091,"공작물","행정재산","공용재산","일반","미등록","미등록",1,NA,3e+06,3e+06,"경기도 재난안전본부 소방행정과","경기도 구리소방서","","2002-10-01","매입","비상급수시설","2008-03-07","","경기도 구리시 인창동  628 - 1"
2015,126088,"공작물","행정재산","공용재산","일반","미등록","미등록",1,NA,3e+06,3e+06,"경기도 재난안전본부 소방행정과","경기도 구리소방서","","1997-10-26","매입","비상급수시설","2008-03-07","","경기도 구리시 인창동  630 - 2"
2015,126054,"공작물","행정재산","공용재산","일반","미등록","미등록",1,NA,3e+06,3e+06,"경기도 재난안전본부 소방행정과","경기도 구리소방서","","1992-08-20","매입","비상급수시설","2008-03-07","","경기도 구리시 인창동  648 - 48"
2015,186034,"공작물","행정재산","공용재산","일반","미등록","미등록",1,NA,3233000,3233000,"경기도 재난안전본부 소방행정과","경기도 구리소방서 현장대응단","","2014-06-25","신축","지상식소화전","2014-06-27","","경기도 구리시 인창동  653 - 22"
2015,126085,"공작물","행정재산","공용재산","일반","미등록","미등록",1,NA,3e+06,3e+06,"경기도 재난안전본부 소방행정과","경기도 구리소방서","","1997-09-09","매입","비상급수시설","2008-03-07","","경기도 구리시 인창동  673 - 3"
2015,126079,"공작물","행정재산","공용재산","일반","미등록","미등록",1,NA,3e+06,3e+06,"경기도 재난안전본부 소방행정과","경기도 구리소방서","","1998-07-09","매입","비상급수시설","2008-03-07","","경기도 구리시 인창동  674 - 1"
2015,126087,"공작물","행정재산","공용재산","일반","미등록","미등록",1,NA,3e+06,3e+06,"경기도 재난안전본부 소방행정과","경기도 구리소방서","","1997-10-25","매입","비상급수시설","2008-03-07","","경기도 구리시 인창동  544 - 12"
2015,126060,"공작물","행정재산","공용재산","일반","미등록","미등록",1,NA,3e+06,3e+06,"경기도 재난안전본부 소방행정과","경기도 구리소방서","","1995-11-28","매입","비상급수시설","2008-03-07","","경기도 구리시 인창동  539 - 125"
2015,126086,"공작물","행정재산","공용재산","일반","미등록","미등록",1,NA,3e+06,3e+06,"경기도 재난안전본부 소방행정과","경기도 구리소방서","","1998-10-22","매입","비상급수시설","2008-03-07","","경기도 구리시 인창동  401 - 5"
2015,126095,"공작물","행정재산","공용재산","일반","미등록","미등록",1,NA,3e+06,3e+06,"경기도 재난안전본부 소방행정과","경기도 구리소방서","","2004-10-21","매입","비상급수시설","2008-03-07","","경기도 구리시 인창동  410 - 17"
2015,126058,"공작물","행정재산","공용재산","일반","미등록","미등록",1,NA,3e+06,3e+06,"경기도 재난안전본부 소방행정과","경기도 구리소방서","","1994-04-26","매입","비상급수시설","2008-03-07","","경기도 구리시 인창동  458 - 3"
2015,126089,"공작물","행정재산","공용재산","일반","미등록","미등록",1,NA,3e+06,3e+06,"경기도 재난안전본부 소방행정과","경기도 구리소방서","","2005-01-01","매입","비상급수시설","2008-03-07","","경기도 구리시 인창동  463"
2015,183157,"공작물","행정재산","공용재산","일반","미등록","미등록",1,NA,1349000,1349000,"경기도 재난안전본부 소방행정과","경기도 구리소방서 현장대응단","","2013-10-14","신축","비상소화전함(신설)","2013-10-21","","경기도 구리시 인창동  514 - 34"
2015,126093,"공작물","행정재산","공용재산","일반","미등록","미등록",1,NA,3e+06,3e+06,"경기도 재난안전본부 소방행정과","경기도 구리소방서","","2004-10-21","매입","비상급수시설","2008-03-07","","경기도 구리시 인창동  515 - 34"
2015,126053,"공작물","행정재산","공용재산","일반","미등록","미등록",1,NA,3e+06,3e+06,"경기도 재난안전본부 소방행정과","경기도 구리소방서","","1992-08-20","매입","비상급수시설","2008-03-07","","경기도 구리시 인창동  524 - 3"
2015,126044,"공작물","행정재산","공용재산","일반","미등록","미등록",1,NA,3e+06,3e+06,"경기도 재난안전본부 소방행정과","경기도 구리소방서","","1992-08-20","매입","비상급수시설","2008-03-07","","경기도 구리시 교문동  739"
2015,126014,"공작물","행정재산","공용재산","일반","미등록","미등록",1,NA,3e+06,3e+06,"경기도 재난안전본부 소방행정과","경기도 구리소방서","","1994-04-26","매입","비상급수시설","2008-03-07","","경기도 구리시 교문동  751 - 1"
2015,126015,"공작물","행정재산","공용재산","일반","미등록","미등록",1,NA,3e+06,3e+06,"경기도 재난안전본부 소방행정과","경기도 구리소방서","","1994-04-26","매입","비상급수시설","2008-03-07","","경기도 구리시 교문동  758 - 9"
2015,126018,"공작물","행정재산","공용재산","일반","미등록","미등록",1,NA,3e+06,3e+06,"경기도 재난안전본부 소방행정과","경기도 구리소방서","","1994-04-26","매입","비상급수시설","2008-03-07","","경기도 구리시 교문동  758 - 17"
2015,126084,"공작물","행정재산","공용재산","일반","미등록","미등록",1,NA,3e+06,3e+06,"경기도 재난안전본부 소방행정과","경기도 구리소방서","","1998-07-09","매입","비상급수시설","2008-03-07","","경기도 구리시 인창동  678 - 8"
2015,126027,"공작물","행정재산","공용재산","일반","미등록","미등록",1,NA,3e+06,3e+06,"경기도 재난안전본부 소방행정과","경기도 구리소방서","","2001-11-10","매입","비상급수시설","2008-03-07","","경기도 구리시 교문동  808 - 3"
2015,126028,"공작물","행정재산","공용재산","일반","미등록","미등록",1,NA,3e+06,3e+06,"경기도 재난안전본부 소방행정과","경기도 구리소방서","","1994-03-16","매입","비상급수시설","2008-03-07","","경기도 구리시 교문동  809"
2015,126029,"공작물","행정재산","공용재산","일반","미등록","미등록",1,NA,3e+06,3e+06,"경기도 재난안전본부 소방행정과","경기도 구리소방서","","1994-03-16","매입","비상급수시설","2008-03-07","","경기도 구리시 교문동  809 - 1"
2015,126037,"공작물","행정재산","공용재산","일반","미등록","미등록",1,NA,3e+06,3e+06,"경기도 재난안전본부 소방행정과","경기도 구리소방서","","2004-03-30","매입","비상급수시설","2008-03-07","","경기도 구리시 교문동  820 - 1"
2015,126038,"공작물","행정재산","공용재산","일반","미등록","미등록",1,NA,3e+06,3e+06,"경기도 재난안전본부 소방행정과","경기도 구리소방서","","2004-03-30","매입","비상급수시설","2008-03-07","","경기도 구리시 교문동  822"
2015,126039,"공작물","행정재산","공용재산","일반","미등록","미등록",1,NA,3e+06,3e+06,"경기도 재난안전본부 소방행정과","경기도 구리소방서","","2004-03-30","매입","비상급수시설","2008-03-07","","경기도 구리시 교문동  823"
2015,126147,"공작물","행정재산","공용재산","일반","미등록","미등록",1,NA,3e+06,3e+06,"경기도 재난안전본부 소방행정과","경기도 구리소방서","","1994-04-26","매입","비상급수시설","2008-03-07","","경기도 구리시 수택동  261 - 1"
2015,126041,"공작물","행정재산","공용재산","일반","미등록","미등록",1,NA,3e+06,3e+06,"경기도 재난안전본부 소방행정과","경기도 구리소방서","","2005-12-05","매입","비상급수시설","2008-03-07","","경기도 구리시 교문동  760"
2015,126020,"공작물","행정재산","공용재산","일반","미등록","미등록",1,NA,3e+06,3e+06,"경기도 재난안전본부 소방행정과","경기도 구리소방서","","1994-04-26","매입","비상급수시설","2008-03-07","","경기도 구리시 교문동  764 - 10"
2015,126045,"공작물","행정재산","공용재산","일반","미등록","미등록",1,NA,3e+06,3e+06,"경기도 재난안전본부 소방행정과","경기도 구리소방서","","1992-08-20","매입","비상급수시설","2008-03-07","","경기도 구리시 교문동  765 - 3"
2015,126019,"공작물","행정재산","공용재산","일반","미등록","미등록",1,NA,3e+06,3e+06,"경기도 재난안전본부 소방행정과","경기도 구리소방서","","1994-04-26","매입","비상급수시설","2008-03-07","","경기도 구리시 교문동  766"
2015,125999,"공작물","행정재산","공용재산","일반","미등록","미등록",1,NA,3e+06,3e+06,"경기도 재난안전본부 소방행정과","경기도 구리소방서","","1992-08-01","매입","비상급수시설","2008-03-07","","경기도 구리시 교문동  766 - 1"
2015,126016,"공작물","행정재산","공용재산","일반","미등록","미등록",1,NA,3e+06,3e+06,"경기도 재난안전본부 소방행정과","경기도 구리소방서","","1994-04-26","매입","비상급수시설","2008-03-07","","경기도 구리시 교문동  766 - 1"
2015,126017,"공작물","행정재산","공용재산","일반","미등록","미등록",1,NA,3e+06,3e+06,"경기도 재난안전본부 소방행정과","경기도 구리소방서","","1994-04-26","매입","비상급수시설","2008-03-07","","경기도 구리시 교문동  766 - 1"
2015,126021,"공작물","행정재산","공용재산","일반","미등록","미등록",1,NA,3e+06,3e+06,"경기도 재난안전본부 소방행정과","경기도 구리소방서","","1994-03-01","매입","비상급수시설","2008-03-07","","경기도 구리시 교문동  800 - 9"
2015,126022,"공작물","행정재산","공용재산","일반","미등록","미등록",1,NA,3e+06,3e+06,"경기도 재난안전본부 소방행정과","경기도 구리소방서","","2000-05-13","매입","비상급수시설","2008-03-07","","경기도 구리시 교문동  806 - 4"
2015,126024,"공작물","행정재산","공용재산","일반","미등록","미등록",1,NA,3e+06,3e+06,"경기도 재난안전본부 소방행정과","경기도 구리소방서","","1994-04-26","매입","비상급수시설","2008-03-07","","경기도 구리시 교문동  808"
2015,126025,"공작물","행정재산","공용재산","일반","미등록","미등록",1,NA,3e+06,3e+06,"경기도 재난안전본부 소방행정과","경기도 구리소방서","","1994-03-16","매입","비상급수시설","2008-03-07","","경기도 구리시 교문동  808"
2015,126026,"공작물","행정재산","공용재산","일반","미등록","미등록",1,NA,3e+06,3e+06,"경기도 재난안전본부 소방행정과","경기도 구리소방서","","2001-11-10","매입","비상급수시설","2008-03-07","","경기도 구리시 교문동  808"
2015,126023,"공작물","행정재산","공용재산","일반","미등록","미등록",1,NA,3e+06,3e+06,"경기도 재난안전본부 소방행정과","경기도 구리소방서","","1994-03-16","매입","비상급수시설","2008-03-07","","경기도 구리시 교문동  808 - 1"
2015,126092,"공작물","행정재산","공용재산","일반","미등록","미등록",1,NA,3e+06,3e+06,"경기도 재난안전본부 소방행정과","경기도 구리소방서","","2003-11-10","매입","비상급수시설","2008-03-07","","경기도 구리시 인창동  696 - 2"
2015,126052,"공작물","행정재산","공용재산","일반","미등록","미등록",1,NA,3e+06,3e+06,"경기도 재난안전본부 소방행정과","경기도 구리소방서","","1992-08-20","매입","비상급수시설","2008-03-07","","경기도 구리시 인창동  5452"
2015,145076,"공작물","행정재산","공용재산","특수","미등록","미등록",1,NA,36461500,36461500,"경기도 재난안전본부 소방행정과","경기도 구리소방서","","2008-11-26","매입","소화전","2009-03-05","","경기도 구리시 교문동  1 - 1"
2015,126040,"공작물","행정재산","공용재산","일반","미등록","미등록",1,NA,3e+06,3e+06,"경기도 재난안전본부 소방행정과","경기도 구리소방서","","2004-10-22","매입","비상급수시설","2008-03-07","","경기도 구리시 교문동  115"
2015,126031,"공작물","행정재산","공용재산","일반","미등록","미등록",1,NA,3e+06,3e+06,"경기도 재난안전본부 소방행정과","경기도 구리소방서","","1994-03-16","매입","비상급수시설","2008-03-07","","경기도 구리시 교문동  149 - 6"
2015,126006,"공작물","행정재산","공용재산","일반","미등록","미등록",1,NA,3e+06,3e+06,"경기도 재난안전본부 소방행정과","경기도 구리소방서","","1981-08-15","매입","비상급수시설","2008-03-07","","경기도 구리시 교문동  202 - 6"
2015,126042,"공작물","행정재산","공용재산","일반","미등록","미등록",1,NA,3e+06,3e+06,"경기도 재난안전본부 소방행정과","경기도 구리소방서","","2006-11-21","매입","비상급수시설","2008-03-07","","경기도 구리시 교문동  220 - 2"
2015,126007,"공작물","행정재산","공용재산","일반","미등록","미등록",1,NA,3e+06,3e+06,"경기도 재난안전본부 소방행정과","경기도 구리소방서","","1981-08-15","매입","비상급수시설","2008-03-07","","경기도 구리시 교문동  227"
2015,126002,"공작물","행정재산","공용재산","일반","미등록","미등록",1,NA,3e+06,3e+06,"경기도 재난안전본부 소방행정과","경기도 구리소방서","","1987-02-14","매입","비상급수시설","2008-03-07","","경기도 구리시 교문동  316 - 3"
2015,179198,"공작물","행정재산","공용재산","일반","미등록","미등록",1,NA,3300000,3300000,"경기도 재난안전본부 소방행정과","경기도 구리소방서","","2012-05-11","신축","소방용수시설(지상식소화전)","2013-01-03","","경기도 구리시 교문동  320 - 4"
2015,126032,"공작물","행정재산","공용재산","일반","미등록","미등록",1,NA,3e+06,3e+06,"경기도 재난안전본부 소방행정과","경기도 구리소방서","","1998-09-30","매입","비상급수시설","2008-03-07","","경기도 구리시 교문동  327 - 30"
2015,126003,"공작물","행정재산","공용재산","일반","미등록","미등록",1,NA,3e+06,3e+06,"경기도 재난안전본부 소방행정과","경기도 구리소방서","","1992-08-20","매입","비상급수시설","2008-03-07","","경기도 구리시 교문동  328 - 87"
2015,126009,"공작물","행정재산","공용재산","일반","미등록","미등록",1,NA,3e+06,3e+06,"경기도 재난안전본부 소방행정과","경기도 구리소방서","","1994-03-16","매입","비상급수시설","2008-03-07","","경기도 구리시 교문동  339 - 33"
2015,126043,"공작물","행정재산","공용재산","일반","미등록","미등록",1,NA,3e+06,3e+06,"경기도 재난안전본부 소방행정과","경기도 구리소방서","","2006-11-21","매입","비상급수시설","2008-03-07","","경기도 구리시 교문동  260 - 2"
2015,126005,"공작물","행정재산","공용재산","일반","미등록","미등록",1,NA,3e+06,3e+06,"경기도 재난안전본부 소방행정과","경기도 구리소방서","","1995-08-15","매입","비상급수시설","2008-03-07","","경기도 구리시 교문동  276 - 9"
2015,126034,"공작물","행정재산","공용재산","일반","미등록","미등록",1,NA,3e+06,3e+06,"경기도 재난안전본부 소방행정과","경기도 구리소방서","","2000-08-02","매입","비상급수시설","2008-03-07","","경기도 구리시 교문동  302 - 23"
2015,126001,"공작물","행정재산","공용재산","일반","미등록","미등록",1,NA,3e+06,3e+06,"경기도 재난안전본부 소방행정과","경기도 구리소방서","","1980-04-25","매입","비상급수시설","2008-03-07","","경기도 구리시 교문동  306 - 2"
2015,126010,"공작물","행정재산","공용재산","일반","미등록","미등록",1,NA,3e+06,3e+06,"경기도 재난안전본부 소방행정과","경기도 구리소방서","","1994-04-26","매입","비상급수시설","2008-03-07","","경기도 구리시 교문동  315 - 19"
2015,126129,"공작물","행정재산","공용재산","일반","미등록","미등록",1,NA,3e+06,3e+06,"경기도 재난안전본부 소방행정과","경기도 구리소방서","","1983-01-01","매입","비상급수시설","2008-03-07","","경기도 구리시 수택동  444 - 14"
2015,126115,"공작물","행정재산","공용재산","일반","미등록","미등록",1,NA,3e+06,3e+06,"경기도 재난안전본부 소방행정과","경기도 구리소방서","","1983-01-01","매입","비상급수시설","2008-03-07","","경기도 구리시 수택동  454 - 14"
2015,126033,"공작물","행정재산","공용재산","일반","미등록","미등록",1,NA,3e+06,3e+06,"경기도 재난안전본부 소방행정과","경기도 구리소방서","","1995-10-01","매입","비상급수시설","2008-03-07","","경기도 구리시 교문동  339 - 40"
2015,126036,"공작물","행정재산","공용재산","일반","미등록","미등록",1,NA,3e+06,3e+06,"경기도 재난안전본부 소방행정과","경기도 구리소방서","","2003-10-01","매입","비상급수시설","2008-03-07","","경기도 구리시 교문동  339 - 40"
2015,126004,"공작물","행정재산","공용재산","일반","미등록","미등록",1,NA,3e+06,3e+06,"경기도 재난안전본부 소방행정과","경기도 구리소방서","","1990-12-03","매입","비상급수시설","2008-03-07","","경기도 구리시 교문동  340 - 2"
2015,97711,"공작물","행정재산","공용재산","일반","미등록","미등록",1,NA,14983800,14984000,"경기도 재난안전본부 소방행정과","경기도 구리소방서 소방행정과","","1989-11-23","신축","옹벽","2008-01-04","","경기도 구리시 교문동  354 - 6"
2015,97712,"공작물","행정재산","공용재산","일반","미등록","미등록",1,NA,1816080,1816080,"경기도 재난안전본부 소방행정과","경기도 구리소방서 소방행정과","","1990-12-31","신축","휀스","2008-01-04","","경기도 구리시 교문동  354 - 6"
2015,126000,"공작물","행정재산","공용재산","일반","미등록","미등록",1,NA,3e+06,3e+06,"경기도 재난안전본부 소방행정과","경기도 구리소방서","","1994-07-06","매입","비상급수시설","2008-03-07","","경기도 구리시 교문동  354 - 6"
2015,126163,"공작물","행정재산","공용재산","일반","미등록","미등록",1,NA,3e+06,3e+06,"경기도 재난안전본부 소방행정과","경기도 구리소방서","","2002-10-10","매입","비상급수시설","2008-03-07","","경기도 구리시 수택동  556"
2015,126191,"공작물","행정재산","공용재산","일반","미등록","미등록",1,NA,3e+06,3e+06,"경기도 재난안전본부 소방행정과","경기도 구리소방서","","2004-10-30","매입","비상급수시설","2008-03-07","","경기도 구리시 수택동  454 - 20"
2015,126190,"공작물","행정재산","공용재산","일반","미등록","미등록",1,NA,3e+06,3e+06,"경기도 재난안전본부 소방행정과","경기도 구리소방서","","2004-10-30","매입","비상급수시설","2008-03-07","","경기도 구리시 수택동  454 - 32"
2015,126192,"공작물","행정재산","공용재산","일반","미등록","미등록",1,NA,3e+06,3e+06,"경기도 재난안전본부 소방행정과","경기도 구리소방서","","2004-10-30","매입","비상급수시설","2008-03-07","","경기도 구리시 수택동  460 - 10"
2015,126198,"공작물","행정재산","공용재산","일반","미등록","미등록",1,NA,3e+06,3e+06,"경기도 재난안전본부 소방행정과","경기도 구리소방서","","2006-11-21","매입","비상급수시설","2008-03-07","","경기도 구리시 수택동  477"
2015,126132,"공작물","행정재산","공용재산","일반","미등록","미등록",1,NA,3e+06,3e+06,"경기도 재난안전본부 소방행정과","경기도 구리소방서","","2002-10-10","매입","비상급수시설","2008-03-07","","경기도 구리시 수택동  479"
2015,126154,"공작물","행정재산","공용재산","일반","미등록","미등록",1,NA,3e+06,3e+06,"경기도 재난안전본부 소방행정과","경기도 구리소방서","","1996-11-01","매입","비상급수시설","2008-03-07","","경기도 구리시 수택동  481"
2015,126161,"공작물","행정재산","공용재산","일반","미등록","미등록",1,NA,3e+06,3e+06,"경기도 재난안전본부 소방행정과","경기도 구리소방서","","2000-09-01","매입","비상급수시설","2008-03-07","","경기도 구리시 수택동  481"
2015,126116,"공작물","행정재산","공용재산","일반","미등록","미등록",1,NA,3e+06,3e+06,"경기도 재난안전본부 소방행정과","경기도 구리소방서","","1993-10-25","매입","비상급수시설","2008-03-07","","경기도 구리시 수택동  486 - 3"
2015,126193,"공작물","행정재산","공용재산","일반","미등록","미등록",1,NA,3e+06,3e+06,"경기도 재난안전본부 소방행정과","경기도 구리소방서","","2004-10-30","매입","비상급수시설","2008-03-07","","경기도 구리시 수택동  489"
2015,126150,"공작물","행정재산","공용재산","일반","미등록","미등록",1,NA,3e+06,3e+06,"경기도 재난안전본부 소방행정과","경기도 구리소방서","","1994-12-02","매입","비상급수시설","2008-03-07","","경기도 구리시 수택동  494 - 14"
2015,126120,"공작물","행정재산","공용재산","일반","미등록","미등록",1,NA,3e+06,3e+06,"경기도 재난안전본부 소방행정과","경기도 구리소방서","","1983-01-01","매입","비상급수시설","2008-03-07","","경기도 구리시 수택동  504 - 8"
2015,126121,"공작물","행정재산","공용재산","일반","미등록","미등록",1,NA,3e+06,3e+06,"경기도 재난안전본부 소방행정과","경기도 구리소방서","","1983-01-01","매입","비상급수시설","2008-03-07","","경기도 구리시 수택동  506 - 9"
2015,126153,"공작물","행정재산","공용재산","일반","미등록","미등록",1,NA,3e+06,3e+06,"경기도 재난안전본부 소방행정과","경기도 구리소방서","","1995-11-01","매입","비상급수시설","2008-03-07","","경기도 구리시 수택동  517"
2015,126151,"공작물","행정재산","공용재산","일반","미등록","미등록",1,NA,3e+06,3e+06,"경기도 재난안전본부 소방행정과","경기도 구리소방서","","1995-11-01","매입","비상급수시설","2008-03-07","","경기도 구리시 수택동  517 - 13"
2015,126162,"공작물","행정재산","공용재산","일반","미등록","미등록",1,NA,3e+06,3e+06,"경기도 재난안전본부 소방행정과","경기도 구리소방서","","2001-07-01","매입","비상급수시설","2008-03-07","","경기도 구리시 수택동  518 - 7"
2015,126164,"공작물","행정재산","공용재산","일반","미등록","미등록",1,NA,3e+06,3e+06,"경기도 재난안전본부 소방행정과","경기도 구리소방서","","2002-10-10","매입","비상급수시설","2008-03-07","","경기도 구리시 수택동  526 - 26"
2015,126123,"공작물","행정재산","공용재산","일반","미등록","미등록",1,NA,3e+06,3e+06,"경기도 재난안전본부 소방행정과","경기도 구리소방서","","1983-01-01","매입","비상급수시설","2008-03-07","","경기도 구리시 수택동  531 - 2"
2015,158486,"공작물","행정재산","공용재산","일반","미등록","미등록",1,NA,3013000,3013000,"경기도 재난안전본부 소방행정과","경기도 구리소방서","","2010-07-23","신축","지상식소화전","2010-09-27","","경기도 구리시 수택동  533"
2015,126159,"공작물","행정재산","공용재산","일반","미등록","미등록",1,NA,3e+06,3e+06,"경기도 재난안전본부 소방행정과","경기도 구리소방서","","1999-12-06","매입","비상급수시설","2008-03-07","","경기도 구리시 수택동  537"
2015,126145,"공작물","행정재산","공용재산","일반","미등록","미등록",1,NA,3e+06,3e+06,"경기도 재난안전본부 소방행정과","경기도 구리소방서","","2004-12-01","매입","비상급수시설","2008-03-07","","경기도 구리시 수택동  550"
2015,126122,"공작물","행정재산","공용재산","일반","미등록","미등록",1,NA,3e+06,3e+06,"경기도 재난안전본부 소방행정과","경기도 구리소방서","","1988-01-01","매입","비상급수시설","2008-03-07","","경기도 구리시 수택동  552 - 1"
2015,126047,"공작물","행정재산","공용재산","일반","미등록","미등록",1,NA,3e+06,3e+06,"경기도 재난안전본부 소방행정과","경기도 구리소방서","","1998-07-09","매입","비상급수시설","2008-03-07","","경기도 구리시 교문동  354 - 6"
2015,126048,"공작물","행정재산","공용재산","일반","미등록","미등록",1,NA,3e+06,3e+06,"경기도 재난안전본부 소방행정과","경기도 구리소방서","","1998-07-09","매입","비상급수시설","2008-03-07","","경기도 구리시 교문동  354 - 6"
2015,126049,"공작물","행정재산","공용재산","일반","미등록","미등록",1,NA,3e+06,3e+06,"경기도 재난안전본부 소방행정과","경기도 구리소방서","","1992-08-20","매입","비상급수시설","2008-03-07","","경기도 구리시 교문동  354 - 6"
2015,126050,"공작물","행정재산","공용재산","일반","미등록","미등록",1,NA,3e+06,3e+06,"경기도 재난안전본부 소방행정과","경기도 구리소방서","","1992-08-20","매입","비상급수시설","2008-03-07","","경기도 구리시 교문동  354 - 6"
2015,126061,"공작물","행정재산","공용재산","일반","미등록","미등록",1,NA,3e+06,3e+06,"경기도 재난안전본부 소방행정과","경기도 구리소방서","","1997-12-17","매입","비상급수시설","2008-03-07","","경기도 구리시 교문동  354 - 6"
2015,180632,"용익물권","행정재산","공용재산","일반","미등록","미등록",1,84.96,2e+08,2e+08,"경기도 재난안전본부 소방행정과","경기도 구리소방서 소방행정과","","2013-04-10","매입","구리소방서 관사 임차","2013-05-24","","경기도 구리시 수택동  684 - 9"
2015,90709,"건물","행정재산","공용재산","일반","미등록","미등록",1,675.21,477485540,477485540,"경기도 재난안전본부 소방행정과","경기도 구리소방서","","1995-06-13","매입","수택파출소","2009-04-13","","경기도 구리시 수택동  494 - 14"
2015,90710,"건물","행정재산","공용재산","일반","미등록","미등록",1,716.4,931300370,676399370,"경기도 재난안전본부 소방행정과","경기도 구리소방서","","1998-05-07","매입","인창파출소","2009-04-13","","경기도 구리시 인창동  673 - 3"
2015,70592,"토지","행정재산","공공용재산","일반","답","답",1,1409,178943000,178943000,"경기도 건설국 도로정책과","","경기도 구리시 안전도시국 건설과","1988-06-09","매입","도  로","2007-07-18","[토지분류코드:GA202][관리대장코드:2505093]","경기도 구리시 인창동  213 - 4"
2015,70424,"토지","행정재산","공공용재산","일반","답","답",1,23,2978500,2978500,"경기도 건설국 하천과","","경기도 구리시 안전도시국 건설과","1988-09-02","매입","유수지","2007-07-18","[토지분류코드:GA202][관리대장코드:2504925]","경기도 구리시 인창동  218 - 1"
2015,70425,"토지","행정재산","공공용재산","일반","전","전",1,1874,242683000,242683000,"경기도 건설국 하천과","","경기도 구리시 안전도시국 건설과","1988-09-02","매입","유수지","2007-07-18","[토지분류코드:GA201][관리대장코드:2504926]","경기도 구리시 인창동  219 - 1"
2015,70426,"토지","행정재산","공공용재산","일반","답","답",1,446,57757000,57757000,"경기도 건설국 하천과","","경기도 구리시 안전도시국 건설과","1988-09-02","매입","유수지","2007-07-18","[토지분류코드:GA202][관리대장코드:2504927]","경기도 구리시 인창동  220 - 1"
2015,70427,"토지","행정재산","공공용재산","일반","답","답",1,982,226187000,226187000,"경기도 건설국 하천과","","경기도 구리시 안전도시국 건설과","1988-05-26","매입","유수지","2007-07-18","[토지분류코드:GA202][관리대장코드:2504928]","경기도 구리시 인창동  221 - 1"
2015,70428,"토지","행정재산","공공용재산","일반","답","답",1,2433,560401000,560401000,"경기도 건설국 하천과","","경기도 구리시 안전도시국 건설과","1990-02-05","매입","유수지","2007-07-18","[토지분류코드:GA202][관리대장코드:2504929]","경기도 구리시 인창동  222 - 3"
2015,70594,"토지","행정재산","공공용재산","일반","답","답",1,551,69977000,69977000,"경기도 건설국 도로정책과","","경기도 구리시 안전도시국 건설과","1989-06-27","매입","도  로","2007-07-18","[토지분류코드:GA202][관리대장코드:2505095]","경기도 구리시 인창동  225 - 20"
2015,70423,"토지","행정재산","공공용재산","일반","답","답",1,475,109408000,109408000,"경기도 건설국 하천과","","경기도 구리시 안전도시국 건설과","1989-08-17","매입","유수지","2007-07-18","[토지분류코드:GA202][관리대장코드:2504924]","경기도 구리시 인창동  211 - 1"
2015,70422,"토지","행정재산","공공용재산","일반","답","답",1,1643,378437000,378437000,"경기도 건설국 하천과","","경기도 구리시 안전도시국 건설과","1989-08-31","매입","유수지","2007-07-18","[토지분류코드:GA202][관리대장코드:2504923]","경기도 구리시 인창동  209 - 1"
2015,70421,"토지","행정재산","공공용재산","일반","잡종지","잡종지",1,2358,539196000,539196000,"경기도 건설국 하천과","","경기도 구리시 안전도시국 건설과","1990-12-22","매입","유수지","2007-07-18","[토지분류코드:GA224][관리대장코드:2504922]","경기도 구리시 인창동  208 - 39"
2015,70413,"토지","행정재산","공공용재산","일반","하천","하천",1,2089,117680000,117680000,"경기도 건설국 하천과","","경기도 구리시 안전도시국 건설과","1995-03-06","매입","제  방","2007-07-18","[토지분류코드:GA213][관리대장코드:2504914]","경기도 구리시 인창동  159 - 3"
2015,70414,"토지","행정재산","공공용재산","일반","하천","하천",1,800,45066000,45066000,"경기도 건설국 하천과","","경기도 구리시 안전도시국 건설과","1995-03-06","매입","제  방","2007-07-18","[토지분류코드:GA213][관리대장코드:2504915]","경기도 구리시 인창동  159 - 4"
2015,70589,"토지","행정재산","공공용재산","일반","도로","도로",1,933,27990000,27990000,"경기도 건설국 도로정책과","","경기도 구리시 안전도시국 건설과","1995-02-10","매입","도  로","2007-07-18","[토지분류코드:][관리대장코드:2505090]","경기도 구리시 인창동  160"
2015,70590,"토지","행정재산","공공용재산","일반","도로","도로",1,719,21570000,21570000,"경기도 건설국 도로정책과","","경기도 구리시 안전도시국 건설과","1995-02-10","매입","도  로","2007-07-18","[토지분류코드:][관리대장코드:2505091]","경기도 구리시 인창동  160 - 6"
2015,70417,"토지","행정재산","공공용재산","일반","제방","제방",1,577,32504000,32504000,"경기도 건설국 하천과","","경기도 구리시 안전도시국 건설과","1995-02-10","매입","제  방","2007-07-18","[토지분류코드:GA214][관리대장코드:2504918]","경기도 구리시 인창동  161 - 7"
2015,70418,"토지","행정재산","공공용재산","일반","제방","제방",1,140,7886000,7886000,"경기도 건설국 하천과","","경기도 구리시 안전도시국 건설과","1995-02-10","매입","제  방","2007-07-18","[토지분류코드:GA214][관리대장코드:2504919]","경기도 구리시 인창동  161 - 8"
2015,70419,"토지","행정재산","공공용재산","일반","전","전",1,252,14196000,14196000,"경기도 건설국 하천과","","경기도 구리시 안전도시국 건설과","1995-02-09","매입","유수지","2007-07-18","[토지분류코드:GA201][관리대장코드:2504920]","경기도 구리시 인창동  166 - 11"
2015,70591,"토지","행정재산","공공용재산","일반","답","답",1,1607,204089000,204089000,"경기도 건설국 도로정책과","","경기도 구리시 안전도시국 건설과","1989-06-27","매입","도  로","2007-07-18","[토지분류코드:GA202][관리대장코드:2505092]","경기도 구리시 인창동  208 - 37"
2015,70420,"토지","행정재산","공공용재산","일반","답","답",1,3073,707814000,707814000,"경기도 건설국 하천과","","경기도 구리시 안전도시국 건설과","1988-06-15","매입","유수지","2007-07-18","[토지분류코드:GA202][관리대장코드:2504921]","경기도 구리시 인창동  208 - 38"
2015,162286,"토지","행정재산","공공용재산","일반","하천","하천",1,75,16875000,16875000,"경기도 건설국 하천과","","경기도 구리시 안전도시국 건설과","2008-08-11","누락재산등록","하천","2011-06-14","","경기도 구리시 갈매동  6 - 23"
2015,115921,"토지","행정재산","공공용재산","일반","답","답",1,272,12566400,12566400,"경기도 건설국 도로정책과","","경기도 구리시 안전도시국 건설과","1983-03-28","매입","","2008-01-17","","경기도 구리시 갈매동  18 - 22"
2015,156191,"토지","행정재산","공공용재산","일반","답","답",1,363,18150000,18150000,"경기도 건설국 도로정책과","","경기도 구리시 안전도시국 건설과","2009-12-14","분할취득","하  천","2007-07-18","[토지분류코드:GA202][관리대장코드:2504828]","경기도 구리시 갈매동  18 - 29"
2015,156193,"토지","행정재산","공공용재산","일반","답","답",1,463,21390600,21390600,"경기도 건설국 도로정책과","","경기도 구리시 안전도시국 건설과","2009-12-14","분할취득","","2008-01-17","","경기도 구리시 갈매동  18 - 31"
2015,166625,"토지","행정재산","공공용재산","일반","답","답",1,161,7438200,7438200,"경기도 건설국 도로정책과","","경기도 구리시 안전도시국 건설과","2010-07-22","분할취득","","2008-01-17","","경기도 구리시 갈매동  18 - 40"
2015,70470,"토지","행정재산","공공용재산","일반","도로","도로",1,91,5824000,5824000,"경기도 건설국 도로정책과","","경기도 구리시 안전도시국 건설과","1985-01-10","매입","도  로","2007-07-18","[토지분류코드:GA211][관리대장코드:2504971]","경기도 구리시 갈매동  19 - 6"
2015,149306,"토지","행정재산","공공용재산","일반","답","답",1,159,112890000,112890000,"경기도 건설국 하천과","","경기도 구리시 안전도시국 건설과","2008-10-21","매입","갈매지구 도시계획도로","2009-11-03","","경기도 구리시 갈매동  19 - 7"
2015,70617,"토지","행정재산","공공용재산","일반","답","답",1,410,1.23e+08,1.23e+08,"경기도 건설국 도로정책과","","경기도 구리시 안전도시국 건설과","1989-10-20","매입","도  로","2007-07-18","[토지분류코드:GA202][관리대장코드:2505118]","경기도 구리시 인창동  31 - 21"
2015,70619,"토지","행정재산","공공용재산","일반","도로","도로",1,15,2250000,2250000,"경기도 건설국 도로정책과","","경기도 구리시 안전도시국 건설과","1989-10-20","매입","도  로","2007-07-18","[토지분류코드:GA201][관리대장코드:2505120]","경기도 구리시 인창동  72 - 10"
2015,115926,"토지","행정재산","공공용재산","일반","하천","하천",1,1609,61526400,162661400,"경기도 건설국 하천과","","경기도 구리시 안전도시국 건설과","1995-05-11","매입","","2008-01-17","","경기도 구리시 인창동  107 - 1"
2015,185086,"토지","행정재산","공공용재산","일반","하천","하천",1,67,12127000,12127000,"경기도 건설국 하천과","","경기도 구리시 안전도시국 건설과","2013-12-24","매입","하천","2014-03-14","","경기도 구리시 인창동  107 - 2"
2015,185083,"토지","행정재산","공공용재산","일반","하천","하천",1,90,16290000,16290000,"경기도 건설국 하천과","","경기도 구리시 안전도시국 건설과","2013-12-24","매입","하천","2014-03-14","","경기도 구리시 인창동  107 - 10"
2015,185081,"토지","행정재산","공공용재산","일반","하천","하천",1,228,23484000,23484000,"경기도 건설국 하천과","","경기도 구리시 안전도시국 건설과","2013-12-24","매입","하천","2014-03-14","","경기도 구리시 인창동  107 - 11"
2015,70461,"토지","행정재산","공공용재산","일반","제방","제방",1,317,23616500,23616500,"경기도 건설국 하천과","","경기도 구리시 안전도시국 건설과","2005-07-12","매입","제  방","2007-07-18","[토지분류코드:GA214][관리대장코드:2504962]","경기도 구리시 수택동  173 - 5"
2015,70462,"토지","행정재산","공공용재산","일반","제방","제방",1,2430,182539100,182539100,"경기도 건설국 하천과","","경기도 구리시 안전도시국 건설과","2005-07-12","매입","제  방","2007-07-18","[토지분류코드:GA214][관리대장코드:2504963]","경기도 구리시 수택동  173 - 6"
2015,70522,"토지","행정재산","공공용재산","일반","도로","도로",1,82,10660000,10660000,"경기도 건설국 도로정책과","","경기도 구리시 안전도시국 건설과","1971-01-08","매입","도  로","2007-07-18","[토지분류코드:GA211][관리대장코드:2505023]","경기도 구리시 수택동  210 - 1"
2015,70523,"토지","행정재산","공공용재산","일반","제방","제방",1,680,26656000,88400000,"경기도 건설국 도로정책과","","경기도 구리시 안전도시국 건설과","1971-01-08","매입","도  로","2007-07-18","[토지분류코드:GA214][관리대장코드:2505024]","경기도 구리시 수택동  210 - 4"
2015,156202,"토지","행정재산","공공용재산","일반","제방","제방",1,38,4940000,4940000,"경기도 건설국 도로정책과","","경기도 구리시 안전도시국 건설과","2009-10-21","분할취득","도  로","2007-07-18","[토지분류코드:GA214][관리대장코드:2505024]","경기도 구리시 수택동  210 - 12"
2015,70463,"토지","행정재산","공공용재산","일반","전","전",1,579,131171800,131171800,"경기도 건설국 하천과","","경기도 구리시 안전도시국 건설과","2005-08-25","매입","하  천","2007-07-18","[토지분류코드:GA201][관리대장코드:2504964]","경기도 구리시 수택동  319"
2015,70464,"토지","행정재산","공공용재산","일반","제방","제방",1,119,8746500,8746500,"경기도 건설국 하천과","","경기도 구리시 안전도시국 건설과","1971-01-08","매입","제  방","2007-07-18","[토지분류코드:GA214][관리대장코드:2504965]","경기도 구리시 수택동  321 - 3"
2015,115924,"토지","행정재산","공공용재산","일반","잡종지","잡종지",1,13.84,4968560,4968560,"경기도 건설국 하천과","","경기도 구리시 안전도시국 건설과","1996-08-21","매입","","2009-11-16","","경기도 구리시 수택동  356 - 21"
2015,70333,"토지","행정재산","공공용재산","일반","하천","하천",1,537,76437000,76437000,"경기도 건설국 하천과","","경기도 구리시 안전도시국 건설과","1995-02-27","매입","제  방","2007-07-18","[토지분류코드:GA213][관리대장코드:2504834]","경기도 구리시 수택동  362 - 4"
2015,185079,"토지","행정재산","공공용재산","일반","하천","하천",1,23,10729500,21459000,"경기도 건설국 하천과","","경기도 구리시 안전도시국 건설과","2013-12-24","매입","하천","2014-03-13","","경기도 구리시 수택동  362 - 5"
2015,70616,"토지","행정재산","공공용재산","일반","답","답",1,153,45900000,45900000,"경기도 건설국 도로정책과","","경기도 구리시 안전도시국 건설과","1989-10-30","매입","도  로","2007-07-18","[토지분류코드:GA202][관리대장코드:2505117]","경기도 구리시 인창동  31 - 20"
2015,70615,"토지","행정재산","공공용재산","일반","답","답",1,86,25800000,25800000,"경기도 건설국 도로정책과","","경기도 구리시 안전도시국 건설과","1989-10-30","매입","도  로","2007-07-18","[토지분류코드:GA202][관리대장코드:2505116]","경기도 구리시 인창동  31 - 19"
2015,70471,"토지","행정재산","공공용재산","일반","도로","도로",1,188,18304000,12032000,"경기도 건설국 도로정책과","","경기도 구리시 안전도시국 건설과","1985-01-10","매입","도  로","2007-07-18","[토지분류코드:GA211][관리대장코드:2504972]","경기도 구리시 갈매동  19 - 8"
2015,70505,"토지","행정재산","공공용재산","산","도로","도로",1,1336,29148000,29148000,"경기도 건설국 도로정책과","","경기도 구리시 안전도시국 건설과","1983-06-27","매입","도  로","2007-07-18","[토지분류코드:GA211][관리대장코드:2505006]","경기도 구리시 갈매동  108"
2015,70506,"토지","행정재산","공공용재산","산","도로","도로",1,52,1284400,1284400,"경기도 건설국 도로정책과","","경기도 구리시 안전도시국 건설과","1983-06-27","매입","도  로","2007-07-18","[토지분류코드:][관리대장코드:2505007]","경기도 구리시 갈매동  108 - 3"
2015,70472,"토지","행정재산","공공용재산","일반","도로","도로",1,7.46,686000,686000,"경기도 건설국 도로정책과","","경기도 구리시 안전도시국 건설과","1982-11-10","매입","도  로","2007-07-18","[토지분류코드:GA211][관리대장코드:2504973]","경기도 구리시 갈매동  115 - 6"
2015,70473,"토지","행정재산","공공용재산","일반","도로","도로",1,222,17760000,17760000,"경기도 건설국 도로정책과","","경기도 구리시 안전도시국 건설과","1988-02-01","매입","도  로","2007-07-18","[토지분류코드:GA211][관리대장코드:2504974]","경기도 구리시 갈매동  130 - 7"
2015,70393,"토지","행정재산","공공용재산","일반","하천","하천",1,1269,70218000,70218000,"경기도 건설국 하천과","","경기도 구리시 안전도시국 건설과","1995-10-10","매입","하  천","2007-07-18","[토지분류코드:GA213][관리대장코드:2504894]","경기도 구리시 인창동  110"
2015,186019,"토지","행정재산","공공용재산","일반","전","전",1,40,4520000,4520000,"경기도 건설국 하천과","","경기도 구리시 안전도시국 건설과","2014-02-11","매입","토지","2014-06-26","","경기도 구리시 인창동  111 - 1"
2015,186020,"토지","행정재산","공공용재산","일반","전","전",1,97,59800500,59800500,"경기도 건설국 하천과","","경기도 구리시 안전도시국 건설과","2014-02-11","매입","토지","2014-06-26","","경기도 구리시 인창동  111 - 5"
2015,70394,"토지","행정재산","공공용재산","일반","하천","하천",1,1740,233616000,233616000,"경기도 건설국 하천과","","경기도 구리시 안전도시국 건설과","1995-06-09","매입","하  천","2007-07-18","[토지분류코드:GA213][관리대장코드:2504895]","경기도 구리시 인창동  112"
2015,70395,"토지","행정재산","공공용재산","일반","하천","하천",1,2945,162956000,162956000,"경기도 건설국 하천과","","경기도 구리시 안전도시국 건설과","1995-03-16","매입","하  천","2007-07-18","[토지분류코드:GA213][관리대장코드:2504896]","경기도 구리시 인창동  116"
2015,70396,"토지","행정재산","공공용재산","일반","전","전",1,199,11011000,11011000,"경기도 건설국 하천과","","경기도 구리시 안전도시국 건설과","1995-02-27","매입","제  방","2007-07-18","[토지분류코드:GA201][관리대장코드:2504897]","경기도 구리시 인창동  120 - 1"
2015,183106,"토지","행정재산","공공용재산","일반","하천","하천",1,598,38571000,38571000,"경기도 건설국 하천과","","경기도 구리시 안전도시국 건설과","2013-09-27","매입","지방하천(왕숙천)","2013-10-11","","경기도 구리시 수택동  161 - 1"
2015,183107,"토지","행정재산","공공용재산","일반","임야","임야",1,284,7242000,7242000,"경기도 건설국 하천과","","경기도 구리시 안전도시국 건설과","2013-08-22","매입","지방하천(왕숙천)","2013-10-11","","경기도 구리시 수택동  166"
2015,70458,"토지","행정재산","공공용재산","일반","하천","하천",1,331,24659500,24659500,"경기도 건설국 하천과","","경기도 구리시 안전도시국 건설과","2005-07-12","매입","하  천","2007-07-18","[토지분류코드:GA213][관리대장코드:2504959]","경기도 구리시 수택동  173 - 1"
2015,70459,"토지","행정재산","공공용재산","일반","제방","제방",1,13,968500,968500,"경기도 건설국 하천과","","경기도 구리시 안전도시국 건설과","2005-07-12","매입","제  방","2007-07-18","[토지분류코드:GA214][관리대장코드:2504960]","경기도 구리시 수택동  173 - 2"
2015,70460,"토지","행정재산","공공용재산","일반","하천","하천",1,169,12590500,12590500,"경기도 건설국 하천과","","경기도 구리시 안전도시국 건설과","2005-07-12","매입","하  천","2007-07-18","[토지분류코드:GA213][관리대장코드:2504961]","경기도 구리시 수택동  173 - 4"
2015,70609,"토지","행정재산","공공용재산","일반","답","답",1,46,6486000,6486000,"경기도 건설국 도로정책과","","경기도 구리시 안전도시국 건설과","1989-06-29","매입","도  로","2007-07-18","[토지분류코드:GA202][관리대장코드:2505110]","경기도 구리시 인창동  30 - 46"
2015,70610,"토지","행정재산","공공용재산","일반","답","답",1,193,27213000,27213000,"경기도 건설국 도로정책과","","경기도 구리시 안전도시국 건설과","1989-10-26","매입","도  로","2007-07-18","[토지분류코드:GA202][관리대장코드:2505111]","경기도 구리시 인창동  30 - 47"
2015,70611,"토지","행정재산","공공용재산","일반","답","답",1,11,1551000,1551000,"경기도 건설국 도로정책과","","경기도 구리시 안전도시국 건설과","1989-10-30","매입","도  로","2007-07-18","[토지분류코드:GA202][관리대장코드:2505112]","경기도 구리시 인창동  30 - 48"
2015,70612,"토지","행정재산","공공용재산","일반","답","답",1,79,11139000,11139000,"경기도 건설국 도로정책과","","경기도 구리시 안전도시국 건설과","1989-10-30","매입","도  로","2007-07-18","[토지분류코드:GA202][관리대장코드:2505113]","경기도 구리시 인창동  30 - 49"
2015,70613,"토지","행정재산","공공용재산","일반","답","답",1,51,7395000,7395000,"경기도 건설국 도로정책과","","경기도 구리시 안전도시국 건설과","1989-10-26","매입","도  로","2007-07-18","[토지분류코드:GA202][관리대장코드:2505114]","경기도 구리시 인창동  30 - 59"
2015,70614,"토지","행정재산","공공용재산","일반","답","답",1,7,1315000,1315000,"경기도 건설국 도로정책과","","경기도 구리시 안전도시국 건설과","1989-10-30","매입","도  로","2007-07-18","[토지분류코드:GA202][관리대장코드:2505115]","경기도 구리시 인창동  30 - 60"
2015,70390,"토지","행정재산","공공용재산","일반","하천","하천",1,2785,257334000,600190548,"경기도 건설국 하천과","","경기도 구리시 안전도시국 건설과","1995-05-25","매입","하  천","2007-07-18","[토지분류코드:GA213][관리대장코드:2504891]","경기도 구리시 인창동  109 - 1"
2015,70391,"토지","행정재산","공공용재산","일반","하천","하천",1,267,40138000,40138000,"경기도 건설국 하천과","","경기도 구리시 안전도시국 건설과","1995-05-25","매입","제  방","2007-07-18","[토지분류코드:GA213][관리대장코드:2504892]","경기도 구리시 인창동  109 - 2"
2015,70392,"토지","행정재산","공공용재산","일반","잡종지","잡종지",1,26,3908000,3908000,"경기도 건설국 하천과","","경기도 구리시 안전도시국 건설과","1995-05-25","매입","제  방","2007-07-18","[토지분류코드:GA224][관리대장코드:2504893]","경기도 구리시 인창동  109 - 6"
2015,70582,"토지","행정재산","공공용재산","일반","하천","하천",1,70,16590000,16590000,"경기도 건설국 도로정책과","","경기도 구리시 안전도시국 건설과","1995-05-25","매입","도  로","2007-07-18","[토지분류코드:GA213][관리대장코드:2505083]","경기도 구리시 인창동  109 - 7"
2015,149830,"토지","행정재산","공공용재산","일반","하천","하천",1,35,7804999,20244076,"경기도 건설국 하천과","","경기도 구리시 안전도시국 건설과","2008-12-15","매입","하  천","2010-01-20","[토지분류코드:GA213][관리대장코드:2504891]","경기도 구리시 인창동  109 - 10"
2015,149831,"토지","행정재산","공공용재산","일반","하천","하천",1,53,11819000,20244076,"경기도 건설국 하천과","","경기도 구리시 안전도시국 건설과","2008-12-15","매입","하  천","2010-01-20","[토지분류코드:GA213][관리대장코드:2504891]","경기도 구리시 인창동  109 - 11"
2015,70363,"토지","행정재산","공공용재산","일반","유지","유지",1,6422,671585000,671585000,"경기도 건설국 하천과","","경기도 구리시 안전도시국 건설과","1990-07-19","매입","유수지","2007-07-18","[토지분류코드:GA224][관리대장코드:2504864]","경기도 구리시 아천동  122"
2015,70365,"토지","행정재산","공공용재산","일반","유지","유지",1,347,21514000,21514000,"경기도 건설국 하천과","","경기도 구리시 안전도시국 건설과","1992-06-23","매입","제  방","2007-07-18","[토지분류코드:GA205][관리대장코드:2504866]","경기도 구리시 아천동  124"
2015,70556,"토지","행정재산","공공용재산","일반","유지","유지",1,19,1197000,1197000,"경기도 건설국 도로정책과","","경기도 구리시 안전도시국 건설과","1991-09-27","매입","도  로","2007-07-18","[토지분류코드:GA205][관리대장코드:2505057]","경기도 구리시 아천동  126 - 2"
2015,70375,"토지","행정재산","공공용재산","일반","유지","유지",1,31894,2301553000,2301553000,"경기도 건설국 하천과","","경기도 구리시 안전도시국 건설과","1991-07-02","매입","제  방","2007-07-18","[토지분류코드:GA224][관리대장코드:2504876]","경기도 구리시 아천동  172"
2015,70564,"토지","행정재산","공공용재산","일반","유지","유지",1,754,14099800,14099800,"경기도 건설국 도로정책과","","경기도 구리시 안전도시국 건설과","1992-06-23","매입","도  로","2007-07-18","[토지분류코드:GA205][관리대장코드:2505065]","경기도 구리시 아천동  178 - 3"
2015,70565,"토지","행정재산","공공용재산","일반","유지","유지",1,962,17989400,17989400,"경기도 건설국 도로정책과","","경기도 구리시 안전도시국 건설과","1992-06-23","매입","도  로","2007-07-18","[토지분류코드:GA205][관리대장코드:2505066]","경기도 구리시 아천동  179"
2015,70380,"토지","행정재산","공공용재산","일반","유지","유지",1,1445,137275000,137275000,"경기도 건설국 하천과","","경기도 구리시 안전도시국 건설과","1992-06-23","매입","유수지","2007-07-18","[토지분류코드:GA205][관리대장코드:2504881]","경기도 구리시 아천동  188"
2015,70381,"토지","행정재산","공공용재산","일반","유지","유지",1,783,164430,164430,"경기도 건설국 하천과","","경기도 구리시 안전도시국 건설과","1992-06-23","매입","하  천","2007-07-18","[토지분류코드:GA213][관리대장코드:2504882]","경기도 구리시 아천동  189"
2015,70382,"토지","행정재산","공공용재산","일반","유지","유지",1,397,37715000,37715000,"경기도 건설국 하천과","","경기도 구리시 안전도시국 건설과","1992-06-23","매입","유수지","2007-07-18","[토지분류코드:GA205][관리대장코드:2504883]","경기도 구리시 아천동  190"
2015,70383,"토지","행정재산","공공용재산","일반","유지","유지",1,485,46075000,46075000,"경기도 건설국 하천과","","경기도 구리시 안전도시국 건설과","1992-06-23","매입","제  방","2007-07-18","[토지분류코드:GA205][관리대장코드:2504884]","경기도 구리시 아천동  191"
2015,70579,"토지","행정재산","공공용재산","일반","구거","구거",1,108,10800000,10800000,"경기도 건설국 도로정책과","","경기도 구리시 안전도시국 건설과","1990-07-19","매입","도  로","2007-07-18","[토지분류코드:GA224][관리대장코드:2505080]","경기도 구리시 아천동  195 - 3"
2015,70386,"토지","행정재산","공공용재산","일반","유지","유지",1,1418,134710000,134710000,"경기도 건설국 하천과","","경기도 구리시 안전도시국 건설과","1992-06-23","매입","유수지","2007-07-18","[토지분류코드:GA224][관리대장코드:2504887]","경기도 구리시 아천동  196"
2015,70580,"토지","행정재산","공공용재산","일반","유지","유지",1,234,23400000,23400000,"경기도 건설국 도로정책과","","경기도 구리시 안전도시국 건설과","1992-06-23","매입","도  로","2007-07-18","[토지분류코드:GA224][관리대장코드:2505081]","경기도 구리시 아천동  196 - 3"
2015,70387,"토지","행정재산","공공용재산","일반","유지","유지",1,305,28975000,28975000,"경기도 건설국 하천과","","경기도 구리시 안전도시국 건설과","1992-06-23","매입","제  방","2007-07-18","[토지분류코드:GA224][관리대장코드:2504888]","경기도 구리시 아천동  197"
2015,70643,"토지","일반재산","미등록","일반","잡종지","잡종지",1,52,10296000,10296000,"경기도 건설국 하천과","","경기도 구리시 안전도시국 건설과","1988-08-12","매입","잡종지","2007-07-18","[토지분류코드:GC024][관리대장코드:2505144]","경기도 구리시 토평동  9 - 4"
2015,70644,"토지","일반재산","미등록","일반","잡종지","잡종지",1,3079,363322000,363322000,"경기도 건설국 하천과","","경기도 구리시 안전도시국 건설과","1988-08-12","매입","농경지","2007-07-18","[토지분류코드:GC024][관리대장코드:2505145]","경기도 구리시 토평동  19 - 2"
2015,70361,"토지","행정재산","공공용재산","일반","유지","유지",1,1493,8850000,8850000,"경기도 건설국 하천과","","경기도 구리시 안전도시국 건설과","1992-06-23","매입","유수지","2007-07-18","[토지분류코드:GA224][관리대장코드:2504862]","경기도 구리시 아천동  121 - 3"
2015,70357,"토지","일반재산","미등록","일반","유지","유지",1,5200,634400000,308192000,"경기도 자치행정국 회계과","","경기도 구리시 행정지원국 회계과","1991-07-11","매입","제  방","2007-07-18","[토지분류코드:GA224][관리대장코드:2504858]","경기도 구리시 아천동  119 - 4"
2015,70331,"토지","행정재산","공공용재산","일반","대","대",1,272,11968000,11968000,"경기도 건설국 하천과","","경기도 구리시 안전도시국 건설과","1984-12-17","매입","하  천","2007-07-18","[토지분류코드:GA208][관리대장코드:2504832]","경기도 구리시 갈매동  437 - 2"
2015,70491,"토지","행정재산","공공용재산","일반","도로","도로",1,192,17088000,17088000,"경기도 건설국 도로정책과","","경기도 구리시 안전도시국 건설과","1984-12-17","매입","도  로","2007-07-18","[토지분류코드:GA211][관리대장코드:2504992]","경기도 구리시 갈매동  437 - 3"
2015,70492,"토지","행정재산","공공용재산","일반","도로","도로",1,8,712000,712000,"경기도 건설국 도로정책과","","경기도 구리시 안전도시국 건설과","1983-06-27","매입","도  로","2007-07-18","[토지분류코드:GA211][관리대장코드:2504993]","경기도 구리시 갈매동  437 - 8"
2015,70493,"토지","행정재산","공공용재산","일반","도로","도로",1,84,7140000,7140000,"경기도 건설국 도로정책과","","경기도 구리시 안전도시국 건설과","1983-06-27","매입","도  로","2007-07-18","[토지분류코드:GA211][관리대장코드:2504994]","경기도 구리시 갈매동  439 - 3"
2015,70494,"토지","행정재산","공공용재산","일반","도로","도로",1,23,1955000,1955000,"경기도 건설국 도로정책과","","경기도 구리시 안전도시국 건설과","1983-06-27","매입","도  로","2007-07-18","[토지분류코드:GA211][관리대장코드:2504995]","경기도 구리시 갈매동  440 - 1"
2015,70495,"토지","행정재산","공공용재산","일반","도로","도로",1,40,3400000,3400000,"경기도 건설국 도로정책과","","경기도 구리시 안전도시국 건설과","1983-06-27","매입","도  로","2007-07-18","[토지분류코드:GA211][관리대장코드:2504996]","경기도 구리시 갈매동  441 - 1"
2015,70496,"토지","행정재산","공공용재산","일반","도로","도로",1,337,28645000,28645000,"경기도 건설국 도로정책과","","경기도 구리시 안전도시국 건설과","1983-02-23","매입","도  로","2007-07-18","[토지분류코드:GA211][관리대장코드:2504997]","경기도 구리시 갈매동  446 - 2"
2015,70497,"토지","행정재산","공공용재산","일반","도로","도로",1,390,23205000,23205000,"경기도 건설국 도로정책과","","경기도 구리시 안전도시국 건설과","1982-08-09","매입","도  로","2007-07-18","[토지분류코드:GA211][관리대장코드:2504998]","경기도 구리시 갈매동  458 - 13"
2015,70498,"토지","행정재산","공공용재산","일반","도로","도로",1,804,47838000,47838000,"경기도 건설국 도로정책과","","경기도 구리시 안전도시국 건설과","1982-08-11","매입","도  로","2007-07-18","[토지분류코드:GA211][관리대장코드:2504999]","경기도 구리시 갈매동  458 - 14"
2015,70332,"토지","행정재산","공공용재산","일반","답","답",1,823,60079000,60079000,"경기도 건설국 하천과","","경기도 구리시 안전도시국 건설과","1984-12-17","매입","제  방","2007-07-18","[토지분류코드:GA202][관리대장코드:2504833]","경기도 구리시 갈매동  458 - 71"
2015,70635,"토지","행정재산","공공용재산","일반","구거","구거",1,230,11385000,10670400,"경기도 건설국 하천과","","경기도 구리시 안전도시국 건설과","1991-07-20","매입","구  거","2007-07-18","[토지분류코드:GC015][관리대장코드:2505136]","경기도 구리시 사노동  140 - 5"
2015,70636,"토지","일반재산","미등록","일반","전","전",1,360,35280000,35280000,"경기도 건설국 하천과","","경기도 구리시 안전도시국 건설과","1991-07-20","매입","농경지","2007-07-18","[토지분류코드:GC002][관리대장코드:2505137]","경기도 구리시 사노동  140 - 6"
2015,70519,"토지","행정재산","공공용재산","일반","도로","도로",1,247,15882100,11246000,"경기도 건설국 도로정책과","","경기도 구리시 안전도시국 건설과","1991-07-20","매입","도  로","2007-07-18","[토지분류코드:GA211][관리대장코드:2505020]","경기도 구리시 사노동  140 - 7"
2015,70638,"토지","일반재산","미등록","일반","전","전",1,770,113960000,100600000,"경기도 건설국 하천과","","경기도 구리시 안전도시국 건설과","1991-07-20","매입","농경지","2007-07-18","[토지분류코드:GC001][관리대장코드:2505139]","경기도 구리시 사노동  140 - 8"
2015,70639,"토지","일반재산","미등록","일반","잡종지","잡종지",1,54,5670000,3654000,"경기도 건설국 하천과","","경기도 구리시 안전도시국 건설과","1991-07-20","매입","철탑부지","2007-07-18","[토지분류코드:GC024][관리대장코드:2505140]","경기도 구리시 사노동  140 - 9"
2015,70640,"토지","일반재산","미등록","일반","전","전",1,965,149575000,97700000,"경기도 건설국 하천과","","경기도 구리시 안전도시국 건설과","1991-07-20","매입","농경지","2007-07-18","[토지분류코드:GC001][관리대장코드:2505141]","경기도 구리시 사노동  140 - 10"
2015,70641,"토지","일반재산","미등록","일반","답","답",1,592,59140800,59140800,"경기도 건설국 하천과","","경기도 구리시 안전도시국 건설과","1991-07-20","매입","농경지","2007-07-18","[토지분류코드:GC002][관리대장코드:2505142]","경기도 구리시 사노동  140 - 11"
2015,70642,"토지","일반재산","미등록","일반","답","답",1,780,112320000,87480000,"경기도 건설국 하천과","","경기도 구리시 안전도시국 건설과","1991-07-20","매입","농경지","2007-07-18","[토지분류코드:GC002][관리대장코드:2505143]","경기도 구리시 사노동  140 - 12"
2015,70400,"토지","행정재산","공공용재산","일반","임야","임야",1,144,7968000,7968000,"경기도 건설국 하천과","","경기도 구리시 안전도시국 건설과","1995-02-27","매입","제  방","2007-07-18","[토지분류코드:GA205][관리대장코드:2504901]","경기도 구리시 인창동  120 - 8"
2015,70401,"토지","행정재산","공공용재산","일반","임야","임야",1,154,8251000,8251000,"경기도 건설국 하천과","","경기도 구리시 안전도시국 건설과","1995-02-27","매입","제  방","2007-07-18","[토지분류코드:GA205][관리대장코드:2504902]","경기도 구리시 인창동  120 - 9"
2015,70551,"토지","행정재산","공공용재산","일반","구거","구거",1,261,15399000,15399000,"경기도 건설국 도로정책과","","경기도 구리시 안전도시국 건설과","1992-10-16","매입","도  로","2007-07-18","[토지분류코드:GA201][관리대장코드:2505052]","경기도 구리시 아천동  108 - 2"
2015,70552,"토지","행정재산","공공용재산","일반","구거","구거",1,3194,188528000,188528000,"경기도 건설국 도로정책과","","경기도 구리시 안전도시국 건설과","1992-04-01","매입","도  로","2008-09-09","[토지분류코드:GA205][관리대장코드:2505053]","경기도 구리시 아천동  110 - 4"
2015,70583,"토지","행정재산","공공용재산","일반","전","전",1,92,10396000,10396000,"경기도 건설국 도로정책과","","경기도 구리시 안전도시국 건설과","1995-02-27","매입","도  로","2007-07-18","[토지분류코드:GA201][관리대장코드:2505084]","경기도 구리시 인창동  120 - 10"
2015,70411,"토지","행정재산","공공용재산","일반","하천","하천",1,624,35152000,35152000,"경기도 건설국 하천과","","경기도 구리시 안전도시국 건설과","1995-02-10","매입","제  방","2007-07-18","[토지분류코드:GA213][관리대장코드:2504912]","경기도 구리시 인창동  155 - 5"
2015,70412,"토지","행정재산","공공용재산","일반","하천","하천",1,3873,484125000,484125000,"경기도 건설국 하천과","","경기도 구리시 안전도시국 건설과","1998-01-15","매입","하  천","2007-07-18","[토지분류코드:GA213][관리대장코드:2504913]","경기도 구리시 인창동  158 - 5"
2015,70456,"토지","행정재산","공공용재산","일반","하천","하천",1,1151,69060000,69060000,"경기도 건설국 하천과","","경기도 구리시 안전도시국 건설과","1998-01-15","매입","하  천","2007-07-18","[토지분류코드:GA213][관리대장코드:2504957]","경기도 구리시 인창동  158 - 6"
2015,70645,"토지","일반재산","미등록","일반","주차장","주차장",1,3295,428350000,388810000,"경기도 건설국 하천과","","경기도 구리시 안전도시국 건설과","1988-08-12","매입","농경지","2007-07-18","[토지분류코드:GC024][관리대장코드:2505146]","경기도 구리시 토평동  19 - 3"
2015,70646,"토지","일반재산","미등록","일반","잡종지","잡종지",1,492,60516000,60516000,"경기도 건설국 하천과","","경기도 구리시 안전도시국 건설과","1988-08-12","매입","농경지","2007-07-18","[토지분류코드:GC024][관리대장코드:2505147]","경기도 구리시 토평동  19 - 4"
2015,70647,"토지","일반재산","미등록","일반","잡종지","잡종지",1,1027,127348000,127348000,"경기도 건설국 하천과","","경기도 구리시 안전도시국 건설과","1988-08-12","매입","농경지","2007-07-18","[토지분류코드:GC024][관리대장코드:2505148]","경기도 구리시 토평동  19 - 5"
2015,70648,"토지","일반재산","미등록","일반","잡종지","잡종지",1,1264,156736000,156736000,"경기도 건설국 하천과","","경기도 구리시 안전도시국 건설과","1988-08-12","매입","농경지","2007-07-18","[토지분류코드:GC024][관리대장코드:2505149]","경기도 구리시 토평동  19 - 6"
2015,70666,"토지","일반재산","미등록","일반","잡종지","잡종지",1,1412,166616000,166616000,"경기도 건설국 하천과","","경기도 구리시 안전도시국 건설과","1988-08-12","매입","하  천","2007-07-18","[토지분류코드:][관리대장코드:2505167]","경기도 구리시 토평동  19 - 13"
2015,70620,"토지","행정재산","공공용재산","일반","전","전",1,671,13822600,13822600,"경기도 건설국 도로정책과","","경기도 구리시 안전도시국 건설과","1994-08-08","매입","도  로","2007-07-18","[토지분류코드:GA201][관리대장코드:2505121]","경기도 구리시 토평동  23 - 33"
2015,70621,"토지","행정재산","공공용재산","일반","전","전",1,999,20579400,20579400,"경기도 건설국 도로정책과","","경기도 구리시 안전도시국 건설과","1994-08-08","매입","도  로","2007-07-18","[토지분류코드:GA201][관리대장코드:2505122]","경기도 구리시 토평동  23 - 38"
2015,70624,"토지","행정재산","공공용재산","일반","임야","임야",1,115,2254000,2254000,"경기도 건설국 도로정책과","","경기도 구리시 안전도시국 건설과","1994-05-30","매입","도  로","2007-07-18","[토지분류코드:GA205][관리대장코드:2505125]","경기도 구리시 토평동  48 - 191"
2015,70625,"토지","행정재산","공공용재산","일반","임야","임야",1,1955,38318000,38318000,"경기도 건설국 도로정책과","","경기도 구리시 안전도시국 건설과","1994-02-14","매입","도  로","2007-07-18","[토지분류코드:GA205][관리대장코드:2505126]","경기도 구리시 토평동  48 - 192"
2015,70626,"토지","행정재산","공공용재산","일반","임야","임야",1,674,13210400,13210400,"경기도 건설국 도로정책과","","경기도 구리시 안전도시국 건설과","1994-08-08","매입","도  로","2007-07-18","[토지분류코드:GA205][관리대장코드:2505127]","경기도 구리시 토평동  48 - 193"
2015,70627,"토지","행정재산","공공용재산","일반","임야","임야",1,83,1626800,1626800,"경기도 건설국 도로정책과","","경기도 구리시 안전도시국 건설과","1994-08-08","매입","도  로","2007-07-18","[토지분류코드:GA205][관리대장코드:2505128]","경기도 구리시 토평동  48 - 194"
2015,70628,"토지","행정재산","공공용재산","일반","임야","임야",1,29,568400,568400,"경기도 건설국 도로정책과","","경기도 구리시 안전도시국 건설과","1994-05-30","매입","도  로","2007-07-18","[토지분류코드:GA205][관리대장코드:2505129]","경기도 구리시 토평동  48 - 195"
2015,70649,"토지","일반재산","미등록","일반","잡종지","잡종지",1,3200,518400000,518400000,"경기도 건설국 하천과","","경기도 구리시 안전도시국 건설과","1988-08-12","매입","농경지","2007-07-18","[토지분류코드:GC024][관리대장코드:2505150]","경기도 구리시 토평동  51 - 1"
2015,70650,"토지","일반재산","미등록","일반","잡종지","잡종지",1,1206,195372000,195372000,"경기도 건설국 하천과","","경기도 구리시 안전도시국 건설과","1988-08-12","매입","잡종지","2007-07-18","[토지분류코드:GC024][관리대장코드:2505151]","경기도 구리시 토평동  51 - 2"
2015,70629,"토지","행정재산","공공용재산","일반","도로","도로",1,837,175824000,175824000,"경기도 건설국 도로정책과","","경기도 구리시 안전도시국 건설과","1988-08-12","매입","도  로","2007-07-18","[토지분류코드:GA211][관리대장코드:2505130]","경기도 구리시 토평동  51 - 3"
2015,70474,"토지","행정재산","공공용재산","일반","전","전",1,13,53690,53690,"경기도 건설국 도로정책과","","경기도 구리시 안전도시국 건설과","1983-06-27","매입","도  로","2007-07-18","[토지분류코드:GA201][관리대장코드:2504975]","경기도 구리시 갈매동  136 - 6"
2015,70475,"토지","행정재산","공공용재산","일반","도로","도로",1,171,6303000,6303000,"경기도 건설국 도로정책과","","경기도 구리시 안전도시국 건설과","1984-07-16","매입","도  로","2007-07-18","[토지분류코드:GA211][관리대장코드:2504976]","경기도 구리시 갈매동  142 - 56"
2015,70478,"토지","행정재산","공공용재산","일반","도로","도로",1,6,207600,207600,"경기도 건설국 도로정책과","","경기도 구리시 안전도시국 건설과","1983-06-27","매입","도  로","2007-07-18","[토지분류코드:GA211][관리대장코드:2504979]","경기도 구리시 갈매동  232 - 6"
2015,70479,"토지","행정재산","공공용재산","일반","도로","도로",1,1,34600,34600,"경기도 건설국 도로정책과","","경기도 구리시 안전도시국 건설과","1983-06-27","매입","도  로","2007-07-18","[토지분류코드:GA212][관리대장코드:2504980]","경기도 구리시 갈매동  232 - 8"
2015,70481,"토지","행정재산","공공용재산","일반","답","답",1,209,159049000,16030098,"경기도 건설국 도로정책과","","경기도 구리시 안전도시국 건설과","1983-06-27","매입","도  로","2007-07-18","[토지분류코드:GA202][관리대장코드:2504982]","경기도 구리시 갈매동  233 - 4"
2015,70328,"토지","행정재산","공공용재산","일반","답","답",1,88,6749600,6749600,"경기도 건설국 하천과","","경기도 구리시 안전도시국 건설과","1983-06-27","매입","하  천","2007-07-18","[토지분류코드:GA202][관리대장코드:2504829]","경기도 구리시 갈매동  233 - 7"
2015,156197,"토지","행정재산","공공용재산","일반","답","답",1,71,5445631,5445631,"경기도 건설국 도로정책과","","경기도 구리시 안전도시국 건설과","2009-08-27","분할취득","도  로","2007-07-18","[토지분류코드:GA202][관리대장코드:2504982]","경기도 구리시 갈매동  233 - 8"
2015,156198,"토지","행정재산","공공용재산","일반","답","답",1,29,2224271,2224271,"경기도 건설국 도로정책과","","경기도 구리시 안전도시국 건설과","2009-08-27","분할취득","도  로","2007-07-18","[토지분류코드:GA202][관리대장코드:2504982]","경기도 구리시 갈매동  233 - 9"
2015,70329,"토지","행정재산","공공용재산","일반","답","답",1,10,750000,750000,"경기도 건설국 하천과","","경기도 구리시 안전도시국 건설과","1983-06-27","매입","제  방","2007-07-18","[토지분류코드:GA202][관리대장코드:2504830]","경기도 구리시 갈매동  236 - 3"
2015,70482,"토지","행정재산","공공용재산","일반","도로","도로",1,176,11250000,11250000,"경기도 건설국 도로정책과","","경기도 구리시 안전도시국 건설과","1983-06-27","매입","도  로","2008-09-09","[토지분류코드:GA211][관리대장코드:2504983]","경기도 구리시 갈매동  236 - 5"
2015,70483,"토지","행정재산","공공용재산","일반","도로","도로",1,221,14365000,14365000,"경기도 건설국 도로정책과","","경기도 구리시 안전도시국 건설과","1983-02-15","매입","도  로","2007-07-18","[토지분류코드:GA211][관리대장코드:2504984]","경기도 구리시 갈매동  243 - 7"
2015,70484,"토지","행정재산","공공용재산","일반","도로","도로",1,433,103920000,103920000,"경기도 건설국 도로정책과","","경기도 구리시 안전도시국 건설과","1982-08-09","매입","도  로","2007-07-18","[토지분류코드:GA211][관리대장코드:2504985]","경기도 구리시 갈매동  245 - 1"
2015,70485,"토지","행정재산","공공용재산","일반","도로","도로",1,849,25809600,25809600,"경기도 건설국 도로정책과","","경기도 구리시 안전도시국 건설과","1982-08-11","매입","도  로","2007-07-18","[토지분류코드:GA211][관리대장코드:2504986]","경기도 구리시 갈매동  247 - 3"
2015,151310,"토지","행정재산","공공용재산","일반","답","답",1,349,34705660,34705660,"경기도 건설국 하천과","","경기도 구리시 안전도시국 건설과","2008-07-18","누락재산등록","","2010-02-08","","경기도 구리시 갈매동  263 - 15"
2015,176805,"토지","행정재산","공공용재산","일반","답","답",1,82,19994332,19994332,"경기도 건설국 하천과","","경기도 구리시 안전도시국 건설과","2012-07-12","분할취득","","2010-02-08","","경기도 구리시 갈매동  263 - 17"
2015,176806,"토지","행정재산","공공용재산","일반","답","답",1,65,15849165,15849165,"경기도 건설국 하천과","","경기도 구리시 안전도시국 건설과","2012-07-12","분할취득","","2010-02-08","","경기도 구리시 갈매동  263 - 18"
2015,70487,"토지","행정재산","공공용재산","일반","도로","도로",1,1298,106560000,103840000,"경기도 건설국 도로정책과","","경기도 구리시 안전도시국 건설과","1983-06-27","매입","도  로","2007-07-18","[토지분류코드:GA211][관리대장코드:2504988]","경기도 구리시 갈매동  271 - 6"
2015,70330,"토지","행정재산","공공용재산","일반","전","전",1,926,74080000,74080000,"경기도 건설국 하천과","","경기도 구리시 안전도시국 건설과","1982-08-10","매입","제  방","2007-07-18","[토지분류코드:GA201][관리대장코드:2504831]","경기도 구리시 갈매동  271 - 8"
2015,156200,"토지","행정재산","공공용재산","일반","도로","도로",1,34,2720000,2720000,"경기도 건설국 도로정책과","","경기도 구리시 안전도시국 건설과","2009-08-27","분할취득","도  로","2007-07-18","[토지분류코드:GA211][관리대장코드:2504988]","경기도 구리시 갈매동  271 - 12"
2015,70490,"토지","행정재산","공공용재산","일반","도로","도로",1,151,13439000,13439000,"경기도 건설국 도로정책과","","경기도 구리시 안전도시국 건설과","1983-06-27","매입","도  로","2007-07-18","[토지분류코드:GA211][관리대장코드:2504991]","경기도 구리시 갈매동  437 - 1"
2015,70334,"토지","행정재산","공공용재산","일반","하천","하천",1,371,52805000,52805000,"경기도 건설국 하천과","","경기도 구리시 안전도시국 건설과","1995-02-27","매입","제  방","2007-07-18","[토지분류코드:GA213][관리대장코드:2504835]","경기도 구리시 수택동  362 - 17"
2015,70335,"토지","행정재산","공공용재산","일반","잡종지","잡종지",1,1035,147315000,147315000,"경기도 건설국 하천과","","경기도 구리시 안전도시국 건설과","1995-09-13","매입","제  방","2007-07-18","[토지분류코드:GA224][관리대장코드:2504836]","경기도 구리시 수택동  363 - 2"
2015,70336,"토지","행정재산","공공용재산","일반","잡종지","잡종지",1,284,40422000,40422000,"경기도 건설국 하천과","","경기도 구리시 안전도시국 건설과","1995-09-13","매입","하  천","2007-07-18","[토지분류코드:GA224][관리대장코드:2504837]","경기도 구리시 수택동  363 - 11"
2015,70337,"토지","행정재산","공공용재산","일반","임야","임야",1,195,36970000,36970000,"경기도 건설국 하천과","","경기도 구리시 안전도시국 건설과","1995-09-13","매입","하  천","2007-07-18","[토지분류코드:GA205][관리대장코드:2504838]","경기도 구리시 수택동  364 - 1"
2015,70338,"토지","행정재산","공공용재산","일반","임야","임야",1,122,23017000,23017000,"경기도 건설국 하천과","","경기도 구리시 안전도시국 건설과","1995-09-13","매입","제  방","2007-07-18","[토지분류코드:GA205][관리대장코드:2504839]","경기도 구리시 수택동  364 - 7"
2015,70339,"토지","행정재산","공공용재산","일반","임야","임야",1,1270,239606000,239606000,"경기도 건설국 하천과","","경기도 구리시 안전도시국 건설과","1995-09-13","매입","하  천","2007-07-18","[토지분류코드:GA205][관리대장코드:2504840]","경기도 구리시 수택동  365 - 1"
2015,70340,"토지","행정재산","공공용재산","일반","임야","임야",1,108,20376000,20376000,"경기도 건설국 하천과","","경기도 구리시 안전도시국 건설과","1995-09-13","매입","제  방","2007-07-18","[토지분류코드:GA205][관리대장코드:2504841]","경기도 구리시 수택동  365 - 4"
2015,70341,"토지","행정재산","공공용재산","일반","임야","임야",1,1043,196779000,196779000,"경기도 건설국 하천과","","경기도 구리시 안전도시국 건설과","1995-09-13","매입","하  천","2007-07-18","[토지분류코드:GA205][관리대장코드:2504842]","경기도 구리시 수택동  366 - 1"
2015,70342,"토지","행정재산","공공용재산","일반","임야","임야",1,466,87918000,87918000,"경기도 건설국 하천과","","경기도 구리시 안전도시국 건설과","1995-09-13","매입","제  방","2007-07-18","[토지분류코드:GA205][관리대장코드:2504843]","경기도 구리시 수택동  366 - 5"
2015,70343,"토지","행정재산","공공용재산","일반","잡종지","잡종지",1,897,127613000,127613000,"경기도 건설국 하천과","","경기도 구리시 안전도시국 건설과","1995-09-13","매입","제  방","2007-07-18","[토지분류코드:GA224][관리대장코드:2504844]","경기도 구리시 수택동  367 - 1"
2015,70344,"토지","행정재산","공공용재산","일반","잡종지","잡종지",1,274,38999000,38999000,"경기도 건설국 하천과","","경기도 구리시 안전도시국 건설과","1995-09-13","매입","제  방","2007-07-18","[토지분류코드:GA224][관리대장코드:2504845]","경기도 구리시 수택동  367 - 4"
2015,70525,"토지","행정재산","공공용재산","일반","도로","도로",1,123,4831600,18270000,"경기도 건설국 도로정책과","","경기도 구리시 안전도시국 건설과","1995-09-13","매입","도  로","2007-07-18","[토지분류코드:][관리대장코드:2505026]","경기도 구리시 수택동  368 - 3"
2015,70346,"토지","행정재산","공공용재산","일반","대","대",1,347,29263000,29263000,"경기도 건설국 하천과","","경기도 구리시 안전도시국 건설과","1995-09-13","매입","제  방","2007-07-18","[토지분류코드:GA208][관리대장코드:2504847]","경기도 구리시 수택동  368 - 4"
2015,70349,"토지","행정재산","공공용재산","일반","대","대",1,788,66454000,66454000,"경기도 건설국 하천과","","경기도 구리시 안전도시국 건설과","1995-09-14","매입","제  방","2007-07-18","[토지분류코드:GA208][관리대장코드:2504850]","경기도 구리시 수택동  368 - 15"
2015,70528,"토지","행정재산","공공용재산","일반","도로","도로",1,232,9094400,6960000,"경기도 건설국 도로정책과","","경기도 구리시 안전도시국 건설과","1995-09-13","매입","도  로","2007-07-18","[토지분류코드:][관리대장코드:2505029]","경기도 구리시 수택동  368 - 23"
2015,70353,"토지","행정재산","공공용재산","일반","대","대",1,525,44275000,44275000,"경기도 건설국 하천과","","경기도 구리시 안전도시국 건설과","1995-09-14","매입","제  방","2007-07-18","[토지분류코드:GA208][관리대장코드:2504854]","경기도 구리시 수택동  368 - 26"
2015,70325,"토지","행정재산","공용재산","일반","대","대",1,545.6,442481600,442481600,"경기도 재난안전본부 소방행정과","경기도 구리소방서","","1994-06-23","매입","수택파출소","2007-12-10","[토지분류코드:GA108][관리대장코드:2000017]","경기도 구리시 수택동  494 - 14"
2015,70531,"토지","행정재산","공공용재산","일반","도로","도로",1,14,11438000,11438000,"경기도 건설국 도로정책과","","경기도 구리시 안전도시국 건설과","1990-11-16","매입","도  로","2007-07-18","[토지분류코드:GA211][관리대장코드:2505032]","경기도 구리시 수택동  708 - 2"
2015,70354,"토지","일반재산","미등록","일반","전","전",1,50,6100000,2950000,"경기도 자치행정국 회계과","","경기도 구리시 행정지원국 회계과","1991-07-05","매입","제  방","2007-07-18","[토지분류코드:GA201][관리대장코드:2504855]","경기도 구리시 아천동  20 - 5"
2015,70355,"토지","일반재산","미등록","일반","잡종지","잡종지",1,920,99360000,54280000,"경기도 자치행정국 회계과","","경기도 구리시 행정지원국 회계과","1991-07-02","매입","제  방","2007-07-18","[토지분류코드:GA224][관리대장코드:2504856]","경기도 구리시 아천동  21 - 1"
2015,70652,"토지","일반재산","미등록","일반","잡종지","잡종지",1,2653,705698000,705698000,"경기도 건설국 하천과","","경기도 구리시 안전도시국 건설과","1988-08-12","매입","도  로","2007-07-18","[토지분류코드:GC024][관리대장코드:2505153]","경기도 구리시 토평동  51 - 4"
2015,70653,"토지","일반재산","미등록","일반","전","전",1,2865,355260000,355260000,"경기도 건설국 하천과","","경기도 구리시 안전도시국 건설과","1995-06-05","매입","농경지","2007-07-18","[토지분류코드:GC001][관리대장코드:2505154]","경기도 구리시 토평동  407 - 1"
2015,70654,"토지","일반재산","미등록","일반","잡종지","잡종지",1,770,201740000,201740000,"경기도 건설국 하천과","","경기도 구리시 안전도시국 건설과","1988-08-12","매입","잡종지","2007-07-18","[토지분류코드:GC024][관리대장코드:2505155]","경기도 구리시 토평동  431 - 1"
2015,70655,"토지","일반재산","미등록","일반","잡종지","잡종지",1,1510,440920000,440920000,"경기도 건설국 하천과","","경기도 구리시 안전도시국 건설과","1988-08-12","매입","잡종지","2007-07-18","[토지분류코드:GC024][관리대장코드:2505156]","경기도 구리시 토평동  431 - 2"
2015,70622,"토지","행정재산","공공용재산","일반","도로","도로",1,981,79068225,79068225,"경기도 건설국 도로정책과","","경기도 구리시 안전도시국 건설과","1988-08-12","매입","도  로","2007-07-18","[토지분류코드:GA211][관리대장코드:2505123]","경기도 구리시 토평동  431 - 3"
2015,70657,"토지","일반재산","미등록","일반","잡종지","잡종지",1,625,98125000,98125000,"경기도 건설국 하천과","","경기도 구리시 안전도시국 건설과","1988-08-12","매입","농경지","2007-07-18","[토지분류코드:GC024][관리대장코드:2505158]","경기도 구리시 토평동  431 - 4"
2015,70658,"토지","일반재산","미등록","일반","잡종지","잡종지",1,18188,3182900000,3182900000,"경기도 건설국 하천과","","경기도 구리시 안전도시국 건설과","1988-08-12","매입","농경지","2006-08-16","[토지분류코드:GC024][관리대장코드:2505159]","경기도 구리시 토평동  431 - 5"
2015,70659,"토지","일반재산","미등록","일반","잡종지","잡종지",1,14781,2305836000,2305836000,"경기도 건설국 하천과","","경기도 구리시 안전도시국 건설과","1988-08-12","매입","농경지","2007-07-18","[토지분류코드:GC024][관리대장코드:2505160]","경기도 구리시 토평동  431 - 6"
2015,124398,"토지","행정재산","공공용재산","일반","도로","도로",1,409,32965243,45235243,"경기도 건설국 도로정책과","","경기도 구리시 안전도시국 건설과","2002-06-27","매입","도  로","2007-07-18","[토지분류코드:GA211][관리대장코드:2505123]","경기도 구리시 토평동  431 - 10"
2015,115928,"토지","행정재산","공공용재산","일반","잡종지","잡종지",1,146,14454000,14454000,"경기도 건설국 도로정책과","","경기도 구리시 안전도시국 건설과","1988-08-12","매입","","2009-11-16","","경기도 구리시 토평동  431 - 13"
2015,70667,"토지","일반재산","미등록","일반","잡종지","잡종지",1,54,15606000,15606000,"경기도 건설국 하천과","","경기도 구리시 안전도시국 건설과","1988-08-12","매입","하  천","2007-07-18","[토지분류코드:][관리대장코드:2505168]","경기도 구리시 토평동  431 - 14"
2015,115929,"토지","행정재산","공공용재산","일반","잡종지","잡종지",1,1674,485460000,485460000,"경기도 건설국 도로정책과","","경기도 구리시 안전도시국 건설과","1988-08-12","매입","","2008-01-17","","경기도 구리시 토평동  431 - 17"
2015,70660,"토지","일반재산","미등록","일반","전","전",1,957,188529000,188529000,"경기도 건설국 하천과","","경기도 구리시 안전도시국 건설과","1995-06-05","매입","농경지","2007-07-18","[토지분류코드:GC001][관리대장코드:2505161]","경기도 구리시 토평동  450 - 18"
2015,70661,"토지","일반재산","미등록","일반","잡종지","잡종지",1,3353,898604000,898604000,"경기도 건설국 하천과","","경기도 구리시 안전도시국 건설과","1988-08-12","매입","잡종지","2007-07-18","[토지분류코드:GC024][관리대장코드:2505162]","경기도 구리시 토평동  523 - 3"
2015,70662,"토지","일반재산","미등록","일반","하천","하천",1,76,7600000,7600000,"경기도 건설국 하천과","","경기도 구리시 안전도시국 건설과","1988-08-12","매입","잡종지","2007-07-18","[토지분류코드:GC013][관리대장코드:2505163]","경기도 구리시 토평동  525 - 1"
2015,70663,"토지","일반재산","미등록","일반","잡종지","잡종지",1,292,69204000,69204000,"경기도 건설국 하천과","","경기도 구리시 안전도시국 건설과","1988-08-12","매입","잡종지","2007-07-18","[토지분류코드:GC024][관리대장코드:2505164]","경기도 구리시 토평동  525 - 3"
2015,70664,"토지","일반재산","미등록","일반","잡종지","잡종지",1,149,35313000,35313000,"경기도 건설국 하천과","","경기도 구리시 안전도시국 건설과","1988-08-12","매입","잡종지","2007-07-18","[토지분류코드:GC024][관리대장코드:2505165]","경기도 구리시 토평동  525 - 4"
2015,70668,"토지","일반재산","미등록","일반","하천","하천",1,657,155709000,155709000,"경기도 건설국 하천과","","경기도 구리시 안전도시국 건설과","1988-08-12","매입","잡종지","2007-07-18","[토지분류코드:][관리대장코드:2505169]","경기도 구리시 토평동  525 - 15"
2015,70669,"토지","일반재산","미등록","일반","하천","하천",1,230,54510000,54510000,"경기도 건설국 하천과","","경기도 구리시 안전도시국 건설과","1988-08-12","매입","잡종지","2007-07-18","[토지분류코드:][관리대장코드:2505170]","경기도 구리시 토평동  525 - 16"
2015,70670,"토지","일반재산","미등록","일반","하천","하천",1,327,77499000,77499000,"경기도 건설국 하천과","","경기도 구리시 안전도시국 건설과","1988-08-12","매입","잡종지","2007-07-18","[토지분류코드:][관리대장코드:2505171]","경기도 구리시 토평동  525 - 17"
2015,70671,"토지","일반재산","미등록","일반","하천","하천",1,4653,930600000,930600000,"경기도 건설국 하천과","","경기도 구리시 안전도시국 건설과","1988-08-12","매입","잡종지","2007-07-18","[토지분류코드:][관리대장코드:2505172]","경기도 구리시 토평동  525 - 18"
2015,70672,"토지","일반재산","미등록","일반","잡종지","잡종지",1,314,74418000,74418000,"경기도 건설국 하천과","","경기도 구리시 안전도시국 건설과","1988-08-12","매입","잡종지","2007-07-18","[토지분류코드:][관리대장코드:2505173]","경기도 구리시 토평동  525 - 19"
2015,70673,"토지","일반재산","미등록","일반","잡종지","잡종지",1,305,72285000,72285000,"경기도 건설국 하천과","","경기도 구리시 안전도시국 건설과","1988-08-12","매입","잡종지","2007-07-18","[토지분류코드:][관리대장코드:2505174]","경기도 구리시 토평동  525 - 20"
2015,70397,"토지","행정재산","공공용재산","일반","임야","임야",1,56,6328000,6328000,"경기도 건설국 하천과","","경기도 구리시 안전도시국 건설과","1995-02-27","매입","하  천","2007-07-18","[토지분류코드:GA205][관리대장코드:2504898]","경기도 구리시 인창동  120 - 11"
2015,70402,"토지","행정재산","공공용재산","일반","하천","하천",1,288,15936000,15936000,"경기도 건설국 하천과","","경기도 구리시 안전도시국 건설과","1995-03-20","매입","하  천","2007-07-18","[토지분류코드:GA213][관리대장코드:2504903]","경기도 구리시 인창동  122"
2015,184673,"토지","행정재산","공공용재산","일반","하천","하천",1,65,3705000,3705000,"경기도 건설국 하천과","","경기도 구리시 안전도시국 건설과","2013-12-24","매입","토지","2014-02-28","","경기도 구리시 인창동  123 - 1"
2015,70403,"토지","행정재산","공공용재산","일반","전","전",1,748,41389000,41389000,"경기도 건설국 하천과","","경기도 구리시 안전도시국 건설과","1995-03-09","매입","제  방","2007-07-18","[토지분류코드:GA201][관리대장코드:2504904]","경기도 구리시 인창동  123 - 2"
2015,184672,"토지","행정재산","공공용재산","일반","하천","하천",1,414,23598000,23598000,"경기도 건설국 하천과","","경기도 구리시 안전도시국 건설과","2013-12-24","매입","토지","2014-02-28","","경기도 구리시 인창동  123 - 3"
2015,70404,"토지","행정재산","공공용재산","일반","전","전",1,865,5034300,5034300,"경기도 건설국 하천과","","경기도 구리시 안전도시국 건설과","1995-03-06","매입","하  천","2007-07-18","[토지분류코드:GA201][관리대장코드:2504905]","경기도 구리시 인창동  124"
2015,70453,"토지","행정재산","공공용재산","일반","전","전",1,141,8460000,8460000,"경기도 건설국 하천과","","경기도 구리시 안전도시국 건설과","1995-03-06","매입","하  천","2007-07-18","[토지분류코드:GA201][관리대장코드:2504954]","경기도 구리시 인창동  124 - 1"
2015,70585,"토지","행정재산","공공용재산","일반","전","전",1,22,2486000,2486000,"경기도 건설국 도로정책과","","경기도 구리시 안전도시국 건설과","1995-03-06","매입","도  로","2007-07-18","[토지분류코드:GA201][관리대장코드:2505086]","경기도 구리시 인창동  124 - 2"
2015,70405,"토지","행정재산","공공용재산","일반","임야","임야",1,2988,21696000,21696000,"경기도 건설국 하천과","","경기도 구리시 안전도시국 건설과","1996-08-28","매입","하  천","2007-07-18","[토지분류코드:GA205][관리대장코드:2504906]","경기도 구리시 인창동  125"
2015,70406,"토지","행정재산","공공용재산","일반","전","전",1,932,51570000,51570000,"경기도 건설국 하천과","","경기도 구리시 안전도시국 건설과","1995-01-24","매입","하  천","2007-07-18","[토지분류코드:GA201][관리대장코드:2504907]","경기도 구리시 인창동  126 - 1"
2015,70407,"토지","행정재산","공공용재산","일반","전","전",1,602,33310000,33310000,"경기도 건설국 하천과","","경기도 구리시 안전도시국 건설과","1995-05-01","매입","제  방","2007-07-18","[토지분류코드:GA201][관리대장코드:2504908]","경기도 구리시 인창동  126 - 4"
2015,70408,"토지","행정재산","공공용재산","일반","전","전",1,307,16987000,16987000,"경기도 건설국 하천과","","경기도 구리시 안전도시국 건설과","1995-05-01","매입","제  방","2007-07-18","[토지분류코드:GA201][관리대장코드:2504909]","경기도 구리시 인창동  126 - 5"
2015,70454,"토지","행정재산","공공용재산","일반","전","전",1,192,10752000,10752000,"경기도 건설국 하천과","","경기도 구리시 안전도시국 건설과","1995-01-24","매입","제  방","2007-07-18","[토지분류코드:GA201][관리대장코드:2504955]","경기도 구리시 인창동  126 - 6"
2015,70455,"토지","행정재산","공공용재산","일반","전","전",1,7,399000,399000,"경기도 건설국 하천과","","경기도 구리시 안전도시국 건설과","1995-01-24","매입","제  방","2007-07-18","[토지분류코드:GA201][관리대장코드:2504956]","경기도 구리시 인창동  126 - 7"
2015,70409,"토지","행정재산","공공용재산","일반","하천","하천",1,69,3887000,3887000,"경기도 건설국 하천과","","경기도 구리시 안전도시국 건설과","1994-12-28","매입","제  방","2007-07-18","[토지분류코드:GA213][관리대장코드:2504910]","경기도 구리시 인창동  154 - 5"
2015,70410,"토지","행정재산","공공용재산","일반","하천","하천",1,849,47827000,47827000,"경기도 건설국 하천과","","경기도 구리시 안전도시국 건설과","1995-02-10","매입","제  방","2007-07-18","[토지분류코드:GA213][관리대장코드:2504911]","경기도 구리시 인창동  155 - 4"
2015,149814,"토지","일반재산","미등록","일반","전","전",1,279,27899999,43468200,"경기도 건설국 하천과","","경기도 구리시 안전도시국 건설과","2008-12-15","매입","농경지","2010-01-20","[토지분류코드:GC001][관리대장코드:2505135]","경기도 구리시 사노동  140 - 16"
2015,149816,"토지","일반재산","미등록","일반","구거","구거",1,4,182400,185572,"경기도 건설국 하천과","","경기도 구리시 안전도시국 건설과","2008-12-15","매입","구  거","2010-01-20","[토지분류코드:GC015][관리대장코드:2505136]","경기도 구리시 사노동  140 - 17"
2015,149818,"토지","행정재산","공공용재산","일반","도로","도로",1,30,1217978,1365911,"경기도 건설국 도로정책과","","경기도 구리시 안전도시국 건설과","2008-12-15","매입","도  로","2010-01-20","[토지분류코드:GA211][관리대장코드:2505020]","경기도 구리시 사노동  140 - 18"
2015,149820,"토지","일반재산","미등록","일반","전","전",1,236,23600000,30833247,"경기도 건설국 하천과","","경기도 구리시 안전도시국 건설과","2008-12-15","매입","농경지","2010-01-20","[토지분류코드:GC001][관리대장코드:2505139]","경기도 구리시 사노동  140 - 19"
2015,149822,"토지","일반재산","미등록","일반","잡종지","잡종지",1,4,252000,270667,"경기도 건설국 하천과","","경기도 구리시 안전도시국 건설과","2008-12-15","매입","철탑부지","2010-01-20","[토지분류코드:GC024][관리대장코드:2505140]","경기도 구리시 사노동  140 - 20"
2015,149824,"토지","일반재산","미등록","일반","전","전",1,12,1200000,1214922,"경기도 건설국 하천과","","경기도 구리시 안전도시국 건설과","2008-12-15","매입","농경지","2010-01-20","[토지분류코드:GC001][관리대장코드:2505141]","경기도 구리시 사노동  140 - 21"
2015,149826,"토지","일반재산","미등록","일반","답","답",1,192,17280000,21533538,"경기도 건설국 하천과","","경기도 구리시 안전도시국 건설과","2008-12-15","매입","농경지","2010-01-20","[토지분류코드:GC002][관리대장코드:2505143]","경기도 구리시 사노동  140 - 22"
2015,190641,"토지","일반재산","미등록","일반","전","전",1,347,54062599,54062599,"경기도 건설국 하천과","","경기도 구리시 안전도시국 건설과","2015-01-29","분할취득","농경지","2007-07-18","[토지분류코드:GC001][관리대장코드:2505135]","경기도 구리시 사노동  140 - 23"
2015,190643,"토지","일반재산","미등록","일반","전","전",1,245,24010000,24010000,"경기도 건설국 하천과","","경기도 구리시 안전도시국 건설과","2015-01-29","분할취득","농경지","2007-07-18","[토지분류코드:GC002][관리대장코드:2505137]","경기도 구리시 사노동  140 - 24"
2015,174686,"토지","행정재산","공공용재산","일반","하천","하천",1,636,55977090,57263690,"경기도 건설국 하천과","","경기도 구리시 안전도시국 건설과","2012-04-09","매입","사노동 152-1","2012-06-07","","경기도 구리시 사노동  152 - 1"
2015,186018,"토지","행정재산","공공용재산","일반","하천","하천",1,1398,23231948,139102030,"경기도 건설국 하천과","","경기도 구리시 안전도시국 건설과","2014-02-11","매입","토지","2014-06-26","","경기도 구리시 사노동  152 - 2"
2015,172648,"토지","행정재산","공공용재산","일반","하천","하천",1,194.3,666600,18348334,"경기도 건설국 하천과","","경기도 구리시 안전도시국 건설과","2011-11-11","매입","사노동 152-3","2012-02-14","","경기도 구리시 사노동  152 - 3"
2015,172151,"토지","행정재산","공공용재산","일반","제방","제방",1,88,7618286,8284886,"경기도 건설국 하천과","","경기도 구리시 안전도시국 건설과","2011-11-14","매입","지방하천","2011-12-20","","경기도 구리시 사노동  152 - 5"
2015,70593,"토지","행정재산","공공용재산","일반","답","답",1,482,630938000,630938000,"경기도 건설국 도로정책과","","경기도 구리시 안전도시국 건설과","1995-06-09","매입","도  로","2007-07-18","[토지분류코드:GA202][관리대장코드:2505094]","경기도 구리시 인창동  22 - 15"
2015,70597,"토지","행정재산","공공용재산","일반","답","답",1,27,3861000,3861000,"경기도 건설국 도로정책과","","경기도 구리시 안전도시국 건설과","1988-12-07","매입","도  로","2007-07-18","[토지분류코드:GA202][관리대장코드:2505098]","경기도 구리시 인창동  22 - 71"
2015,70433,"토지","행정재산","공공용재산","일반","답","답",1,547,50542800,44072000,"경기도 건설국 하천과","","경기도 구리시 안전도시국 건설과","1995-06-09","매입","유수지","2007-07-18","[토지분류코드:GA202][관리대장코드:2504934]","경기도 구리시 인창동  22 - 75"
2015,149828,"토지","행정재산","공공용재산","일반","답","답",1,240,13440000,19336892,"경기도 건설국 하천과","","경기도 구리시 안전도시국 건설과","2008-12-15","매입","유수지","2010-01-20","[토지분류코드:GA202][관리대장코드:2504934]","경기도 구리시 인창동  22 - 111"
2015,115927,"토지","행정재산","공공용재산","일반","하천","하천",1,375,22275000,54028000,"경기도 건설국 하천과","","경기도 구리시 안전도시국 건설과","1995-06-02","매입","","2008-01-17","","경기도 구리시 인창동  26 - 80"
2015,70605,"토지","행정재산","공공용재산","일반","답","답",1,28,2044000,2044000,"경기도 건설국 도로정책과","","경기도 구리시 안전도시국 건설과","1989-08-29","매입","도  로","2007-07-18","[토지분류코드:GA202][관리대장코드:2505106]","경기도 구리시 인창동  30 - 42"
2015,70398,"토지","행정재산","공공용재산","일반","임야","임야",1,124,6861000,6861000,"경기도 건설국 하천과","","경기도 구리시 안전도시국 건설과","1995-02-27","매입","하  천","2007-07-18","[토지분류코드:GA205][관리대장코드:2504899]","경기도 구리시 인창동  120 - 2"
2015,70444,"토지","행정재산","공공용재산","일반","전","전",1,463,111274000,111274000,"경기도 건설국 하천과","","경기도 구리시 안전도시국 건설과","1988-12-14","매입","유수지","2007-07-18","[토지분류코드:GA201][관리대장코드:2504945]","경기도 구리시 인창동  251 - 4"
2015,70633,"토지","일반재산","미등록","일반","전","전",1,202,20200000,20200000,"경기도 건설국 하천과","","경기도 구리시 안전도시국 건설과","1990-12-24","매입","농경지","2007-07-18","[토지분류코드:GC013][관리대장코드:2505134]","경기도 구리시 사노동  38 - 6"
2015,190645,"토지","일반재산","미등록","일반","전","전",1,128,12800000,12800000,"경기도 건설국 하천과","","경기도 구리시 안전도시국 건설과","2015-01-29","분할취득","농경지","2007-07-18","[토지분류코드:GC013][관리대장코드:2505134]","경기도 구리시 사노동  38 - 9"
2015,70634,"토지","일반재산","미등록","일반","전","전",1,153,23837401,23837401,"경기도 건설국 하천과","","경기도 구리시 안전도시국 건설과","1991-07-20","매입","농경지","2007-07-18","[토지분류코드:GC001][관리대장코드:2505135]","경기도 구리시 사노동  140 - 4"
2015,70435,"토지","행정재산","공공용재산","일반","답","답",1,3,691000,691000,"경기도 건설국 하천과","","경기도 구리시 안전도시국 건설과","1989-08-01","매입","유수지","2007-07-18","[토지분류코드:GA202][관리대장코드:2504936]","경기도 구리시 인창동  229 - 3"
2015,70436,"토지","행정재산","공공용재산","일반","전","전",1,343,82434000,82434000,"경기도 건설국 하천과","","경기도 구리시 안전도시국 건설과","1989-07-22","매입","유수지","2007-07-18","[토지분류코드:GA201][관리대장코드:2504937]","경기도 구리시 인창동  234 - 3"
2015,70437,"토지","행정재산","공공용재산","일반","전","전",1,1481,355933000,355933000,"경기도 건설국 하천과","","경기도 구리시 안전도시국 건설과","1989-06-28","매입","유수지","2007-07-18","[토지분류코드:GA201][관리대장코드:2504938]","경기도 구리시 인창동  239 - 3"
2015,70598,"토지","행정재산","공공용재산","일반","전","전",1,635,95250000,95250000,"경기도 건설국 도로정책과","","경기도 구리시 안전도시국 건설과","1989-06-28","매입","도  로","2007-07-18","[토지분류코드:GA201][관리대장코드:2505099]","경기도 구리시 인창동  240 - 5"
2015,70599,"토지","행정재산","공공용재산","일반","답","답",1,635,95250000,95250000,"경기도 건설국 도로정책과","","경기도 구리시 안전도시국 건설과","1989-07-27","매입","도  로","2007-07-18","[토지분류코드:GA201][관리대장코드:2505100]","경기도 구리시 인창동  241 - 4"
2015,70600,"토지","행정재산","공공용재산","일반","답","답",1,1474,221100000,221100000,"경기도 건설국 도로정책과","","경기도 구리시 안전도시국 건설과","1988-08-26","매입","도  로","2007-07-18","[토지분류코드:GA201][관리대장코드:2505101]","경기도 구리시 인창동  242 - 1"
2015,70438,"토지","행정재산","공공용재산","일반","답","답",1,1038,239086000,239086000,"경기도 건설국 하천과","","경기도 구리시 안전도시국 건설과","1989-07-27","매입","유수지","2007-07-18","[토지분류코드:GA202][관리대장코드:2504939]","경기도 구리시 인창동  244 - 1"
2015,70439,"토지","행정재산","공공용재산","일반","전","전",1,40,9613000,9613000,"경기도 건설국 하천과","","경기도 구리시 안전도시국 건설과","1989-07-27","매입","유수지","2007-07-18","[토지분류코드:GA201][관리대장코드:2504940]","경기도 구리시 인창동  245 - 3"
2015,70601,"토지","행정재산","공공용재산","일반","전","전",1,253,31625000,31625000,"경기도 건설국 도로정책과","","경기도 구리시 안전도시국 건설과","1996-08-28","매입","도  로","2007-07-18","[토지분류코드:GA201][관리대장코드:2505102]","경기도 구리시 인창동  248 - 1"
2015,70440,"토지","행정재산","공공용재산","일반","답","답",1,250,57583000,57583000,"경기도 건설국 하천과","","경기도 구리시 안전도시국 건설과","1989-07-27","매입","유수지","2007-07-18","[토지분류코드:GA202][관리대장코드:2504941]","경기도 구리시 인창동  248 - 4"
2015,70602,"토지","행정재산","공공용재산","일반","전","전",1,960,122750000,1.2e+08,"경기도 건설국 도로정책과","","경기도 구리시 안전도시국 건설과","1996-08-28","매입","도  로","2007-07-18","[토지분류코드:GA201][관리대장코드:2505103]","경기도 구리시 인창동  248 - 7"
2015,70441,"토지","행정재산","공공용재산","일반","답","답",1,58,13359000,13359000,"경기도 건설국 하천과","","경기도 구리시 안전도시국 건설과","1989-07-27","매입","유수지","2007-07-18","[토지분류코드:GA202][관리대장코드:2504942]","경기도 구리시 인창동  248 - 9"
2015,156204,"토지","행정재산","공공용재산","일반","전","전",1,22,2750000,2750000,"경기도 건설국 도로정책과","","경기도 구리시 안전도시국 건설과","2009-10-21","분할취득","도  로","2007-07-18","[토지분류코드:GA201][관리대장코드:2505103]","경기도 구리시 인창동  248 - 13"
2015,70603,"토지","행정재산","공공용재산","일반","답","답",1,959,124670000,124670000,"경기도 건설국 도로정책과","","경기도 구리시 안전도시국 건설과","1988-01-12","매입","도  로","2007-07-18","[토지분류코드:GA202][관리대장코드:2505104]","경기도 구리시 인창동  249 - 1"
2015,70442,"토지","행정재산","공공용재산","일반","답","답",1,2099,483469000,483469000,"경기도 건설국 하천과","","경기도 구리시 안전도시국 건설과","1989-06-20","매입","유수지","2007-07-18","[토지분류코드:GA202][관리대장코드:2504943]","경기도 구리시 인창동  250 - 1"
2015,70443,"토지","행정재산","공공용재산","일반","전","전",1,450,108150000,108150000,"경기도 건설국 하천과","","경기도 구리시 안전도시국 건설과","1988-12-14","매입","유수지","2007-07-18","[토지분류코드:GA201][관리대장코드:2504944]","경기도 구리시 인창동  251 - 1"
2015,70604,"토지","행정재산","공공용재산","일반","답","답",1,992,128960000,128960000,"경기도 건설국 도로정책과","","경기도 구리시 안전도시국 건설과","1988-01-12","매입","도  로","2007-07-18","[토지분류코드:GA202][관리대장코드:2505105]","경기도 구리시 인창동  252 - 1"
2015,70445,"토지","행정재산","공공용재산","일반","답","답",1,909,209373000,209373000,"경기도 건설국 하천과","","경기도 구리시 안전도시국 건설과","1989-08-11","매입","유수지","2007-07-18","[토지분류코드:GA202][관리대장코드:2504946]","경기도 구리시 인창동  253 - 1"
2015,70446,"토지","행정재산","공공용재산","일반","하천","하천",1,120,27440000,27440000,"경기도 건설국 하천과","","경기도 구리시 안전도시국 건설과","1989-06-29","매입","하  천","2007-07-18","[토지분류코드:GA213][관리대장코드:2504947]","경기도 구리시 인창동  254 - 3"
2015,70447,"토지","행정재산","공공용재산","일반","하천","하천",1,123,28126000,28126000,"경기도 건설국 하천과","","경기도 구리시 안전도시국 건설과","1989-06-29","매입","하  천","2007-07-18","[토지분류코드:GA213][관리대장코드:2504948]","경기도 구리시 인창동  254 - 7"
2015,70448,"토지","행정재산","공공용재산","일반","하천","하천",1,101,23095000,23095000,"경기도 건설국 하천과","","경기도 구리시 안전도시국 건설과","1989-06-29","매입","하  천","2007-07-18","[토지분류코드:GA213][관리대장코드:2504949]","경기도 구리시 인창동  254 - 8"
2015,70449,"토지","행정재산","공공용재산","일반","답","답",1,13,2994000,2994000,"경기도 건설국 하천과","","경기도 구리시 안전도시국 건설과","1988-08-26","매입","유수지","2007-07-18","[토지분류코드:GA202][관리대장코드:2504950]","경기도 구리시 인창동  257 - 1"
2015,70450,"토지","행정재산","공공용재산","일반","답","답",1,29,10246000,10246000,"경기도 건설국 하천과","","경기도 구리시 안전도시국 건설과","1990-05-11","매입","유수지","2007-07-18","[토지분류코드:GA202][관리대장코드:2504951]","경기도 구리시 인창동  346 - 49"
2015,70618,"토지","행정재산","공공용재산","일반","답","답",1,19,2508000,2508000,"경기도 건설국 도로정책과","","경기도 구리시 안전도시국 건설과","1990-08-06","매입","도  로","2007-07-18","[토지분류코드:GA202][관리대장코드:2505119]","경기도 구리시 인창동  353 - 1"
2015,70451,"토지","행정재산","공공용재산","일반","답","답",1,21,7420000,7420000,"경기도 건설국 하천과","","경기도 구리시 안전도시국 건설과","1990-01-20","매입","유수지","2007-07-18","[토지분류코드:GA202][관리대장코드:2504952]","경기도 구리시 인창동  354 - 1"
2015,70326,"토지","행정재산","공용재산","일반","대","대",1,657.4,1104432000,1104432000,"경기도 재난안전본부 소방행정과","경기도 구리소방서","","1998-04-16","매입","인창파출소","2007-03-15","[토지분류코드:GA108][관리대장코드:2000018]","경기도 구리시 인창동  673 - 3"
2015,70324,"토지","행정재산","공용재산","일반","대","대",1,5502,1149918000,1149918000,"경기도 재난안전본부 소방행정과","경기도 구리소방서","","1998-05-18","매입","구리소방서","2007-12-10","[토지분류코드:GA108][관리대장코드:2000016]","경기도 구리시 교문동  354 - 6"
2015,70511,"토지","행정재산","공공용재산","일반","대","대",1,145.7,35235000,35235000,"경기도 건설국 도로정책과","","경기도 구리시 안전도시국 건설과","1993-11-01","매입","도  로","2007-07-18","[토지분류코드:GA208][관리대장코드:2505012]","경기도 구리시 교문동  809 - 5"
2015,70549,"토지","행정재산","공공용재산","산","임야","임야",1,334,35738000,35738000,"경기도 건설국 도로정책과","","경기도 구리시 안전도시국 건설과","1996-10-17","매입","도  로","2007-07-18","[토지분류코드:GA205][관리대장코드:2505050]","경기도 구리시 수택동  1 - 10"
2015,70550,"토지","행정재산","공공용재산","산","임야","임야",1,689.14,36775000,36775000,"경기도 건설국 도로정책과","","경기도 구리시 안전도시국 건설과","1996-08-19","매입","도  로","2007-07-18","[토지분류코드:GA205][관리대장코드:2505051]","경기도 구리시 수택동  1 - 21"
2015,184674,"토지","행정재산","공공용재산","일반","전","전",1,826,387394000,387394000,"경기도 건설국 하천과","","경기도 구리시 안전도시국 건설과","2013-12-24","매입","토지","2014-02-28","","경기도 구리시 수택동  114 - 5"
2015,187144,"토지","행정재산","공공용재산","일반","하천","하천",1,843,58167000,59040400,"경기도 건설국 하천과","","경기도 구리시 안전도시국 건설과","2014-07-24","매입","경기도 구리시 수택동  일반번지 130-3번지","2014-08-29","","경기도 구리시 수택동  130 - 3"
2015,172047,"토지","행정재산","공공용재산","일반","하천","하천",1,635,20002500,20691100,"경기도 건설국 하천과","","경기도 구리시 안전도시국 건설과","2011-11-28","매입","경기도 구리시 수택동  일반번지 157-1번지","2011-12-19","","경기도 구리시 수택동  157 - 1"
2015,70606,"토지","행정재산","공공용재산","일반","답","답",1,17,809000,809000,"경기도 건설국 도로정책과","","경기도 구리시 안전도시국 건설과","1989-12-27","매입","도  로","2007-07-18","[토지분류코드:GA202][관리대장코드:2505107]","경기도 구리시 인창동  30 - 43"
2015,70607,"토지","행정재산","공공용재산","일반","답","답",1,42,5922000,5922000,"경기도 건설국 도로정책과","","경기도 구리시 안전도시국 건설과","1989-10-23","매입","도  로","2007-07-18","[토지분류코드:GA202][관리대장코드:2505108]","경기도 구리시 인창동  30 - 44"
2015,70608,"토지","행정재산","공공용재산","일반","답","답",1,27,807000,807000,"경기도 건설국 도로정책과","","경기도 구리시 안전도시국 건설과","1989-10-30","매입","도  로","2007-07-18","[토지분류코드:GA202][관리대장코드:2505109]","경기도 구리시 인창동  30 - 45"
2015,70399,"토지","행정재산","공공용재산","일반","임야","임야",1,14,774000,774000,"경기도 건설국 하천과","","경기도 구리시 안전도시국 건설과","1995-02-27","매입","제  방","2007-07-18","[토지분류코드:GA205][관리대장코드:2504900]","경기도 구리시 인창동  120 - 7"
2015,70429,"토지","행정재산","공공용재산","일반","전","전",1,1,240000,240000,"경기도 건설국 하천과","","경기도 구리시 안전도시국 건설과","1989-08-01","매입","유수지","2007-07-18","[토지분류코드:GA201][관리대장코드:2504930]","경기도 구리시 인창동  225 - 21"
2015,70595,"토지","행정재산","공공용재산","일반","전","전",1,174,22098000,22098000,"경기도 건설국 도로정책과","","경기도 구리시 안전도시국 건설과","1989-06-27","매입","도  로","2007-07-18","[토지분류코드:GA201][관리대장코드:2505096]","경기도 구리시 인창동  225 - 22"
2015,70596,"토지","행정재산","공공용재산","일반","전","전",1,133,17556000,17556000,"경기도 건설국 도로정책과","","경기도 구리시 안전도시국 건설과","1989-07-20","매입","도  로","2007-07-18","[토지분류코드:GA201][관리대장코드:2505097]","경기도 구리시 인창동  225 - 23"
2015,70430,"토지","행정재산","공공용재산","일반","답","답",1,1116,257052000,257052000,"경기도 건설국 하천과","","경기도 구리시 안전도시국 건설과","1989-06-29","매입","유수지","2007-07-18","[토지분류코드:GA202][관리대장코드:2504931]","경기도 구리시 인창동  226 - 5"
2015,70431,"토지","행정재산","공공용재산","일반","답","답",1,53,12207000,12207000,"경기도 건설국 하천과","","경기도 구리시 안전도시국 건설과","1989-06-29","매입","유수지","2007-07-18","[토지분류코드:GA202][관리대장코드:2504932]","경기도 구리시 인창동  226 - 6"
2015,70432,"토지","행정재산","공공용재산","일반","답","답",1,850,195783000,195783000,"경기도 건설국 하천과","","경기도 구리시 안전도시국 건설과","1989-05-18","매입","유수지","2007-07-18","[토지분류코드:GA202][관리대장코드:2504933]","경기도 구리시 인창동  227"
2015,70434,"토지","행정재산","공공용재산","일반","답","답",1,423,97431000,97431000,"경기도 건설국 하천과","","경기도 구리시 안전도시국 건설과","1989-08-01","매입","유수지","2007-07-18","[토지분류코드:GA202][관리대장코드:2504935]","경기도 구리시 인창동  228 - 3"
2015,70499,"토지","행정재산","공공용재산","일반","도로","도로",1,264,20593000,20593000,"경기도 건설국 도로정책과","","경기도 구리시 안전도시국 건설과","1984-02-07","매입","도  로","2007-07-18","[토지분류코드:GA211][관리대장코드:2505000]","경기도 구리시 갈매동  487 - 2"
2015,70500,"토지","행정재산","공공용재산","일반","전","전",1,466,1924580,1924580,"경기도 건설국 도로정책과","","경기도 구리시 안전도시국 건설과","1984-02-07","매입","도  로","2007-07-18","[토지분류코드:GA201][관리대장코드:2505001]","경기도 구리시 갈매동  487 - 4"
2015,70501,"토지","행정재산","공공용재산","일반","도로","도로",1,221,81328000,81328000,"경기도 건설국 도로정책과","","경기도 구리시 안전도시국 건설과","1983-02-23","매입","도  로","2007-07-18","[토지분류코드:GA211][관리대장코드:2505002]","경기도 구리시 갈매동  491 - 19"
2015,70502,"토지","행정재산","공공용재산","일반","도로","도로",1,2389,331942000,331942000,"경기도 건설국 도로정책과","","경기도 구리시 안전도시국 건설과","1982-11-02","매입","도  로","2007-07-18","[토지분류코드:GA211][관리대장코드:2505003]","경기도 구리시 갈매동  492 - 2"
2015,70503,"토지","행정재산","공공용재산","일반","도로","도로",1,506,48328710,48328710,"경기도 건설국 도로정책과","","경기도 구리시 안전도시국 건설과","1982-08-09","매입","도  로","2007-07-18","[토지분류코드:GA211][관리대장코드:2505004]","경기도 구리시 갈매동  500 - 2"
2015,185088,"토지","행정재산","공공용재산","산","임야","임야",1,905,44797500,90313300,"경기도 건설국 하천과","","경기도 구리시 안전도시국 건설과","2013-12-24","매입","하천","2014-03-14","","경기도 구리시 사노동  1"
2015,70630,"토지","일반재산","미등록","일반","답","답",1,1361,138822000,138822000,"경기도 건설국 하천과","","경기도 구리시 안전도시국 건설과","1990-12-24","매입","농경지","2007-02-05","[토지분류코드:GC002][관리대장코드:2505131]","경기도 구리시 사노동  28 - 5"
2015,91229,"토지","일반재산","미등록","일반","답","답",1,136,12920000,12920000,"경기도 건설국 하천과","","경기도 구리시 안전도시국 건설과","1990-12-24","매입","농경지","2007-02-05","[토지분류코드:GC002][관리대장코드:2505131]","경기도 구리시 사노동  28 - 8"
2015,91227,"토지","일반재산","미등록","일반","전","전",1,437,51129000,51129000,"경기도 건설국 하천과","","경기도 구리시 안전도시국 건설과","1990-12-24","매입","농경지","2007-02-05","[토지분류코드:GC002][관리대장코드:2505131]","경기도 구리시 사노동  28 - 9"
2015,91232,"토지","일반재산","미등록","일반","답","답",1,134,13668000,13668000,"경기도 건설국 하천과","","경기도 구리시 안전도시국 건설과","1990-12-24","매입","농경지","2007-02-05","[토지분류코드:GC002][관리대장코드:2505131]","경기도 구리시 사노동  28 - 12"
2015,91234,"토지","일반재산","미등록","일반","답","답",1,998,94810000,94810000,"경기도 건설국 하천과","","경기도 구리시 안전도시국 건설과","1990-12-24","매입","농경지","2007-02-05","[토지분류코드:GC002][관리대장코드:2505131]","경기도 구리시 사노동  28 - 13"
2015,190647,"토지","일반재산","미등록","일반","전","전",1,12,1404000,1404000,"경기도 건설국 하천과","","경기도 구리시 안전도시국 건설과","2015-01-29","분할취득","농경지","2007-02-05","[토지분류코드:GC002][관리대장코드:2505131]","경기도 구리시 사노동  28 - 22"
