"asset_ID","재산번호","재산구분명","재산종류명","행정재산구분명","산구분명","실지목명","공부지목명","재산수량","재산면적","대장가액.원.","기준가액.원.","재산관리기관명","분임관리기관명","위임관리기관명","취득일자","취득방법명","재산명칭","등록일자","비고","address","longitude","latitude","longitude","latitude","size_factor","valueBysize1","valueBysize2","MT1","CS2","PS3","SC4","AC5","PK6","OL7","SW8","BK9","CT1","AG2","PO3","AT4","AD5","FD6","CE7","HP8","PM9"
2015,44339,"토지","행정재산","공공용재산","일반","하천","하천",1,75,7087500,7087500,"경기도 건설국 도로정책과","","경기도 오산시 경제문화국 토지정보과","1998-12-05","매입","도로","2007-07-18","[토지분류코드:GA202][관리대장코드:1641650]","경기도 오산시 누읍동  279 - 1",127.0516,37.1382,127.0516,37.1382,"1",9.45,9.45,9,197,292,45,272,107,59,3,55,10,329,31,81,120,2583,188,178,76
2015,94574,"토지","행정재산","공공용재산","일반","하천","하천",1,4,58930,58930,"경기도 건설국 도로정책과","","경기도 오산시 경제문화국 토지정보과","1999-02-18","매입","도로","2007-09-18","[토지분류코드:GA202][관리대장코드:1641692]","경기도 오산시 벌음동  212 - 3",127.0422,37.1426,127.0422,37.1426,"1",1.47325,1.47325,10,200,294,46,277,109,52,4,56,11,340,32,80,122,2653,194,178,79
2015,94576,"토지","행정재산","공공용재산","일반","하천","하천",1,12,176800,176800,"경기도 건설국 하천과","","경기도 오산시 경제문화국 토지정보과","1999-02-18","매입","도로","2007-09-18","[토지분류코드:GA202][관리대장코드:1641692]","경기도 오산시 벌음동  212 - 5",127.0423,37.1425,127.0423,37.1425,"1",1.47333333333333,1.47333333333333,10,200,294,46,277,109,52,4,56,11,340,32,80,122,2652,194,178,79
2015,44382,"토지","행정재산","공공용재산","일반","하천","하천",1,17,442000,442000,"경기도 건설국 하천과","","경기도 오산시 경제문화국 토지정보과","1999-03-17","매입","도로","2007-07-18","[토지분류코드:GA202][관리대장코드:1641693]","경기도 오산시 벌음동  213 - 1",127.0426,37.1424,127.0426,37.1424,"1",2.6,2.6,10,200,294,46,277,109,52,4,56,11,339,32,80,122,2652,194,178,79
2015,44391,"토지","행정재산","공공용재산","일반","하천","하천",1,264,21822240,21822240,"경기도 건설국 하천과","","경기도 오산시 경제문화국 토지정보과","1999-03-25","매입","도로","2007-07-18","[토지분류코드:GA202][관리대장코드:1641702]","경기도 오산시 벌음동  232 - 5",127.0439,37.1411,127.0439,37.1411,"1",8.266,8.266,10,199,296,46,276,107,55,3,56,11,337,32,79,121,2647,194,178,79
2015,44392,"토지","행정재산","공공용재산","일반","하천","하천",1,14,1157240,1157240,"경기도 건설국 하천과","","경기도 오산시 경제문화국 토지정보과","1999-03-05","매입","도로","2007-07-18","[토지분류코드:GA202][관리대장코드:1641703]","경기도 오산시 벌음동  232 - 6",127.0436,37.1414,127.0436,37.1414,"1",8.266,8.266,10,200,296,46,277,107,53,3,56,11,340,32,79,121,2650,194,178,79
2015,44406,"토지","행정재산","공공용재산","일반","하천","하천",1,282,8343000,8343000,"경기도 건설국 도로정책과","","경기도 오산시 경제문화국 토지정보과","1998-10-30","매입","도로","2007-07-18","[토지분류코드:GA202][관리대장코드:1641717]","경기도 오산시 벌음동  287 - 1",127.0462,37.1394,127.0462,37.1394,"1",2.95851063829787,2.95851063829787,9,198,293,44,272,107,60,3,54,10,333,32,77,121,2619,194,178,78
2015,44542,"토지","행정재산","공공용재산","일반","하천","하천",1,50,1611500,1611500,"경기도 건설국 도로정책과","","경기도 오산시 경제문화국 토지정보과","1998-10-30","매입","도로","2007-07-18","[토지분류코드:GA208][관리대장코드:1641853]","경기도 오산시 탑동  2 - 12",127.0479,37.1394,127.0479,37.1394,"1",3.223,3.223,9,199,293,44,272,107,61,3,55,10,337,32,79,121,2617,193,178,77
2015,44541,"토지","행정재산","공공용재산","일반","하천","하천",1,86,2436380,2436380,"경기도 건설국 도로정책과","","경기도 오산시 경제문화국 토지정보과","1998-10-30","매입","도로","2007-07-18","[토지분류코드:GA202][관리대장코드:1641852]","경기도 오산시 탑동  20 - 1",127.0486,37.1394,127.0486,37.1394,"1",2.833,2.833,9,199,293,44,272,107,60,3,55,10,336,31,79,120,2612,193,178,76
2015,44543,"토지","행정재산","공공용재산","일반","하천","하천",1,430,12181900,12181900,"경기도 건설국 도로정책과","","경기도 오산시 경제문화국 토지정보과","1998-12-04","매입","도로","2007-07-18","[토지분류코드:GA202][관리대장코드:1641854]","경기도 오산시 탑동  25 - 2",127.0492,37.1391,127.0492,37.1391,"2",2.833,2.833,9,198,292,44,272,107,60,3,55,10,333,31,79,120,2607,191,178,76
2015,44544,"토지","행정재산","공공용재산","일반","하천","하천",1,8,226640,226640,"경기도 건설국 도로정책과","","경기도 오산시 경제문화국 토지정보과","1999-03-22","매입","도로","2007-07-18","[토지분류코드:GA202][관리대장코드:1641855]","경기도 오산시 탑동  32 - 3",127.0498,37.1387,127.0498,37.1387,"1",2.833,2.833,9,198,292,45,272,107,60,3,55,10,332,31,78,120,2601,190,178,76
2015,44545,"토지","행정재산","공공용재산","일반","하천","하천",1,117,3314610,3314610,"경기도 건설국 도로정책과","","경기도 오산시 경제문화국 토지정보과","1999-03-22","매입","도로","2007-07-18","[토지분류코드:GA202][관리대장코드:1641856]","경기도 오산시 탑동  32 - 4",127.0503,37.1385,127.0503,37.1385,"1",2.833,2.833,9,198,292,45,272,107,60,3,55,10,331,31,80,120,2599,190,178,76
2015,44546,"토지","행정재산","공공용재산","일반","하천","하천",1,422,11828660,11828660,"경기도 건설국 도로정책과","","경기도 오산시 경제문화국 토지정보과","1998-12-05","매입","도로","2007-07-18","[토지분류코드:GA202][관리대장코드:1641857]","경기도 오산시 탑동  57 - 2",127.0512,37.138,127.0512,37.138,"2",2.803,2.803,9,197,291,45,272,107,59,3,55,10,327,31,81,120,2590,187,178,76
2015,44547,"토지","행정재산","공공용재산","일반","하천","하천",1,326,9137780,9137780,"경기도 건설국 도로정책과","","경기도 오산시 경제문화국 토지정보과","1998-12-04","매입","도로","2007-07-18","[토지분류코드:GA202][관리대장코드:1641858]","경기도 오산시 탑동  69 - 1",127.052,37.1375,127.052,37.1375,"2",2.803,2.803,9,197,290,45,272,107,59,3,55,10,326,31,81,120,2577,186,178,76
2015,44470,"토지","행정재산","공공용재산","일반","답","답",1,81,2025000,2025000,"경기도 건설국 도로정책과","","경기도 오산시 경제문화국 토지정보과","1997-12-22","매입","도로","2007-07-18","[토지분류코드:GA202][관리대장코드:1641781]","경기도 오산시 서동  215 - 9",127.0409,37.1468,127.0409,37.1468,"1",2.5,2.5,10,200,295,46,275,112,51,4,55,12,337,33,82,122,2654,197,179,78
2015,44479,"토지","행정재산","공공용재산","일반","답","답",1,193,4632000,4632000,"경기도 건설국 도로정책과","","경기도 오산시 경제문화국 토지정보과","1997-12-17","매입","도로","2007-07-18","[토지분류코드:GA202][관리대장코드:1641790]","경기도 오산시 서동  96 - 2",127.042,37.1508,127.042,37.1508,"1",2.4,2.4,11,206,304,47,277,113,53,4,56,13,346,33,82,123,2683,204,177,75
2015,44481,"토지","행정재산","공공용재산","일반","답","답",1,291,6984000,6984000,"경기도 건설국 도로정책과","","경기도 오산시 경제문화국 토지정보과","1997-12-17","매입","도로","2007-07-18","[토지분류코드:GA202][관리대장코드:1641792]","경기도 오산시 서동  97 - 5",127.0411,37.1502,127.0411,37.1502,"1",2.4,2.4,10,203,303,47,276,113,52,4,55,13,347,33,81,123,2682,202,178,76
2015,44482,"토지","행정재산","공공용재산","일반","답","답",1,94,2256000,2256000,"경기도 건설국 도로정책과","","경기도 오산시 경제문화국 토지정보과","1997-12-22","매입","도로","2007-07-18","[토지분류코드:GA202][관리대장코드:1641793]","경기도 오산시 서동  98 - 8",127.0407,37.1494,127.0407,37.1494,"1",2.4,2.4,10,200,298,47,276,113,52,4,54,13,344,33,81,124,2678,201,178,78
2015,44483,"토지","행정재산","공공용재산","일반","답","답",1,59,1416000,1416000,"경기도 건설국 도로정책과","","경기도 오산시 경제문화국 토지정보과","1997-12-22","매입","도로","2007-07-18","[토지분류코드:GA202][관리대장코드:1641794]","경기도 오산시 서동  99 - 4",127.0406,37.1486,127.0406,37.1486,"1",2.4,2.4,10,197,296,46,276,113,52,4,53,12,343,33,81,124,2667,200,178,78
2015,44468,"토지","행정재산","공공용재산","일반","하천","하천",1,41,1025000,1025000,"경기도 건설국 도로정책과","","경기도 오산시 경제문화국 토지정보과","1999-10-11","매입","도로","2007-07-18","[토지분류코드:GA202][관리대장코드:1641779]","경기도 오산시 서동  215 - 10",127.0409,37.1471,127.0409,37.1471,"1",2.5,2.5,10,199,295,46,275,112,51,4,55,12,339,33,82,122,2657,197,179,78
2015,44469,"토지","행정재산","공공용재산","일반","하천","하천",1,87,2175000,2175000,"경기도 건설국 도로정책과","","경기도 오산시 경제문화국 토지정보과","1999-10-11","매입","도로","2007-07-18","[토지분류코드:GA202][관리대장코드:1641780]","경기도 오산시 서동  215 - 11",127.0407,37.1465,127.0407,37.1465,"1",2.5,2.5,10,201,294,46,275,112,50,4,56,12,337,33,81,122,2656,196,179,78
2015,44472,"토지","행정재산","공공용재산","일반","답","답",1,110,2750000,2750000,"경기도 건설국 도로정책과","","경기도 오산시 경제문화국 토지정보과","1997-12-22","매입","도로","2007-07-18","[토지분류코드:GA202][관리대장코드:1641783]","경기도 오산시 서동  216 - 8",127.0405,37.1481,127.0405,37.1481,"1",2.5,2.5,10,196,295,46,275,112,52,4,53,12,341,33,82,124,2659,197,178,78
2015,44451,"토지","행정재산","공공용재산","일반","하천","하천",1,13,312000,312000,"경기도 건설국 도로정책과","","경기도 오산시 경제문화국 토지정보과","1998-02-03","매입","도로","2007-07-18","[토지분류코드:GA202][관리대장코드:1641762]","경기도 오산시 서동  110 - 4",127.0408,37.1481,127.0408,37.1481,"1",2.4,2.4,10,196,295,46,275,112,52,4,53,12,341,33,83,124,2660,197,178,78
2015,44452,"토지","행정재산","공공용재산","일반","하천","하천",1,101,2424000,2424000,"경기도 건설국 도로정책과","","경기도 오산시 경제문화국 토지정보과","1998-02-03","매입","도로","2007-07-18","[토지분류코드:GA202][관리대장코드:1641763]","경기도 오산시 서동  110 - 5",127.041,37.1477,127.041,37.1477,"1",2.4,2.4,10,198,296,46,275,112,53,4,54,12,341,33,82,123,2659,197,179,78
2015,44453,"토지","행정재산","공공용재산","일반","답","답",1,10,212000,212000,"경기도 건설국 도로정책과","","경기도 오산시 경제문화국 토지정보과","1997-12-17","매입","도로","2007-07-18","[토지분류코드:GA202][관리대장코드:1641764]","경기도 오산시 서동  111 - 5",127.0412,37.1472,127.0412,37.1472,"1",2.12,2.12,10,201,295,46,275,112,51,4,56,12,339,33,82,123,2654,197,179,78
2015,44454,"토지","행정재산","공공용재산","일반","답","답",1,123,2607600,2607600,"경기도 건설국 도로정책과","","경기도 오산시 경제문화국 토지정보과","1997-12-17","매입","도로","2007-07-18","[토지분류코드:GA202][관리대장코드:1641765]","경기도 오산시 서동  111 - 6",127.041,37.1465,127.041,37.1465,"1",2.12,2.12,10,200,294,46,275,112,50,4,55,12,337,33,81,122,2653,196,179,78
2015,44455,"토지","행정재산","공공용재산","일반","하천","하천",1,228,5189280,5189280,"경기도 건설국 도로정책과","","경기도 오산시 경제문화국 토지정보과","1999-09-16","매입","도로","2007-07-18","[토지분류코드:GA202][관리대장코드:1641766]","경기도 오산시 서동  111 - 7",127.0411,37.1468,127.0411,37.1468,"1",2.276,2.276,10,200,295,46,275,112,51,4,55,12,337,33,82,122,2652,197,179,78
2015,44456,"토지","행정재산","공공용재산","일반","하천","하천",1,221,5029960,5029960,"경기도 건설국 도로정책과","","경기도 오산시 경제문화국 토지정보과","1999-03-29","매입","도로","2007-07-18","[토지분류코드:GA202][관리대장코드:1641767]","경기도 오산시 서동  112 - 7",127.0406,37.146,127.0406,37.146,"1",2.276,2.276,10,201,294,46,276,112,50,4,56,12,339,33,80,122,2656,196,179,79
2015,44458,"토지","행정재산","공공용재산","일반","하천","하천",1,255,5362650,5362650,"경기도 건설국 도로정책과","","경기도 오산시 경제문화국 토지정보과","1999-03-05","매입","도로","2007-07-18","[토지분류코드:GA202][관리대장코드:1641769]","경기도 오산시 서동  113 - 8",127.0404,37.1448,127.0404,37.1448,"1",2.103,2.103,10,201,293,46,276,112,50,4,56,12,338,33,81,122,2657,194,179,79
2015,44460,"토지","행정재산","공공용재산","일반","하천","하천",1,431,9378560,9378560,"경기도 건설국 도로정책과","","경기도 오산시 경제문화국 토지정보과","1999-03-05","매입","도로","2007-07-18","[토지분류코드:GA202][관리대장코드:1641771]","경기도 오산시 서동  144 - 6",127.0408,37.1439,127.0408,37.1439,"2",2.176,2.176,10,201,293,46,277,111,51,4,56,12,339,33,80,122,2663,194,178,79
2015,44461,"토지","행정재산","공공용재산","일반","하천","하천",1,20,453200,453200,"경기도 건설국 도로정책과","","경기도 오산시 경제문화국 토지정보과","1999-03-22","매입","도로","2007-09-19","[토지분류코드:GA202][관리대장코드:1641772]","경기도 오산시 서동  147 - 5",127.0414,37.1434,127.0414,37.1434,"1",2.266,2.266,10,201,293,46,277,110,51,4,56,12,341,33,80,122,2655,194,178,79
2015,44462,"토지","행정재산","공공용재산","일반","하천","하천",1,34,770440,770440,"경기도 건설국 도로정책과","","경기도 오산시 경제문화국 토지정보과","1999-03-22","매입","도로","2007-07-18","[토지분류코드:GA202][관리대장코드:1641773]","경기도 오산시 서동  147 - 6",127.0416,37.1431,127.0416,37.1431,"1",2.266,2.266,10,201,293,46,277,110,51,4,56,11,341,32,80,122,2653,194,178,79
2015,44463,"토지","행정재산","공공용재산","일반","하천","하천",1,76,1722160,1722160,"경기도 건설국 도로정책과","","경기도 오산시 경제문화국 토지정보과","1999-03-22","매입","도로","2007-07-18","[토지분류코드:GA202][관리대장코드:1641774]","경기도 오산시 서동  147 - 7",127.0419,37.1429,127.0419,37.1429,"1",2.266,2.266,10,201,294,46,277,110,52,4,56,11,341,32,80,122,2652,194,178,79
2015,94592,"토지","행정재산","공공용재산","일반","하천","하천",1,20,453200,453200,"경기도 건설국 도로정책과","","경기도 오산시 경제문화국 토지정보과","1999-03-22","매입","도로","2007-09-19","[토지분류코드:GA202][관리대장코드:1641772]","경기도 오산시 서동  147 - 14",127.0415,37.1433,127.0415,37.1433,"1",2.266,2.266,10,201,294,46,277,110,51,4,56,11,341,33,80,122,2654,194,178,79
2015,94594,"토지","행정재산","공공용재산","일반","하천","하천",1,3,170060,170060,"경기도 건설국 도로정책과","","경기도 오산시 경제문화국 토지정보과","1999-12-03","매입","도로","2007-09-19","[토지분류코드:GA202][관리대장코드:1641775]","경기도 오산시 서동  148 - 6",127.0421,37.1428,127.0421,37.1428,"1",5.66866666666667,5.66866666666667,10,201,294,46,277,110,52,4,56,11,340,32,80,122,2653,194,178,79
2015,163116,"토지","행정재산","공공용재산","일반","하천","하천",1,498,16434000,16434000,"경기도 건설국 하천과","","경기도 오산시 경제문화국 토지정보과","2008-02-20","누락재산등록","하천","2011-06-29","","경기도 오산시 누읍동  285 - 1",127.0503,37.1388,127.0503,37.1388,"2",3.3,3.3,9,198,292,45,272,107,60,3,55,10,331,31,80,120,2599,190,178,76
2015,44346,"토지","행정재산","공공용재산","일반","답","답",1,40,10293200,10293200,"경기도 건설국 도로정책과","","경기도 오산시 경제문화국 토지정보과","1986-05-10","매입","도로","2007-07-18","[토지분류코드:GA202][관리대장코드:1641657]","경기도 오산시 누읍동  426 - 7",127.0494,37.1435,127.0494,37.1435,"1",25.733,25.733,10,209,299,47,276,111,60,4,57,11,347,33,82,122,2644,196,178,76
2015,44350,"토지","행정재산","공공용재산","일반","하천","하천",1,475,26600000,26600000,"경기도 건설국 도로정책과","","경기도 오산시 경제문화국 토지정보과","1999-03-22","매입","도로","2007-07-18","[토지분류코드:GA202][관리대장코드:1641661]","경기도 오산시 누읍동  512 - 1",127.0493,37.1392,127.0493,37.1392,"2",5.6,5.6,9,198,293,45,272,107,60,3,55,10,334,31,79,120,2605,191,178,76
2015,44351,"토지","행정재산","공공용재산","일반","하천","하천",1,649,40452170,40452170,"경기도 건설국 도로정책과","","경기도 오산시 경제문화국 토지정보과","1998-10-30","매입","도로","2007-07-18","[토지분류코드:GA202][관리대장코드:1641662]","경기도 오산시 누읍동  518 - 1",127.0476,37.1396,127.0476,37.1396,"3",6.233,6.233,9,199,294,44,272,107,61,3,55,11,338,32,78,121,2618,195,178,78
2015,44355,"토지","행정재산","공공용재산","일반","하천","하천",1,311,18660000,18660000,"경기도 건설국 도로정책과","","경기도 오산시 경제문화국 토지정보과","1998-12-23","매입","도로","2007-07-18","[토지분류코드:GA202][관리대장코드:1641666]","경기도 오산시 누읍동  537 - 2",127.0463,37.1396,127.0463,37.1396,"2",6,6,9,198,295,45,272,107,60,3,54,11,332,32,77,121,2619,195,178,78
2015,44357,"토지","행정재산","공공용재산","일반","하천","하천",1,158,3128400,3128400,"경기도 건설국 하천과","","경기도 오산시 경제문화국 토지정보과","1998-10-30","매입","도로","2007-09-18","[토지분류코드:GA202][관리대장코드:1641668]","경기도 오산시 누읍동  545 - 2",127.0455,37.1398,127.0455,37.1398,"1",1.98,1.98,9,198,294,45,272,107,59,3,54,11,332,32,77,121,2624,194,178,78
2015,94596,"토지","행정재산","공공용재산","일반","하천","하천",1,8,453510,453510,"경기도 건설국 하천과","","경기도 오산시 경제문화국 토지정보과","1999-12-03","매입","도로","2007-09-19","[토지분류코드:GA202][관리대장코드:1641775]","경기도 오산시 서동  148 - 9",127.0422,37.1428,127.0422,37.1428,"1",5.668875,5.668875,10,201,294,46,277,110,52,4,56,11,339,32,80,122,2653,194,178,79
2015,44465,"토지","행정재산","공공용재산","일반","하천","하천",1,410,10660000,10660000,"경기도 건설국 도로정책과","","경기도 오산시 경제문화국 토지정보과","1999-03-05","매입","도로","2007-07-18","[토지분류코드:GA202][관리대장코드:1641776]","경기도 오산시 서동  187 - 1",127.0404,37.1441,127.0404,37.1441,"2",2.6,2.6,10,201,293,46,276,111,50,4,56,12,339,33,81,122,2660,194,178,79
2015,163108,"토지","행정재산","공공용재산","일반","하천","하천",1,21,934500,934500,"경기도 건설국 하천과","","경기도 오산시 경제문화국 토지정보과","2008-02-20","누락재산등록","하천","2011-06-29","","경기도 오산시 서동  187 - 2",127.0404,37.1437,127.0404,37.1437,"1",4.45,4.45,10,201,293,46,277,110,50,4,56,12,339,33,80,122,2660,194,178,79
2015,44381,"토지","행정재산","공공용재산","일반","하천","하천",1,8,117870,117870,"경기도 건설국 하천과","","경기도 오산시 경제문화국 토지정보과","1999-02-18","매입","도로","2007-09-18","[토지분류코드:GA202][관리대장코드:1641692]","경기도 오산시 벌음동  212 - 1",127.0424,37.1425,127.0424,37.1425,"1",1.473375,1.473375,10,200,294,46,277,109,52,4,56,11,339,32,80,122,2652,194,178,79
2015,44597,"토지","행정재산","공공용재산","일반","하천","하천",1,5,525000,525000,"경기도 건설국 하천과","","경기도 오산시 경제문화국 토지정보과","1998-03-11","매입","하천","2007-07-18","[토지분류코드:GC002][관리대장코드:1641908]","경기도 오산시 양산동  231 - 2",127.0272,37.2003,127.0272,37.2003,"1",10.5,10.5,27,254,577,76,829,124,64,5,106,23,890,25,96,65,4175,485,287,120
2015,44598,"토지","행정재산","공공용재산","일반","하천","하천",1,37,3885000,3885000,"경기도 건설국 하천과","","경기도 오산시 경제문화국 토지정보과","1999-12-27","매입","하천","2007-10-25","[토지분류코드:GC001][관리대장코드:1641909]","경기도 오산시 양산동  232",127.027,37.2008,127.027,37.2008,"1",10.5,10.5,27,252,578,75,845,126,63,5,109,23,895,25,95,75,4225,493,294,121
2015,44599,"토지","행정재산","공공용재산","일반","하천","하천",1,911,95655000,95655000,"경기도 건설국 하천과","","경기도 오산시 경제문화국 토지정보과","1998-12-14","매입","하천","2007-10-25","[토지분류코드:GC001][관리대장코드:1641910]","경기도 오산시 양산동  232 - 1",127.027,37.2005,127.027,37.2005,"3",10.5,10.5,26,252,578,75,829,125,64,5,108,23,894,25,96,67,4180,487,290,119
2015,44600,"토지","행정재산","공공용재산","일반","하천","하천",1,160,16800000,16800000,"경기도 건설국 하천과","","경기도 오산시 경제문화국 토지정보과","1999-12-27","매입","하천","2007-07-18","[토지분류코드:GC001][관리대장코드:1641911]","경기도 오산시 양산동  232 - 2",127.0271,37.2003,127.0271,37.2003,"1",10.5,10.5,27,254,577,76,828,125,64,5,106,23,890,25,96,64,4159,484,286,117
2015,157077,"토지","행정재산","공공용재산","일반","하천","하천",1,89,9345000,9345000,"경기도 건설국 하천과","","경기도 오산시 경제문화국 토지정보과","2008-03-11","분할취득","하천","2007-10-25","[토지분류코드:GC001][관리대장코드:1641910]","경기도 오산시 양산동  232 - 3",127.0269,37.2008,127.0269,37.2008,"1",10.5,10.5,26,251,578,75,845,127,63,5,109,23,895,25,95,75,4210,492,293,120
2015,44380,"토지","행정재산","공공용재산","일반","하천","하천",1,2,44200,44200,"경기도 건설국 도로정책과","","경기도 오산시 경제문화국 토지정보과","1998-12-04","매입","도로","2007-07-18","[토지분류코드:GA202][관리대장코드:1641691]","경기도 오산시 벌음동  211 - 2",127.042,37.1426,127.042,37.1426,"1",2.21,2.21,10,200,294,46,277,109,52,4,56,11,340,32,80,122,2654,194,178,79
2015,163109,"토지","행정재산","공공용재산","일반","하천","하천",1,18,801000,801000,"경기도 건설국 하천과","","경기도 오산시 경제문화국 토지정보과","2008-02-20","누락재산등록","하천","2011-06-29","","경기도 오산시 서동  190 - 2",127.0392,37.1437,127.0392,37.1437,"1",4.45,4.45,10,201,293,46,276,110,50,4,56,12,341,33,76,121,2654,194,178,79
2015,163110,"토지","행정재산","공공용재산","일반","하천","하천",1,16,712000,712000,"경기도 건설국 하천과","","경기도 오산시 경제문화국 토지정보과","2008-02-20","누락재산등록","하천","2011-06-29","","경기도 오산시 서동  191 - 7",127.0389,37.1437,127.0389,37.1437,"1",4.45,4.45,10,201,293,46,276,110,50,4,56,12,341,33,75,121,2651,194,178,79
2015,163111,"토지","행정재산","공공용재산","일반","하천","하천",1,10,445000,445000,"경기도 건설국 하천과","","경기도 오산시 경제문화국 토지정보과","2008-02-20","누락재산등록","하천","2011-06-29","","경기도 오산시 서동  191 - 8",127.0391,37.1437,127.0391,37.1437,"1",4.45,4.45,10,201,293,46,276,110,50,4,56,12,341,33,76,121,2652,194,178,79
2015,44466,"토지","행정재산","공공용재산","일반","하천","하천",1,237,1950510,1950510,"경기도 건설국 도로정책과","","경기도 오산시 경제문화국 토지정보과","1999-05-24","매입","도로","2007-07-18","[토지분류코드:GA202][관리대장코드:1641777]","경기도 오산시 서동  213 - 7",127.0401,37.1447,127.0401,37.1447,"1",0.823,0.823,10,200,293,46,276,111,49,4,56,12,339,33,81,122,2658,194,179,79
2015,44467,"토지","행정재산","공공용재산","일반","하천","하천",1,315,7875000,7875000,"경기도 건설국 도로정책과","","경기도 오산시 경제문화국 토지정보과","1999-01-20","매입","도로","2007-07-18","[토지분류코드:GA202][관리대장코드:1641778]","경기도 오산시 서동  214 - 10",127.0403,37.146,127.0403,37.146,"2",2.5,2.5,10,201,294,46,276,112,50,4,56,12,340,33,80,122,2660,196,179,79
2015,44471,"토지","행정재산","공공용재산","일반","하천","하천",1,73,1825000,1825000,"경기도 건설국 도로정책과","","경기도 오산시 경제문화국 토지정보과","1998-02-17","매입","도로","2007-07-18","[토지분류코드:GA202][관리대장코드:1641782]","경기도 오산시 서동  216 - 10",127.0408,37.1477,127.0408,37.1477,"1",2.5,2.5,10,196,296,46,275,112,53,4,53,12,340,33,82,123,2658,197,179,78
2015,44474,"토지","행정재산","공공용재산","일반","답","답",1,126,3150000,3150000,"경기도 건설국 도로정책과","","경기도 오산시 경제문화국 토지정보과","1997-12-17","매입","도로","2007-07-18","[토지분류코드:GA202][관리대장코드:1641785]","경기도 오산시 서동  234 - 4",127.0404,37.1486,127.0404,37.1486,"1",2.5,2.5,10,197,296,46,276,113,52,4,53,12,344,33,81,124,2667,200,178,78
2015,44475,"토지","행정재산","공공용재산","일반","답","답",1,39,936000,936000,"경기도 건설국 도로정책과","","경기도 오산시 경제문화국 토지정보과","1997-12-22","매입","도로","2007-07-18","[토지분류코드:GA202][관리대장코드:1641786]","경기도 오산시 서동  235 - 3",127.0405,37.1496,127.0405,37.1496,"1",2.4,2.4,10,200,298,47,276,113,52,4,54,13,343,33,81,124,2674,201,177,78
2015,44476,"토지","행정재산","공공용재산","일반","답","답",1,235,5640000,5640000,"경기도 건설국 도로정책과","","경기도 오산시 경제문화국 토지정보과","1997-12-22","매입","도로","2007-07-18","[토지분류코드:GA202][관리대장코드:1641787]","경기도 오산시 서동  236 - 4",127.0411,37.1504,127.0411,37.1504,"1",2.4,2.4,10,203,303,47,276,113,52,4,55,13,346,33,81,123,2679,202,178,76
2015,44477,"토지","행정재산","공공용재산","일반","답","답",1,206,4944000,4944000,"경기도 건설국 도로정책과","","경기도 오산시 경제문화국 토지정보과","1997-12-17","매입","도로","2007-07-18","[토지분류코드:GA202][관리대장코드:1641788]","경기도 오산시 서동  237 - 6",127.0418,37.1509,127.0418,37.1509,"1",2.4,2.4,11,206,303,47,276,114,54,4,57,13,345,33,82,123,2676,204,177,75
2015,163102,"토지","행정재산","공공용재산","일반","하천","하천",1,43,1913500,1913500,"경기도 건설국 하천과","","경기도 오산시 경제문화국 토지정보과","2008-02-20","누락재산등록","하천","2011-06-29","","경기도 오산시 벌음동  43 - 10",127.039,37.1436,127.039,37.1436,"1",4.45,4.45,10,201,293,46,276,110,50,4,56,12,341,33,76,121,2654,194,178,79
2015,163103,"토지","행정재산","공공용재산","일반","하천","하천",1,31,1379500,1379500,"경기도 건설국 하천과","","경기도 오산시 경제문화국 토지정보과","2008-02-20","누락재산등록","하천","2011-06-29","","경기도 오산시 벌음동  43 - 12",127.0395,37.1436,127.0395,37.1436,"1",4.45,4.45,10,201,293,46,276,110,50,4,56,12,342,33,78,121,2655,194,178,79
2015,44409,"토지","행정재산","공공용재산","일반","하천","하천",1,9,234000,234000,"경기도 건설국 도로정책과","","경기도 오산시 경제문화국 토지정보과","1998-10-30","매입","도로","2007-07-18","[토지분류코드:GA202][관리대장코드:1641720]","경기도 오산시 벌음동  44 - 5",127.0408,37.1436,127.0408,37.1436,"1",2.6,2.6,10,201,293,46,277,110,51,4,56,12,339,33,80,122,2661,194,178,79
2015,163104,"토지","행정재산","공공용재산","일반","하천","하천",1,49,2180500,2180500,"경기도 건설국 하천과","","경기도 오산시 경제문화국 토지정보과","2008-02-20","누락재산등록","하천","2011-06-29","","경기도 오산시 벌음동  44 - 6",127.0399,37.1436,127.0399,37.1436,"1",4.45,4.45,10,201,293,46,276,110,50,4,56,12,341,33,79,122,2656,194,178,79
2015,163105,"토지","행정재산","공공용재산","일반","답","답",1,21,934500,934500,"경기도 건설국 하천과","","경기도 오산시 경제문화국 토지정보과","2008-02-20","누락재산등록","하천","2011-06-29","","경기도 오산시 벌음동  44 - 7",127.0401,37.1436,127.0401,37.1436,"1",4.45,4.45,10,201,293,46,277,110,50,4,56,12,340,33,79,122,2659,194,178,79
2015,163106,"토지","행정재산","공공용재산","일반","하천","하천",1,60,2670000,2670000,"경기도 건설국 하천과","","경기도 오산시 경제문화국 토지정보과","2008-02-20","누락재산등록","하천","2011-06-29","","경기도 오산시 벌음동  44 - 8",127.0402,37.1436,127.0402,37.1436,"1",4.45,4.45,10,201,293,46,277,110,50,4,56,12,340,33,80,122,2659,194,178,79
2015,163107,"토지","행정재산","공공용재산","일반","하천","하천",1,71,3159500,3159500,"경기도 건설국 하천과","","경기도 오산시 경제문화국 토지정보과","2008-02-20","누락재산등록","하천","2011-06-29","","경기도 오산시 벌음동  44 - 9",127.0406,37.1436,127.0406,37.1436,"1",4.45,4.45,10,201,293,46,277,110,50,4,56,12,339,33,80,122,2661,194,178,79
2015,109471,"토지","행정재산","공공용재산","일반","하천","하천",1,40,680000,680000,"경기도 건설국 도로정책과","","경기도 오산시 경제문화국 토지정보과","2000-10-31","매입","","2009-12-14","","경기도 오산시 벌음동  45 - 4",127.0408,37.1435,127.0408,37.1435,"1",1.7,1.7,10,201,293,46,277,110,50,4,56,12,341,33,80,122,2661,194,178,79
2015,44410,"토지","행정재산","공공용재산","일반","하천","하천",1,150,3819000,3819000,"경기도 건설국 도로정책과","","경기도 오산시 경제문화국 토지정보과","1998-12-04","매입","도로","2007-07-18","[토지분류코드:GA202][관리대장코드:1641721]","경기도 오산시 벌음동  45 - 5",127.0411,37.1433,127.0411,37.1433,"1",2.546,2.546,10,201,293,46,277,110,51,4,56,11,341,33,80,122,2657,194,178,79
2015,176649,"용익물권","행정재산","공용재산","일반","미등록","미등록",1,84.98,1.9e+08,1.9e+08,"경기도 재난안전본부 소방행정과","경기도 경기도소방학교","","2012-09-18","매입","소방학교 관사","2012-09-18","","경기도 오산시 청호동  333",127.0822,37.1296,127.0822,37.1296,"1",223.582019298659,223.582019298659,9,184,250,35,246,112,57,3,55,10,311,33,82,117,2459,172,161,72
2015,91121,"건물","행정재산","공용재산","일반","미등록","미등록",1,925.9,964407130,1055867000,"경기도 재난안전본부 소방행정과","경기도 오산소방서 소방행정과","","2006-12-28","매입","오산 중앙119안전센터","2009-04-13","","경기도 오산시 오산동  922 - 1",127.0766,37.1532,127.0766,37.1532,"3",104.158886488822,114.036829031213,12,215,346,58,383,124,65,4,71,12,491,31,89,121,2835,250,204,80
2015,90584,"건물","행정재산","공용재산","일반","미등록","미등록",1,519.8,450462230,396813100,"경기도 재난안전본부 소방행정과","경기도 오산소방서","","1997-08-26","매입","원동파출소","2009-04-13","","경기도 오산시 원동  807 - 1",127.0722,37.1336,127.0722,37.1336,"3",86.6606829549827,76.3395729126587,10,199,275,37,255,115,54,3,57,10,329,33,82,116,2557,176,165,72
2015,138980,"건물","행정재산","공용재산","산","미등록","미등록",1,147.24,48569764,56157283,"경기도 경기도산림환경연구소","","","2007-10-18","매입","관리사무실","2009-04-22","","경기도 오산시 금암동  86 - 1",127.0537,37.1676,127.0537,37.1676,"1",32.9867997826678,38.1399640043466,22,292,589,76,830,149,56,5,112,23,829,40,85,153,4328,475,341,132
2015,97362,"건물","행정재산","공용재산","일반","미등록","미등록",1,23.32,8145023,8894240,"경기도 경기도산림환경연구소","","","2007-10-18","매입","체육공원간이화장실","2007-12-06","","경기도 오산시 금암동  260",127.0551,37.1655,127.0551,37.1655,"1",34.9271998284734,38.1399656946827,20,283,548,70,802,142,56,5,110,23,782,36,87,151,4117,451,334,130
2015,97364,"건물","행정재산","공용재산","일반","미등록","미등록",1,23.32,8145023,8894240,"경기도 경기도산림환경연구소","","","2007-05-25","매입","화장실","2009-04-22","","경기도 오산시 수청동  282",127.0599,37.1683,127.0599,37.1683,"1",34.9271998284734,38.1399656946827,23,293,601,80,829,152,55,5,112,23,851,36,87,152,4303,474,344,133
2015,97366,"건물","행정재산","공용재산","일반","미등록","미등록",1,88.58,34723360,13566473,"경기도 경기도산림환경연구소","","","2007-10-18","매입","문화및집회시설(화장실)","2009-04-22","","경기도 오산시 수청동  282",127.0599,37.1683,127.0599,37.1683,"1",39.2,15.3155034996613,23,293,601,80,829,152,55,5,112,23,851,36,87,152,4303,474,344,133
2015,97367,"건물","행정재산","공용재산","일반","미등록","미등록",1,66.37,26018216,13566473,"경기도 경기도산림환경연구소","","","2007-10-18","매입","문화및집회시설(화장실)","2009-04-22","","경기도 오산시 수청동  282",127.0599,37.1683,127.0599,37.1683,"1",39.2017718848877,20.4406704836523,23,293,601,80,829,152,55,5,112,23,851,36,87,152,4303,474,344,133
2015,138976,"건물","행정재산","공용재산","일반","미등록","미등록",1,39.16,13677492,14935610,"경기도 경기도산림환경연구소","","","2007-10-18","매입","화장실","2008-03-14","","경기도 오산시 수청동  282",127.0599,37.1683,127.0599,37.1683,"1",34.9272012257406,38.1399642492339,23,293,601,80,829,152,55,5,112,23,851,36,87,152,4303,474,344,133
2015,138977,"건물","행정재산","공용재산","일반","미등록","미등록",1,8.64,3353011,3661437,"경기도 경기도산림환경연구소","","","2003-04-09","매입","매표소","2008-03-14","","경기도 오산시 수청동  282",127.0599,37.1683,127.0599,37.1683,"1",38.8079976851852,42.3777430555555,23,293,601,80,829,152,55,5,112,23,851,36,87,152,4303,474,344,133
2015,138978,"건물","행정재산","공용재산","일반","미등록","미등록",1,168.77,58946635,64368818,"경기도 경기도산림환경연구소","","","2007-05-25","매입","방문자센터","2008-03-14","","경기도 오산시 수청동  282",127.0599,37.1683,127.0599,37.1683,"1",34.9271997392902,38.1399644486579,23,293,601,80,829,152,55,5,112,23,851,36,87,152,4303,474,344,133
2015,161851,"입목죽","행정재산","공용재산","일반","미등록","미등록",1,0,1655500,1655500,"경기도 경기도산림환경연구소","","","2008-03-26","매입","방부목","2011-06-02","","경기도 오산시 수청동  332 - 4",127.0599,37.1662,127.0599,37.1662,"1",Inf,Inf,21,285,570,72,803,146,56,4,111,23,803,36,87,149,4170,452,337,128
2015,161852,"입목죽","행정재산","공용재산","일반","미등록","미등록",70,0,8932000,8932000,"경기도 경기도산림환경연구소","","","2008-05-27","매입","무궁화 화분","2011-06-02","","경기도 오산시 수청동  332 - 4",127.0599,37.1662,127.0599,37.1662,"1",Inf,Inf,21,285,570,72,803,146,56,4,111,23,803,36,87,149,4170,452,337,128
2015,161853,"입목죽","행정재산","공용재산","일반","미등록","미등록",1,0,5616000,5616000,"경기도 경기도산림환경연구소","","","2008-04-18","매입","꽃참포 외21종","2011-06-02","","경기도 오산시 수청동  332 - 4",127.0599,37.1662,127.0599,37.1662,"1",Inf,Inf,21,285,570,72,803,146,56,4,111,23,803,36,87,149,4170,452,337,128
2015,161854,"입목죽","행정재산","공용재산","일반","미등록","미등록",2,0,4404000,4404000,"경기도 경기도산림환경연구소","","","2008-05-16","매입","초화류 외 2종","2011-06-02","","경기도 오산시 수청동  332 - 4",127.0599,37.1662,127.0599,37.1662,"1",Inf,Inf,21,285,570,72,803,146,56,4,111,23,803,36,87,149,4170,452,337,128
2015,161856,"입목죽","행정재산","공용재산","일반","미등록","미등록",10,0,1600000,1600000,"경기도 경기도산림환경연구소","경기도 경기도산림환경연구소","경기도 경기도산림환경연구소","2008-06-27","매입","입목(전나무)","2011-06-02","","경기도 오산시 수청동  332 - 4",127.0599,37.1662,127.0599,37.1662,"1",Inf,Inf,21,285,570,72,803,146,56,4,111,23,803,36,87,149,4170,452,337,128
2015,161857,"입목죽","행정재산","공용재산","일반","미등록","미등록",2500,0,6750000,6750000,"경기도 경기도산림환경연구소","경기도 경기도산림환경연구소","경기도 경기도산림환경연구소","2008-06-12","매입","식물(메리골드 등 4종)","2011-06-02","","경기도 오산시 수청동  332 - 4",127.0599,37.1662,127.0599,37.1662,"1",Inf,Inf,21,285,570,72,803,146,56,4,111,23,803,36,87,149,4170,452,337,128
2015,161865,"입목죽","행정재산","공용재산","일반","미등록","미등록",14,0,10500000,10500000,"경기도 경기도산림환경연구소","경기도 경기도산림환경연구소","경기도 경기도산림환경연구소","2008-05-20","매입","입목(주목, 반송)","2011-06-02","","경기도 오산시 수청동  332 - 4",127.0599,37.1662,127.0599,37.1662,"1",Inf,Inf,21,285,570,72,803,146,56,4,111,23,803,36,87,149,4170,452,337,128
2015,161866,"입목죽","행정재산","공용재산","일반","미등록","미등록",5,0,14400000,14400000,"경기도 경기도산림환경연구소","경기도 경기도산림환경연구소","경기도 경기도산림환경연구소","2008-05-06","매입","입목(소나무)","2011-06-02","","경기도 오산시 수청동  332 - 4",127.0599,37.1662,127.0599,37.1662,"1",Inf,Inf,21,285,570,72,803,146,56,4,111,23,803,36,87,149,4170,452,337,128
2015,161868,"입목죽","행정재산","공용재산","일반","미등록","미등록",140,0,7980000,7980000,"경기도 경기도산림환경연구소","경기도 경기도산림환경연구소","경기도 경기도산림환경연구소","2008-04-18","매입","경기도 오산시 수청동  일반번지 332-4번지","2011-06-02","","경기도 오산시 수청동  332 - 4",127.0599,37.1662,127.0599,37.1662,"1",Inf,Inf,21,285,570,72,803,146,56,4,111,23,803,36,87,149,4170,452,337,128
2015,185180,"건물","행정재산","공공용재산","일반","미등록","미등록",1,119,79516220,79516220,"경기도 경기도산림환경연구소","","","2013-01-01","신축","조직배양용 유리온실","2014-03-26","","경기도 오산시 수청동  332 - 1",127.0584,37.1675,127.0584,37.1675,"1",66.8203529411765,66.8203529411765,22,292,592,76,822,151,55,5,112,23,836,37,87,152,4271,470,344,132
2015,90587,"건물","행정재산","공용재산","일반","미등록","미등록",1,66.11,4548104,3476053,"경기도 경기도산림환경연구소","","","2007-10-18","매입","수목저장고","2009-11-16","","경기도 오산시 수청동  332 - 3",127.0589,37.1672,127.0589,37.1672,"1",6.8796006655574,5.25798366359099,21,291,588,75,819,148,55,5,111,23,823,36,87,151,4240,464,341,131
2015,90590,"건물","행정재산","공용재산","일반","미등록","미등록",1,2082,798596904,767182210,"경기도 경기도산림환경연구소","","","1989-08-16","매입","사무실","2009-11-16","","경기도 오산시 수청동  332 - 4",127.0599,37.1662,127.0599,37.1662,"4",38.3572,36.8483290105668,21,285,570,72,803,146,56,4,111,23,803,36,87,149,4170,452,337,128
2015,90591,"건물","행정재산","공용재산","일반","미등록","미등록",1,557.87,86008826,95315331,"경기도 경기도산림환경연구소","","","1982-03-27","매입","연구실","2009-04-22","","경기도 오산시 수청동  332 - 4",127.0599,37.1662,127.0599,37.1662,"3",15.4173599584132,17.0855810493484,21,285,570,72,803,146,56,4,111,23,803,36,87,149,4170,452,337,128
2015,90593,"건물","행정재산","공용재산","일반","미등록","미등록",1,410.4,34731290,25793830,"경기도 경기도산림환경연구소","","","1989-08-16","매입","창고","2009-11-16","","경기도 오산시 수청동  332 - 4",127.0599,37.1662,127.0599,37.1662,"2",8.46278996101365,6.2850462962963,21,285,570,72,803,146,56,4,111,23,803,36,87,149,4170,452,337,128
2015,90595,"건물","행정재산","공용재산","일반","미등록","미등록",1,140,9873255,90735325,"경기도 경기도산림환경연구소","","","1989-08-16","매입","차고","2009-11-16","","경기도 오산시 수청동  332 - 4",127.0599,37.1662,127.0599,37.1662,"1",7.052325,64.8109464285714,21,285,570,72,803,146,56,4,111,23,803,36,87,149,4170,452,337,128
2015,90596,"건물","행정재산","공용재산","일반","미등록","미등록",1,84,7108744,27857337,"경기도 경기도산림환경연구소","","","1989-08-16","매입","온실용창고","2009-11-16","","경기도 오산시 수청동  332 - 4",127.0599,37.1662,127.0599,37.1662,"1",8.46279047619048,33.1634964285714,21,285,570,72,803,146,56,4,111,23,803,36,87,149,4170,452,337,128
2015,90597,"건물","행정재산","공용재산","일반","미등록","미등록",1,329.6,15496309,145742511,"경기도 경기도산림환경연구소","","","2007-12-31","매입","온실","2009-04-22","","경기도 오산시 수청동  332 - 4",127.0599,37.1662,127.0599,37.1662,"2",4.70155006067961,44.217994842233,21,285,570,72,803,146,56,4,111,23,803,36,87,149,4170,452,337,128
2015,90598,"건물","행정재산","공용재산","일반","미등록","미등록",1,415,19511433,217279770,"경기도 경기도산림환경연구소","","","1989-08-16","매입","온실","2009-11-16","","경기도 오산시 수청동  332 - 4",127.0599,37.1662,127.0599,37.1662,"2",4.70155012048193,52.3565710843373,21,285,570,72,803,146,56,4,111,23,803,36,87,149,4170,452,337,128
2015,138979,"건물","행정재산","공용재산","일반","미등록","미등록",1,38.79,13685112,13685112,"경기도 경기도산림환경연구소","","","2007-10-18","매입","화장실","2008-03-14","","경기도 오산시 수청동  332 - 4",127.0599,37.1662,127.0599,37.1662,"1",35.28,35.28,21,285,570,72,803,146,56,4,111,23,803,36,87,149,4170,452,337,128
2015,179244,"건물","행정재산","공공용재산","일반","미등록","미등록",1,1132.41,2192969020,3317635710,"경기도 경기도산림환경연구소","","","2009-07-23","신축","물향기수목원 유리온실","2013-01-07","","경기도 오산시 수청동  332 - 4",127.0599,37.1662,127.0599,37.1662,"4",193.655038369495,292.971248046202,21,285,570,72,803,146,56,4,111,23,803,36,87,149,4170,452,337,128
2015,97365,"건물","행정재산","공용재산","일반","미등록","미등록",1,1653.85,717678284,233192850,"경기도 경기도산림환경연구소","","","2007-10-18","매입","산림전시관","2009-04-22","","경기도 오산시 수청동  332 - 5",127.059,37.1652,127.059,37.1652,"4",43.394399975814,14.1,20,281,543,71,794,144,57,4,110,23,778,35,87,147,4079,444,337,128
2015,44548,"토지","행정재산","공공용재산","일반","하천","하천",1,281,7876430,7876430,"경기도 건설국 도로정책과","","경기도 오산시 경제문화국 토지정보과","1999-03-05","매입","도로","2007-07-18","[토지분류코드:GA202][관리대장코드:1641859]","경기도 오산시 탑동  72 - 2",127.0526,37.1368,127.0526,37.1368,"1",2.803,2.803,9,197,290,45,272,108,58,3,55,10,326,31,79,121,2575,182,178,76
2015,44333,"토지","행정재산","공공용재산","일반","하천","하천",1,101,8494100,8494100,"경기도 건설국 도로정책과","","경기도 오산시 경제문화국 토지정보과","1998-12-17","매입","도로","2007-07-18","[토지분류코드:GA202][관리대장코드:1641644]","경기도 오산시 누읍동  215 - 3",127.0549,37.1347,127.0549,37.1347,"1",8.41,8.41,9,197,291,44,273,107,55,3,55,10,324,32,81,120,2571,182,178,76
2015,44334,"토지","행정재산","공공용재산","일반","하천","하천",1,61,7301700,7301700,"경기도 건설국 도로정책과","","경기도 오산시 경제문화국 토지정보과","1998-12-05","매입","도로","2007-07-18","[토지분류코드:GA202][관리대장코드:1641645]","경기도 오산시 누읍동  229 - 2",127.0546,37.135,127.0546,37.135,"1",11.97,11.97,9,197,291,44,273,108,55,3,55,10,324,30,81,120,2568,182,178,76
2015,44335,"토지","행정재산","공공용재산","일반","답","답",1,75,8977500,8977500,"경기도 건설국 도로정책과","","경기도 오산시 경제문화국 토지정보과","1998-12-05","매입","도로","2007-07-18","[토지분류코드:GA202][관리대장코드:1641646]","경기도 오산시 누읍동  229 - 5",127.0543,37.1354,127.0543,37.1354,"1",11.97,11.97,9,196,292,44,273,108,56,3,55,10,323,30,80,119,2565,182,178,76
2015,44336,"토지","행정재산","공공용재산","일반","하천","하천",1,139,16638300,16638300,"경기도 건설국 도로정책과","","경기도 오산시 경제문화국 토지정보과","1998-10-30","매입","도로","2007-07-18","[토지분류코드:GA202][관리대장코드:1641647]","경기도 오산시 누읍동  236 - 2",127.0536,37.1361,127.0536,37.1361,"1",11.97,11.97,9,195,290,43,272,108,58,3,55,10,323,30,80,121,2562,182,178,76
2015,44337,"토지","행정재산","공공용재산","일반","답","답",1,19,2274300,2274300,"경기도 건설국 도로정책과","","경기도 오산시 경제문화국 토지정보과","1998-10-30","매입","도로","2007-07-18","[토지분류코드:GA202][관리대장코드:1641648]","경기도 오산시 누읍동  236 - 5",127.0539,37.1358,127.0539,37.1358,"1",11.97,11.97,9,195,290,43,273,108,58,3,55,10,323,30,80,119,2563,182,178,76
2015,44338,"토지","행정재산","공공용재산","일반","하천","하천",1,300,25500000,25500000,"경기도 건설국 도로정책과","","경기도 오산시 경제문화국 토지정보과","1998-10-30","매입","도로","2007-07-18","[토지분류코드:GA202][관리대장코드:1641649]","경기도 오산시 누읍동  247 - 3",127.0529,37.1369,127.0529,37.1369,"2",8.5,8.5,9,197,290,45,272,108,58,3,55,10,326,31,79,121,2575,182,178,76
2015,44595,"토지","행정재산","공공용재산","일반","하천","하천",1,173,18165000,18165000,"경기도 건설국 하천과","","경기도 오산시 경제문화국 토지정보과","1998-03-19","매입","하천","2007-07-18","[토지분류코드:GC002][관리대장코드:1641906]","경기도 오산시 양산동  229 - 3",127.0281,37.2001,127.0281,37.2001,"1",10.5,10.5,26,257,576,76,825,126,64,4,107,23,894,25,97,66,4234,489,290,121
2015,44596,"토지","행정재산","공공용재산","일반","하천","하천",1,916,96180000,96180000,"경기도 건설국 하천과","","경기도 오산시 경제문화국 토지정보과","1998-03-11","매입","하천","2007-07-18","[토지분류코드:GC002][관리대장코드:1641907]","경기도 오산시 양산동  231 - 1",127.0276,37.2002,127.0276,37.2002,"3",10.5,10.5,26,256,578,76,835,124,64,5,107,23,895,25,96,67,4217,488,291,121
2015,44367,"토지","행정재산","공공용재산","일반","하천","하천",1,18,1782000,1782000,"경기도 건설국 하천과","","경기도 오산시 경제문화국 토지정보과","1998-10-30","매입","도로","2007-07-18","[토지분류코드:GA202][관리대장코드:1641678]","경기도 오산시 누읍동  578 - 6",127.0444,37.141,127.0444,37.141,"1",9.9,9.9,10,199,295,46,276,107,57,3,55,11,336,32,79,121,2645,194,178,78
2015,44368,"토지","행정재산","공공용재산","일반","하천","하천",1,7,345310,345310,"경기도 건설국 하천과","","경기도 오산시 경제문화국 토지정보과","1999-11-11","매입","도로","2007-07-18","[토지분류코드:GA202][관리대장코드:1641679]","경기도 오산시 누읍동  582 - 7",127.043,37.1425,127.043,37.1425,"1",4.933,4.933,10,200,294,46,277,109,52,4,56,11,339,32,80,122,2654,194,178,79
2015,44573,"토지","행정재산","공공용재산","일반","하천","하천",1,313,33804000,33804000,"경기도 건설국 하천과","","경기도 오산시 경제문화국 토지정보과","1999-10-26","매입","하천","2007-07-18","[토지분류코드:GC002][관리대장코드:1641884]","경기도 오산시 양산동  10 - 9",127.0339,37.2,127.0339,37.2,"2",10.8,10.8,26,276,598,79,899,120,67,4,109,22,940,23,98,61,4408,507,305,122
2015,44575,"토지","행정재산","공공용재산","일반","하천","하천",1,47,5076000,5076000,"경기도 건설국 하천과","","경기도 오산시 경제문화국 토지정보과","1999-10-26","매입","하천","2007-07-18","[토지분류코드:GC015][관리대장코드:1641886]","경기도 오산시 양산동  204 - 3",127.0342,37.1999,127.0342,37.1999,"1",10.8,10.8,26,280,599,80,897,119,67,4,108,22,941,23,98,61,4435,509,307,122
2015,44576,"토지","행정재산","공공용재산","일반","하천","하천",1,13,1404000,1404000,"경기도 건설국 하천과","","경기도 오산시 경제문화국 토지정보과","1999-10-26","매입","하천","2007-07-18","[토지분류코드:GC015][관리대장코드:1641887]","경기도 오산시 양산동  204 - 5",127.0342,37.2,127.0342,37.2,"1",10.8,10.8,26,281,600,80,899,119,67,4,109,22,939,23,98,61,4419,507,307,122
2015,44577,"토지","행정재산","공공용재산","일반","하천","하천",1,19,2052000,2052000,"경기도 건설국 하천과","","경기도 오산시 경제문화국 토지정보과","1999-10-26","매입","하천","2007-07-18","[토지분류코드:GC015][관리대장코드:1641888]","경기도 오산시 양산동  204 - 6",127.0343,37.1999,127.0343,37.1999,"1",10.8,10.8,26,279,599,80,897,118,67,4,108,22,941,23,97,61,4435,509,307,122
2015,44580,"토지","행정재산","공공용재산","일반","하천","하천",1,30,3240000,3240000,"경기도 건설국 하천과","","경기도 오산시 경제문화국 토지정보과","1999-10-26","매입","하천","2007-07-18","[토지분류코드:GC001][관리대장코드:1641891]","경기도 오산시 양산동  205 - 3",127.0337,37.2,127.0337,37.2,"1",10.8,10.8,26,276,597,78,898,121,67,4,109,22,939,23,98,62,4398,506,305,122
2015,44582,"토지","행정재산","공공용재산","일반","하천","하천",1,40,4320000,4320000,"경기도 건설국 하천과","","경기도 오산시 경제문화국 토지정보과","1999-10-26","매입","하천","2007-07-18","[토지분류코드:GC001][관리대장코드:1641893]","경기도 오산시 양산동  206 - 1",127.0336,37.2,127.0336,37.2,"1",10.8,10.8,26,276,597,78,898,121,66,4,109,22,939,23,98,64,4395,506,305,122
2015,44584,"토지","행정재산","공공용재산","일반","하천","하천",1,56,6216000,6216000,"경기도 건설국 하천과","","경기도 오산시 경제문화국 토지정보과","1999-10-26","매입","하천","2007-07-18","[토지분류코드:GC001][관리대장코드:1641895]","경기도 오산시 양산동  212 - 1",127.0321,37.1999,127.0321,37.1999,"1",11.1,11.1,27,273,586,77,891,122,64,4,108,22,934,24,99,68,4369,507,305,122
2015,44585,"토지","행정재산","공공용재산","일반","하천","하천",1,678,70512000,70512000,"경기도 건설국 하천과","","경기도 오산시 경제문화국 토지정보과","1998-03-09","매입","하천","2007-07-18","[토지분류코드:GC001][관리대장코드:1641896]","경기도 오산시 양산동  212 - 2",127.031,37.1998,127.031,37.1998,"3",10.4,10.4,27,267,581,78,868,125,64,4,106,23,917,25,100,68,4334,505,303,121
2015,44586,"토지","행정재산","공공용재산","일반","하천","하천",1,729,80919000,80919000,"경기도 건설국 하천과","","경기도 오산시 경제문화국 토지정보과","1999-10-26","매입","하천","2007-07-18","[토지분류코드:GC001][관리대장코드:1641897]","경기도 오산시 양산동  212 - 3",127.0322,37.1998,127.0322,37.1998,"3",11.1,11.1,27,273,585,76,891,122,64,4,108,22,932,24,99,68,4373,509,304,121
2015,44572,"토지","행정재산","공공용재산","일반","하천","하천",1,69,7452000,7452000,"경기도 건설국 하천과","","경기도 오산시 경제문화국 토지정보과","1999-10-26","매입","하천","2007-07-18","[토지분류코드:GC002][관리대장코드:1641883]","경기도 오산시 양산동  10 - 8",127.0314,37.1995,127.0314,37.1995,"1",10.8,10.8,27,269,581,77,872,125,64,4,107,23,922,23,100,68,4347,507,303,121
2015,44571,"토지","행정재산","공공용재산","일반","하천","하천",1,1870,201960000,201960000,"경기도 건설국 하천과","","경기도 오산시 경제문화국 토지정보과","1999-10-26","매입","하천","2007-07-18","[토지분류코드:GC002][관리대장코드:1641882]","경기도 오산시 양산동  10 - 7",127.0334,37.1999,127.0334,37.1999,"4",10.8,10.8,26,276,595,78,896,122,66,4,109,22,939,23,98,65,4391,506,305,122
2015,44570,"토지","행정재산","공공용재산","일반","하천","하천",1,804,86832000,46872000,"경기도 건설국 하천과","","경기도 오산시 경제문화국 토지정보과","1999-10-26","매입","하천","2007-07-18","[토지분류코드:GC002][관리대장코드:1641881]","경기도 오산시 양산동  10 - 6",127.0331,37.2001,127.0331,37.2001,"3",10.8,5.82985074626866,26,276,595,79,896,121,66,4,110,22,940,24,98,67,4389,511,305,122
2015,44563,"토지","행정재산","공공용재산","일반","하천","하천",1,207,22356000,22356000,"경기도 건설국 하천과","","경기도 오산시 경제문화국 토지정보과","1999-10-26","매입","하천","2007-07-18","[토지분류코드:GC001][관리대장코드:1641874]","경기도 오산시 양산동  8 - 6",127.0345,37.1999,127.0345,37.1999,"1",10.8,10.8,26,280,601,81,897,118,67,4,108,22,942,23,97,61,4442,509,307,122
2015,44564,"토지","행정재산","공공용재산","일반","하천","하천",1,11,1188000,1188000,"경기도 건설국 하천과","","경기도 오산시 경제문화국 토지정보과","1999-10-26","매입","하천","2007-07-18","[토지분류코드:GC015][관리대장코드:1641875]","경기도 오산시 양산동  8 - 7",127.0343,37.2,127.0343,37.2,"1",10.8,10.8,26,280,600,80,898,119,67,4,109,22,940,23,97,61,4428,507,307,122
2015,44565,"토지","행정재산","공공용재산","일반","하천","하천",1,11,1188000,1188000,"경기도 건설국 하천과","","경기도 오산시 경제문화국 토지정보과","1999-10-26","매입","하천","2007-07-18","[토지분류코드:GC015][관리대장코드:1641876]","경기도 오산시 양산동  8 - 8",127.0343,37.1998,127.0343,37.1998,"1",10.8,10.8,26,278,600,81,897,118,67,4,108,22,942,23,98,61,4437,510,307,122
2015,44566,"토지","행정재산","공공용재산","일반","하천","하천",1,170,18360000,18360000,"경기도 건설국 하천과","","경기도 오산시 경제문화국 토지정보과","1999-10-26","매입","하천","2007-07-18","[토지분류코드:GC002][관리대장코드:1641877]","경기도 오산시 양산동  9 - 1",127.0345,37.1999,127.0345,37.1999,"1",10.8,10.8,26,280,601,81,897,118,67,4,108,22,942,23,97,61,4442,509,307,122
2015,44567,"토지","행정재산","공공용재산","일반","하천","하천",1,141,15228000,15228000,"경기도 건설국 하천과","","경기도 오산시 경제문화국 토지정보과","1999-10-26","매입","하천","2007-07-18","[토지분류코드:GC002][관리대장코드:1641878]","경기도 오산시 양산동  9 - 5",127.0345,37.1999,127.0345,37.1999,"1",10.8,10.8,26,280,601,81,897,118,67,4,108,22,942,23,97,61,4442,509,307,122
2015,44569,"토지","행정재산","공공용재산","일반","하천","하천",1,89,9612000,9612000,"경기도 건설국 하천과","","경기도 오산시 경제문화국 토지정보과","1999-10-26","매입","하천","2007-07-18","[토지분류코드:GC002][관리대장코드:1641880]","경기도 오산시 양산동  10 - 5",127.0338,37.2,127.0338,37.2,"1",10.8,10.8,26,276,598,78,898,120,67,4,109,22,940,23,98,62,4404,506,305,122
2015,166927,"토지","행정재산","공공용재산","일반","하천","하천",1,225,24975000,24975000,"경기도 건설국 하천과","","경기도 오산시 경제문화국 토지정보과","2010-12-10","분할취득","하천","2007-07-18","[토지분류코드:GC001][관리대장코드:1641895]","경기도 오산시 양산동  212 - 7",127.0317,37.1999,127.0317,37.1999,"1",11.1,11.1,27,271,583,77,878,125,64,4,107,22,930,25,99,68,4351,507,303,121
2015,166930,"토지","행정재산","공공용재산","일반","하천","하천",1,176,19536000,19536000,"경기도 건설국 하천과","","경기도 오산시 경제문화국 토지정보과","2010-12-10","분할취득","하천","2007-07-18","[토지분류코드:GC001][관리대장코드:1641897]","경기도 오산시 양산동  212 - 8",127.0314,37.1998,127.0314,37.1998,"1",11.1,11.1,27,271,583,78,877,125,64,4,107,23,929,25,100,68,4355,507,303,121
2015,44134,"토지","행정재산","공용재산","일반","대","대",1,600,276375000,276375000,"경기도 재난안전본부 소방행정과","경기도 오산소방서","","2005-11-14","매입","운암파출소","2007-12-11","[토지분류코드:][관리대장코드:2000088]","경기도 오산시 오산동  922 - 1",127.0766,37.1532,127.0766,37.1532,"3",46.0625,46.0625,12,215,346,58,383,124,65,4,71,12,491,31,89,121,2835,250,204,80
2015,44233,"토지","행정재산","공공용재산","일반","하천","하천",1,31,5518000,5518000,"경기도 건설국 하천과","","경기도 오산시 경제문화국 토지정보과","2001-07-16","매입","하천","2007-07-18","[토지분류코드:][관리대장코드:1641544]","경기도 오산시 오산동  1 - 4",127.0827,37.1615,127.0827,37.1615,"1",17.8,17.8,13,238,400,63,546,130,59,4,88,19,656,32,92,144,3334,345,262,95
2015,44232,"토지","행정재산","공공용재산","일반","공장용지","공장용지",1,21,3738000,3738000,"경기도 건설국 하천과","","경기도 오산시 경제문화국 토지정보과","2001-04-11","매입","공장용지","2007-07-18","[토지분류코드:][관리대장코드:1641543]","경기도 오산시 오산동  13 - 1",127.0829,37.1613,127.0829,37.1613,"1",17.8,17.8,13,234,397,63,542,129,59,4,87,19,651,32,92,141,3295,335,254,93
2015,44195,"토지","행정재산","공공용재산","일반","답","답",1,54,1798200,1798200,"경기도 건설국 하천과","","경기도 오산시 경제문화국 토지정보과","2001-04-11","매입","답","2007-07-18","[토지분류코드:][관리대장코드:1641506]","경기도 오산시 부산동  208 - 1",127.0896,37.1602,127.0896,37.1602,"1",3.33,3.33,11,223,375,64,502,128,55,2,84,16,600,30,87,125,3141,306,256,91
2015,186717,"토지","행정재산","공공용재산","일반","답","답",1,91,3030300,3030300,"경기도 건설국 하천과","","경기도 오산시 경제문화국 토지정보과","2014-04-30","분할취득","답","2007-07-18","[토지분류코드:][관리대장코드:1641506]","경기도 오산시 부산동  208 - 2",127.0895,37.1602,127.0895,37.1602,"1",3.33,3.33,11,223,373,64,501,128,55,2,84,16,601,30,88,125,3142,306,255,90
2015,186718,"토지","행정재산","공공용재산","일반","답","답",1,5,166500,166500,"경기도 건설국 하천과","","경기도 오산시 경제문화국 토지정보과","2014-04-30","분할취득","답","2007-07-18","[토지분류코드:][관리대장코드:1641506]","경기도 오산시 부산동  208 - 3",127.0892,37.1603,127.0892,37.1603,"1",3.33,3.33,11,224,377,64,502,128,54,2,84,16,606,30,88,125,3142,307,256,90
2015,44196,"토지","행정재산","공공용재산","일반","답","답",1,15,1995000,1995000,"경기도 건설국 하천과","","경기도 오산시 경제문화국 토지정보과","2001-05-04","매입","답","2007-07-18","[토지분류코드:][관리대장코드:1641507]","경기도 오산시 부산동  211 - 5",127.0881,37.1605,127.0881,37.1605,"1",13.3,13.3,12,227,377,64,504,130,55,3,86,16,613,30,90,125,3149,306,257,91
2015,44197,"토지","행정재산","공공용재산","일반","답","답",1,5,665000,665000,"경기도 건설국 하천과","","경기도 오산시 경제문화국 토지정보과","2001-07-24","매입","답","2007-07-18","[토지분류코드:][관리대장코드:1641508]","경기도 오산시 부산동  211 - 6",127.088,37.1606,127.088,37.1606,"1",13.3,13.3,12,229,378,64,505,130,55,3,88,16,615,30,90,125,3159,311,258,91
2015,44198,"토지","행정재산","공공용재산","일반","답","답",1,25,3350000,3350000,"경기도 건설국 하천과","","경기도 오산시 경제문화국 토지정보과","2001-07-24","매입","답","2007-07-18","[토지분류코드:][관리대장코드:1641509]","경기도 오산시 부산동  215 - 4",127.0879,37.1606,127.0879,37.1606,"1",13.4,13.4,12,229,378,64,505,130,56,3,88,16,617,30,90,125,3160,309,258,91
2015,44199,"토지","행정재산","공공용재산","일반","답","답",1,11,1474000,1474000,"경기도 건설국 하천과","","경기도 오산시 경제문화국 토지정보과","2001-06-11","매입","답","2007-07-18","[토지분류코드:][관리대장코드:1641510]","경기도 오산시 부산동  215 - 5",127.0877,37.1606,127.0877,37.1606,"1",13.4,13.4,12,230,379,65,505,130,55,3,88,16,617,30,91,125,3160,308,259,91
2015,44200,"토지","행정재산","공공용재산","일반","답","답",1,24,3216000,3216000,"경기도 건설국 하천과","","경기도 오산시 경제문화국 토지정보과","2001-04-11","매입","답","2007-07-18","[토지분류코드:][관리대장코드:1641511]","경기도 오산시 부산동  216 - 1",127.0875,37.1606,127.0875,37.1606,"1",13.4,13.4,12,229,380,65,505,130,56,3,87,16,617,30,92,125,3157,306,257,91
2015,44208,"토지","행정재산","공공용재산","일반","답","답",1,8,448800,448800,"경기도 건설국 하천과","","경기도 오산시 경제문화국 토지정보과","2001-03-26","매입","답","2007-07-18","[토지분류코드:][관리대장코드:1641519]","경기도 오산시 부산동  245 - 33",127.0843,37.161,127.0843,37.161,"1",5.61,5.61,12,230,388,63,529,129,57,4,86,19,635,31,92,130,3194,324,255,92
2015,44209,"토지","행정재산","공공용재산","일반","답","답",1,7,392700,392700,"경기도 건설국 하천과","","경기도 오산시 경제문화국 토지정보과","2001-03-26","매입","답","2007-07-18","[토지분류코드:][관리대장코드:1641520]","경기도 오산시 부산동  245 - 34",127.0842,37.161,127.0842,37.161,"1",5.61,5.61,12,230,390,63,533,128,57,4,86,19,637,31,92,130,3199,325,255,92
2015,182573,"토지","행정재산","공공용재산","일반","답","답",1,23,1290300,1290300,"경기도 건설국 하천과","","경기도 오산시 경제문화국 토지정보과","2013-07-30","분할취득","답","2007-07-18","[토지분류코드:][관리대장코드:1641520]","경기도 오산시 부산동  245 - 59",127.0843,37.161,127.0843,37.161,"1",5.61,5.61,12,230,388,63,529,129,57,4,86,19,635,31,92,130,3194,324,255,92
2015,138935,"토지","행정재산","공용재산","산","임야","임야",1,9889,1453683000,1532795000,"경기도 경기도산림환경연구소","","","1971-12-04","매입","시험림","2008-03-13","","경기도 오산시 금암동  85 - 1",127.0531,37.1676,127.0531,37.1676,"4",14.7,15.5,22,294,590,76,832,149,56,5,112,23,831,41,85,153,4345,475,342,132
2015,138938,"토지","행정재산","공용재산","산","임야","임야",1,12,1464000,1860000,"경기도 경기도산림환경연구소","","","2006-12-06","매입","시험림","2008-03-13","","경기도 오산시 금암동  85 - 3",127.0526,37.1686,127.0526,37.1686,"1",12.2,15.5,23,304,601,78,844,151,57,5,112,23,850,41,83,153,4504,477,343,134
2015,44157,"토지","행정재산","공용재산","산","유원지","유원지",1,15373,2259831000,2382815000,"경기도 경기도산림환경연구소","","","1970-08-12","매입","시험림","2007-07-18","[토지분류코드:GA105][관리대장코드:3700631]","경기도 오산시 금암동  86 - 1",127.0537,37.1676,127.0537,37.1676,"4",14.7,15.5,22,292,589,76,830,149,56,5,112,23,829,40,85,153,4328,475,341,132
2015,44158,"토지","행정재산","공용재산","산","유원지","유원지",1,99,14850000,15642000,"경기도 경기도산림환경연구소","","","1970-08-12","매입","시험림","2007-07-18","[토지분류코드:GA105][관리대장코드:3700632]","경기도 오산시 금암동  86 - 3",127.0544,37.1668,127.0544,37.1668,"1",15,15.8,22,291,577,72,822,148,56,5,111,23,821,39,85,153,4274,467,339,132
2015,44159,"토지","행정재산","공용재산","산","유원지","유원지",1,26481,4183998000,4422327000,"경기도 경기도산림환경연구소","","","1971-12-08","매입","시험림","2007-07-18","[토지분류코드:GA105][관리대장코드:3700633]","경기도 오산시 금암동  90 - 1",127.056,37.1663,127.056,37.1663,"4",15.8,16.7,22,287,570,71,811,145,56,5,110,23,803,37,88,151,4211,461,337,130
2015,44160,"토지","행정재산","공용재산","산","유원지","유원지",1,13290,2166270000,2232720000,"경기도 경기도산림환경연구소","","","1970-06-29","매입","시험림","2007-07-18","[토지분류코드:GA105][관리대장코드:3700634]","경기도 오산시 금암동  91",127.0574,37.1663,127.0574,37.1663,"4",16.3,16.8,21,288,571,71,811,145,56,5,110,23,806,37,87,151,4192,457,339,131
2015,44135,"토지","행정재산","공용재산","일반","유원지","유원지",1,26,7176000,9490000,"경기도 경기도산림환경연구소","","","1970-02-10","매입","시험포지","2007-07-18","[토지분류코드:GA101][관리대장코드:3700609]","경기도 오산시 금암동  233 - 1",127.056,37.1696,127.056,37.1696,"1",27.6,36.5,24,307,619,83,850,154,55,5,115,23,875,41,86,153,4553,490,350,135
2015,44136,"토지","행정재산","공용재산","일반","유원지","유원지",1,192,15648000,16147200,"경기도 경기도산림환경연구소","","","1970-02-10","매입","도로","2007-07-18","[토지분류코드:GA111][관리대장코드:3700610]","경기도 오산시 금암동  233 - 2",127.0567,37.1689,127.0567,37.1689,"1",8.15,8.41,23,302,612,83,845,153,54,5,114,23,855,41,87,153,4413,483,349,134
2015,157040,"토지","행정재산","공용재산","일반","유원지","유원지",1,1272,103668000,106975200,"경기도 경기도산림환경연구소","","","2009-08-03","분할취득","도로","2007-07-18","[토지분류코드:GA111][관리대장코드:3700610]","경기도 오산시 금암동  233 - 4",127.0567,37.1689,127.0567,37.1689,"4",8.15,8.41,23,302,612,83,845,153,54,5,114,23,855,41,87,153,4413,483,349,134
2015,44137,"토지","행정재산","공용재산","일반","유원지","유원지",1,76,20976000,27740000,"경기도 경기도산림환경연구소","","","1970-02-12","매입","시험포지","2007-07-18","[토지분류코드:GA101][관리대장코드:3700611]","경기도 오산시 금암동  234 - 1",127.0561,37.1695,127.0561,37.1695,"1",27.6,36.5,24,307,618,83,849,154,55,5,114,23,874,41,86,153,4536,486,350,135
2015,44138,"토지","행정재산","공용재산","일반","유원지","유원지",1,66,18216000,24090000,"경기도 경기도산림환경연구소","","","1970-02-12","매입","시험포지","2007-07-18","[토지분류코드:GA101][관리대장코드:3700612]","경기도 오산시 금암동  234 - 4",127.057,37.1688,127.057,37.1688,"1",27.6,36.5,23,301,608,81,840,153,54,5,114,23,853,41,87,153,4396,482,348,134
2015,44139,"토지","행정재산","공용재산","일반","유원지","유원지",1,149,41124000,54385000,"경기도 경기도산림환경연구소","","","1970-02-10","매입","시험포지","2007-07-18","[토지분류코드:GA101][관리대장코드:3700613]","경기도 오산시 금암동  235 - 1",127.0573,37.1686,127.0573,37.1686,"1",27.6,36.5,23,299,606,81,838,152,54,5,114,23,850,41,88,153,4370,481,348,133
2015,44140,"토지","행정재산","공용재산","일반","유원지","유원지",1,44525,12416874900,16420867168,"경기도 경기도산림환경연구소","","","1970-02-10","매입","시험포지","2007-07-18","[토지분류코드:GA101][관리대장코드:3700614]","경기도 오산시 금암동  236",127.0551,37.1687,127.0551,37.1687,"4",27.887422571589,36.880105935991,23,303,606,81,845,152,56,5,113,23,856,41,86,153,4439,481,349,134
2015,138939,"토지","행정재산","공용재산","일반","대","대",1,749,364014000,364014000,"경기도 경기도산림환경연구소","","","1970-02-10","매입","건물부지","2008-03-13","","경기도 오산시 금암동  236 - 1",127.0528,37.1687,127.0528,37.1687,"3",48.6,48.6,23,304,603,79,846,151,57,5,112,23,853,41,83,153,4517,480,344,134
2015,44142,"토지","행정재산","공용재산","일반","유원지","유원지",1,2304,635904000,840960000,"경기도 경기도산림환경연구소","","","1970-02-10","매입","제2저수지","2007-07-18","[토지분류코드:GA101][관리대장코드:3700616]","경기도 오산시 금암동  236 - 2",127.0532,37.1692,127.0532,37.1692,"4",27.6,36.5,23,304,607,82,849,151,58,5,113,23,863,41,83,153,4572,487,345,134
2015,44143,"토지","행정재산","공용재산","일반","유원지","유원지",1,2562,1245132000,1245132000,"경기도 경기도산림환경연구소","","","1970-02-10","매입","건물부지","2007-07-18","[토지분류코드:GA108][관리대장코드:3700617]","경기도 오산시 금암동  236 - 3",127.0571,37.1678,127.0571,37.1678,"4",48.6,48.6,23,295,594,79,829,151,55,5,113,23,841,39,88,153,4312,473,345,133
2015,44144,"토지","행정재산","공용재산","일반","유원지","유원지",1,3747,1034172000,1367655000,"경기도 경기도산림환경연구소","","","1970-02-10","매입","제1저수지","2007-07-18","[토지분류코드:GA101][관리대장코드:3700618]","경기도 오산시 금암동  236 - 4",127.058,37.1677,127.058,37.1677,"4",27.6,36.5,22,295,594,78,829,150,55,5,112,23,839,37,88,152,4298,471,344,133
2015,44145,"토지","행정재산","공용재산","일반","유원지","유원지",1,307,103459000,112055000,"경기도 경기도산림환경연구소","","","1970-02-10","매입","화목원","2007-07-18","[토지분류코드:GA101][관리대장코드:3700619]","경기도 오산시 금암동  236 - 5",127.0584,37.1677,127.0584,37.1677,"2",33.7,36.5,22,294,594,77,826,151,55,5,112,23,839,37,88,152,4294,470,344,133
2015,44146,"토지","행정재산","공용재산","일반","유원지","유원지",1,11483,3169308000,4327860000,"경기도 경기도산림환경연구소","","","1970-02-10","매입","시험포지","2006-12-07","[토지분류코드:GA101][관리대장코드:3700620]","경기도 오산시 금암동  236 - 6",127.0556,37.1694,127.0556,37.1694,"4",27.6,37.689279804929,24,308,615,83,848,154,56,5,114,23,873,41,86,153,4539,486,350,135
2015,157042,"토지","행정재산","공용재산","일반","유원지","유원지",1,120,40440000,43800000,"경기도 경기도산림환경연구소","","","2009-08-03","분할취득","화목원","2007-07-18","[토지분류코드:GA101][관리대장코드:3700619]","경기도 오산시 금암동  236 - 13",127.0584,37.1677,127.0584,37.1677,"1",33.7,36.5,22,294,594,77,826,151,55,5,112,23,839,37,88,152,4294,470,344,133
2015,157044,"토지","행정재산","공용재산","일반","유원지","유원지",1,2101,579876000,630300000,"경기도 경기도산림환경연구소","","","2009-08-03","분할취득","시험포지","2006-12-07","[토지분류코드:GA101][관리대장코드:3700620]","경기도 오산시 금암동  236 - 14",127.055,37.1697,127.055,37.1697,"4",27.6,30,24,307,617,83,849,154,57,5,116,23,880,41,85,153,4593,494,351,136
2015,181758,"토지","행정재산","공용재산","일반","유원지","유원지",1,29,8087352,10695230,"경기도 경기도산림환경연구소","","","2013-04-29","분할취득","시험포지","2007-07-18","[토지분류코드:GA101][관리대장코드:3700614]","경기도 오산시 금암동  236 - 15",127.0535,37.1696,127.0535,37.1696,"1",27.8874206896552,36.8801034482759,24,309,612,82,847,155,58,5,116,23,873,41,83,153,4619,494,352,136
2015,44277,"토지","행정재산","공공용재산","일반","답","답",1,38.75,1950540,1950540,"경기도 건설국 도로정책과","","경기도 오산시 경제문화국 토지정보과","2001-10-25","매입","도로","2007-07-18","[토지분류코드:][관리대장코드:1641588]","경기도 오산시 가장동  250 - 3",127.0387,37.1592,127.0387,37.1592,"1",5.03365161290323,5.03365161290323,17,227,392,52,416,122,56,4,72,15,409,30,73,122,2910,240,207,86
2015,44205,"토지","행정재산","공공용재산","일반","답","답",1,36,2019600,2019600,"경기도 건설국 하천과","","경기도 오산시 경제문화국 토지정보과","2001-04-04","매입","답","2007-07-18","[토지분류코드:][관리대장코드:1641516]","경기도 오산시 부산동  228 - 3",127.0856,37.1608,127.0856,37.1608,"1",5.61,5.61,12,228,383,64,503,131,57,4,86,17,618,30,94,127,3166,314,252,90
2015,44206,"토지","행정재산","공공용재산","일반","답","답",1,109,6114900,6114900,"경기도 건설국 하천과","","경기도 오산시 경제문화국 토지정보과","2001-03-27","매입","답","2007-07-18","[토지분류코드:][관리대장코드:1641517]","경기도 오산시 부산동  228 - 4",127.0855,37.1608,127.0855,37.1608,"1",5.61,5.61,12,228,383,64,504,131,57,4,86,17,618,30,94,127,3166,315,251,90
2015,44207,"토지","행정재산","공공용재산","일반","답","답",1,145,6956400,6956400,"경기도 건설국 하천과","","경기도 오산시 경제문화국 토지정보과","2001-03-27","매입","답","2007-07-18","[토지분류코드:][관리대장코드:1641518]","경기도 오산시 부산동  245 - 29",127.0852,37.1609,127.0852,37.1609,"1",4.79751724137931,4.79751724137931,12,228,385,64,509,130,57,4,86,18,622,31,94,127,3175,318,251,90
2015,157073,"토지","일반재산","미등록","일반","답","답",1,11,1683000,1529000,"경기도 자치행정국 회계과","","경기도 오산시 경제문화국 토지정보과","2009-12-22","분할취득","","2009-12-14","","경기도 오산시 수청동  56 - 15",127.0666,37.1643,127.0666,37.1643,"1",15.3,13.9,16,268,507,70,703,139,56,4,102,22,729,34,88,147,3801,416,290,110
2015,166912,"토지","일반재산","미등록","일반","답","답",1,146,22338000,20294000,"경기도 자치행정국 회계과","","경기도 오산시 경제문화국 토지정보과","2009-12-22","분할취득","","2009-12-14","","경기도 오산시 수청동  56 - 17",127.0665,37.1642,127.0665,37.1642,"1",15.3,13.9,16,267,506,70,702,139,56,4,101,22,726,34,88,147,3799,416,288,110
2015,109486,"토지","행정재산","공공용재산","일반","전","전",1,86,39560000,39560000,"경기도 건설국 도로정책과","","경기도 오산시 경제문화국 토지정보과","2002-02-04","매입","","2008-01-17","","경기도 오산시 수청동  57 - 1",127.0662,37.1638,127.0662,37.1638,"1",46,46,15,266,497,67,694,136,58,4,98,22,715,34,88,147,3750,413,286,109
2015,109487,"토지","행정재산","공공용재산","일반","하천","하천",1,193,26827000,26827000,"경기도 건설국 하천과","","경기도 오산시 경제문화국 토지정보과","2000-12-23","매입","","2009-12-14","","경기도 오산시 수청동  57 - 6",127.0661,37.1638,127.0661,37.1638,"1",13.9,13.9,15,266,497,67,694,136,56,4,98,22,716,34,88,147,3752,413,286,109
2015,157075,"토지","행정재산","공공용재산","일반","전","전",1,25,11500000,11500000,"경기도 건설국 도로정책과","","경기도 오산시 경제문화국 토지정보과","2008-08-25","분할취득","","2008-01-17","","경기도 오산시 수청동  57 - 7",127.0662,37.1639,127.0662,37.1639,"1",46,46,15,267,498,67,696,139,56,4,98,22,720,34,88,147,3766,414,286,109
2015,149833,"토지","행정재산","공공용재산","일반","하천","하천",1,104,48568000,48568000,"경기도 건설국 하천과","","경기도 오산시 경제문화국 토지정보과","2009-04-13","분할취득","","2008-01-17","","경기도 오산시 수청동  57 - 9",127.0661,37.164,127.0661,37.164,"1",46.7,46.7,15,267,504,68,697,139,56,4,98,22,723,34,88,147,3779,414,288,110
2015,109488,"토지","행정재산","공공용재산","일반","하천","하천",1,74,10286000,10286000,"경기도 건설국 하천과","","경기도 오산시 경제문화국 토지정보과","2000-12-23","매입","","2009-12-14","","경기도 오산시 수청동  61 - 3",127.0668,37.1644,127.0668,37.1644,"1",13.9,13.9,16,268,508,71,708,139,56,4,102,22,735,34,88,147,3814,417,291,110
2015,109489,"토지","행정재산","공공용재산","일반","하천","하천",1,370,51430000,51430000,"경기도 건설국 하천과","","경기도 오산시 경제문화국 토지정보과","2000-12-23","매입","","2009-12-14","","경기도 오산시 수청동  62 - 1",127.0669,37.1645,127.0669,37.1645,"2",13.9,13.9,16,270,512,71,713,139,56,4,103,22,738,34,88,147,3829,418,293,110
2015,109490,"토지","행정재산","공공용재산","일반","하천","하천",1,1434,170646000,170646000,"경기도 건설국 하천과","","경기도 오산시 경제문화국 토지정보과","2000-12-23","매입","","2009-12-14","","경기도 오산시 수청동  78 - 2",127.0664,37.163,127.0664,37.163,"4",11.9,11.9,15,267,485,65,687,133,58,4,98,22,705,33,88,147,3682,400,283,109
2015,44228,"토지","행정재산","공공용재산","일반","하천","하천",1,117,32175000,32175000,"경기도 건설국 하천과","","경기도 오산시 경제문화국 토지정보과","2001-01-05","매입","답","2007-07-18","[토지분류코드:][관리대장코드:1641539]","경기도 오산시 수청동  80 - 1",127.0667,37.1623,127.0667,37.1623,"1",27.5,27.5,15,264,471,64,642,130,60,4,97,22,685,33,89,147,3597,385,277,106
2015,44229,"토지","행정재산","공공용재산","일반","하천","하천",1,452,126560000,126560000,"경기도 건설국 하천과","","경기도 오산시 경제문화국 토지정보과","2001-01-05","매입","전","2007-07-18","[토지분류코드:][관리대장코드:1641540]","경기도 오산시 수청동  81 - 1",127.0667,37.1621,127.0667,37.1621,"2",28,28,15,262,467,64,621,129,60,4,96,22,679,33,89,147,3574,383,276,106
2015,109491,"토지","행정재산","공공용재산","일반","하천","하천",1,4,476000,476000,"경기도 건설국 하천과","","경기도 오산시 경제문화국 토지정보과","2000-12-28","매입","","2009-12-14","","경기도 오산시 수청동  91 - 1",127.0666,37.1618,127.0666,37.1618,"1",11.9,11.9,14,262,461,64,602,129,60,4,93,22,668,33,89,147,3539,376,268,104
2015,44230,"토지","행정재산","공공용재산","일반","잡종지","잡종지",1,19,7923000,7923000,"경기도 건설국 하천과","","경기도 오산시 경제문화국 토지정보과","2001-01-16","매입","잡","2007-07-18","[토지분류코드:][관리대장코드:1641541]","경기도 오산시 수청동  92 - 2",127.0665,37.1619,127.0665,37.1619,"1",41.7,41.7,14,262,462,64,611,129,60,4,94,22,670,33,89,147,3545,377,273,106
2015,44231,"토지","행정재산","공공용재산","일반","하천","하천",1,260,76440000,76440000,"경기도 건설국 하천과","","경기도 오산시 경제문화국 토지정보과","2001-01-16","매입","답","2007-10-04","[토지분류코드:][관리대장코드:1641542]","경기도 오산시 수청동  93 - 7",127.0664,37.1622,127.0664,37.1622,"1",29.4,29.4,15,265,470,64,627,129,59,4,96,22,681,33,89,147,3579,383,277,106
2015,157069,"토지","행정재산","공공용재산","일반","하천","하천",1,46,6394000,6394000,"경기도 건설국 하천과","","경기도 오산시 경제문화국 토지정보과","2009-12-22","분할취득","","2009-12-14","","경기도 오산시 수청동  56 - 14",127.0666,37.1643,127.0666,37.1643,"1",13.9,13.9,16,268,507,70,703,139,56,4,102,22,729,34,88,147,3801,416,290,110
2015,157067,"토지","행정재산","공공용재산","일반","하천","하천",1,31,11997000,11997000,"경기도 건설국 하천과","","경기도 오산시 경제문화국 토지정보과","2009-12-22","분할취득","천","2007-07-18","[토지분류코드:][관리대장코드:1641538]","경기도 오산시 수청동  56 - 13",127.0665,37.1644,127.0665,37.1644,"1",38.7,38.7,16,269,509,72,708,139,56,4,102,22,733,34,88,147,3817,417,291,110
2015,44227,"토지","행정재산","공공용재산","일반","하천","하천",1,26,10062000,23994000,"경기도 건설국 하천과","","경기도 오산시 경제문화국 토지정보과","2001-01-11","매입","천","2007-07-18","[토지분류코드:][관리대장코드:1641538]","경기도 오산시 수청동  56 - 6",127.0666,37.1644,127.0666,37.1644,"1",38.7,92.2846153846154,16,269,509,72,708,139,56,4,102,22,734,34,88,147,3814,417,291,110
2015,109484,"토지","행정재산","공공용재산","일반","하천","하천",1,1,139000,139000,"경기도 건설국 하천과","","경기도 오산시 경제문화국 토지정보과","2000-12-23","매입","","2009-12-14","","경기도 오산시 수청동  56 - 7",127.0666,37.1644,127.0666,37.1644,"1",13.9,13.9,16,269,509,72,708,139,56,4,102,22,734,34,88,147,3814,417,291,110
2015,109485,"토지","행정재산","공공용재산","일반","답","답",1,11,1529000,1529000,"경기도 건설국 도로정책과","","경기도 오산시 경제문화국 토지정보과","2002-01-18","매입","","2009-12-14","","경기도 오산시 수청동  56 - 8",127.0667,37.1643,127.0667,37.1643,"1",13.9,13.9,16,268,507,69,703,139,56,4,102,22,730,34,88,147,3801,416,289,110
2015,149839,"토지","행정재산","공공용재산","일반","하천","하천",1,36,13932000,22731158,"경기도 건설국 하천과","","경기도 오산시 경제문화국 토지정보과","2009-04-13","분할취득","천","2007-07-18","[토지분류코드:][관리대장코드:1641538]","경기도 오산시 수청동  56 - 10",127.0664,37.1644,127.0664,37.1644,"1",38.7,63.1421055555556,16,269,509,72,708,139,56,4,102,22,732,34,88,147,3822,417,291,110
2015,149837,"토지","행정재산","공공용재산","일반","하천","하천",1,143,20449000,0,"경기도 건설국 하천과","","경기도 오산시 경제문화국 토지정보과","2009-04-13","분할취득","","2008-01-17","","경기도 오산시 수청동  56 - 11",127.0665,37.1643,127.0665,37.1643,"1",14.3,0,16,268,507,70,707,139,56,4,102,22,728,34,88,147,3803,417,290,110
2015,157071,"토지","행정재산","공공용재산","일반","답","답",1,13,1807000,1807000,"경기도 건설국 도로정책과","","경기도 오산시 경제문화국 토지정보과","2008-08-25","분할취득","","2009-12-14","","경기도 오산시 수청동  56 - 12",127.0666,37.1643,127.0666,37.1643,"1",13.9,13.9,16,268,507,70,703,139,56,4,102,22,729,34,88,147,3801,416,290,110
2015,109492,"토지","행정재산","공공용재산","일반","하천","하천",1,535,63665000,63665000,"경기도 건설국 하천과","","경기도 오산시 경제문화국 토지정보과","2000-12-28","매입","","2009-12-14","","경기도 오산시 수청동  93 - 8",127.0661,37.163,127.0661,37.163,"3",11.9,11.9,15,268,488,65,690,132,58,4,98,22,705,33,87,147,3682,400,283,109
2015,109493,"토지","행정재산","공공용재산","일반","하천","하천",1,58,6902000,6902000,"경기도 건설국 하천과","","경기도 오산시 경제문화국 토지정보과","2000-12-28","매입","","2009-12-14","","경기도 오산시 수청동  94 - 4",127.0659,37.1631,127.0659,37.1631,"1",11.9,11.9,15,268,488,65,690,133,58,4,98,22,708,33,88,147,3692,404,285,109
2015,109494,"토지","행정재산","공공용재산","일반","하천","하천",1,18,2142000,2142000,"경기도 건설국 하천과","","경기도 오산시 경제문화국 토지정보과","2000-12-28","매입","","2009-12-14","","경기도 오산시 수청동  94 - 6",127.0659,37.1632,127.0659,37.1632,"1",11.9,11.9,15,268,488,65,690,135,58,4,98,22,709,33,88,147,3703,406,285,109
2015,109495,"토지","행정재산","공공용재산","일반","하천","하천",1,8,952000,952000,"경기도 건설국 하천과","","경기도 오산시 경제문화국 토지정보과","2000-12-28","매입","","2009-12-14","","경기도 오산시 수청동  98 - 2",127.0659,37.1632,127.0659,37.1632,"1",11.9,11.9,15,268,488,65,690,135,58,4,98,22,709,33,88,147,3703,406,285,109
2015,109496,"토지","행정재산","공공용재산","일반","하천","하천",1,81,9639000,9639000,"경기도 건설국 하천과","","경기도 오산시 경제문화국 토지정보과","2000-12-28","매입","","2009-12-14","","경기도 오산시 수청동  98 - 3",127.0659,37.1633,127.0659,37.1633,"1",11.9,11.9,15,268,490,66,690,136,58,4,98,22,709,34,88,147,3709,406,285,109
2015,166931,"토지","행정재산","공공용재산","일반","하천","하천",1,406,45066000,45066000,"경기도 건설국 하천과","","경기도 오산시 경제문화국 토지정보과","2010-12-10","분할취득","하천","2007-07-18","[토지분류코드:GC001][관리대장코드:1641897]","경기도 오산시 양산동  212 - 9",127.0317,37.1998,127.0317,37.1998,"2",11.1,11.1,27,273,584,78,881,125,64,4,108,22,930,25,99,68,4357,507,303,121
2015,44502,"토지","행정재산","공공용재산","일반","전","전",1,56,11592000,11592000,"경기도 건설국 도로정책과","","경기도 오산시 경제문화국 토지정보과","2001-11-21","매입","도로","2007-07-18","[토지분류코드:][관리대장코드:1641813]","경기도 오산시 원동  299 - 40",127.0744,37.1426,127.0744,37.1426,"1",20.7,20.7,10,206,292,44,276,118,63,3,63,10,377,30,84,122,2624,191,178,76
2015,181759,"토지","행정재산","공용재산","일반","유원지","유원지",1,1,278874,368801,"경기도 경기도산림환경연구소","","","2013-04-29","분할취득","시험포지","2007-07-18","[토지분류코드:GA101][관리대장코드:3700614]","경기도 오산시 금암동  236 - 16",127.054,37.1696,127.054,37.1696,"1",27.8874,36.8801,24,308,612,82,849,155,57,5,116,23,876,41,84,153,4604,494,353,136
2015,181760,"토지","행정재산","공용재산","일반","유원지","유원지",1,1,278874,368801,"경기도 경기도산림환경연구소","","","2013-04-29","분할취득","시험포지","2007-07-18","[토지분류코드:GA101][관리대장코드:3700614]","경기도 오산시 금암동  236 - 17",127.0576,37.1682,127.0576,37.1682,"1",27.8874,36.8801,23,296,598,79,832,151,54,5,113,23,843,40,88,153,4325,476,346,133
2015,44149,"토지","행정재산","공용재산","일반","유원지","유원지",1,8462,2851694000,3088630000,"경기도 경기도산림환경연구소","","","1970-02-10","매입","시험포지","2007-07-18","[토지분류코드:GA101][관리대장코드:3700623]","경기도 오산시 금암동  259",127.0573,37.1671,127.0573,37.1671,"4",33.7,36.5,22,292,586,73,819,150,56,5,112,23,833,37,88,152,4274,469,344,132
2015,44150,"토지","행정재산","공용재산","일반","유원지","유원지",1,107,36059000,39055000,"경기도 경기도산림환경연구소","","","1970-02-10","매입","시험포지","2007-07-18","[토지분류코드:GA101][관리대장코드:3700624]","경기도 오산시 금암동  259 - 2",127.0573,37.1676,127.0573,37.1676,"1",33.7,36.5,22,295,591,78,828,151,55,5,112,23,838,37,88,153,4305,471,345,133
2015,44151,"토지","행정재산","공용재산","일반","유원지","유원지",1,16,5392000,5840000,"경기도 경기도산림환경연구소","","","1970-02-10","매입","시험포지","2007-07-18","[토지분류코드:GA101][관리대장코드:3700625]","경기도 오산시 금암동  259 - 3",127.0579,37.1675,127.0579,37.1675,"1",33.7,36.5,22,293,593,76,825,150,55,5,112,23,835,37,88,152,4291,470,344,133
2015,44152,"토지","행정재산","공용재산","일반","유원지","유원지",1,34045,9396420000,10860355000,"경기도 경기도산림환경연구소","","","1970-02-12","매입","시험포지","2007-07-18","[토지분류코드:GA101][관리대장코드:3700626]","경기도 오산시 금암동  260",127.0551,37.1655,127.0551,37.1655,"4",27.6,31.9,20,283,548,70,802,142,56,5,110,23,782,36,87,151,4117,451,334,130
2015,44154,"토지","행정재산","공용재산","일반","유원지","유원지",1,3989,1100964000,1455985000,"경기도 경기도산림환경연구소","","","1970-03-07","매입","시험포지","2007-07-18","[토지분류코드:GA101][관리대장코드:3700628]","경기도 오산시 금암동  281 - 1",127.0531,37.1683,127.0531,37.1683,"4",27.6,36.5,23,300,599,78,841,151,56,5,112,23,847,41,83,153,4439,477,343,132
2015,44184,"토지","행정재산","공용재산","산","유원지","유원지",1,8231,1316960000,1358115000,"경기도 경기도산림환경연구소","","","1970-06-29","매입","시험림","2007-07-18","[토지분류코드:GA105][관리대장코드:3700658]","경기도 오산시 수청동  16 - 1",127.0586,37.166,127.0586,37.166,"4",16,16.5,20,285,562,71,806,146,56,4,110,23,801,36,87,149,4158,456,338,128
2015,44185,"토지","행정재산","공용재산","산","유원지","유원지",1,749,111601000,115346000,"경기도 경기도산림환경연구소","","","1971-12-08","매입","시험림","2007-07-18","[토지분류코드:GA105][관리대장코드:3700659]","경기도 오산시 수청동  17",127.0589,37.1662,127.0589,37.1662,"3",14.9,15.4,21,287,569,72,808,147,56,4,111,23,805,36,87,149,4173,457,338,128
2015,44186,"토지","행정재산","공용재산","산","유원지","유원지",1,3153,513939000,529704000,"경기도 경기도산림환경연구소","","","1971-12-09","매입","시험림","2007-07-18","[토지분류코드:GA105][관리대장코드:3700660]","경기도 오산시 수청동  18",127.0589,37.1658,127.0589,37.1658,"4",16.3,16.8,20,282,560,71,800,144,56,4,111,23,798,36,87,149,4141,449,337,128
2015,44187,"토지","행정재산","공용재산","산","유원지","유원지",1,22142,3609146000,3719856000,"경기도 경기도산림환경연구소","","","1973-03-23","매입","시험림","2007-07-18","[토지분류코드:GA105][관리대장코드:3700661]","경기도 오산시 수청동  19",127.057,37.1644,127.057,37.1644,"4",16.3,16.8,20,277,532,70,745,140,57,4,103,23,740,34,87,147,3937,428,315,121
2015,44188,"토지","행정재산","공용재산","산","유원지","유원지",1,5649,847350000,700476000,"경기도 경기도산림환경연구소","","","1970-08-11","매입","시험림","2007-07-18","[토지분류코드:GA105][관리대장코드:3700662]","경기도 오산시 수청동  21 - 1",127.057,37.1639,127.057,37.1639,"4",15,12.4,19,275,522,69,696,139,56,4,101,23,723,34,87,147,3859,416,297,114
2015,44223,"토지","행정재산","공공용재산","일반","하천","하천",1,105,31290000,31290000,"경기도 건설국 하천과","","경기도 오산시 경제문화국 토지정보과","2001-01-18","매입","전","2007-07-18","[토지분류코드:][관리대장코드:1641534]","경기도 오산시 수청동  27 - 6",127.0661,37.1661,127.0661,37.1661,"1",29.8,29.8,20,276,554,76,774,140,56,4,109,22,780,35,87,147,4040,440,324,122
2015,44224,"토지","행정재산","공공용재산","일반","하천","하천",1,56,16688000,16688000,"경기도 건설국 하천과","","경기도 오산시 경제문화국 토지정보과","2001-01-18","매입","구거","2007-07-18","[토지분류코드:][관리대장코드:1641535]","경기도 오산시 수청동  27 - 7",127.0662,37.166,127.0662,37.166,"1",29.8,29.8,18,273,551,76,768,139,56,4,107,22,779,35,87,147,4019,439,315,119
2015,44225,"토지","행정재산","공공용재산","일반","하천","하천",1,4,1320000,29370000,"경기도 건설국 하천과","","경기도 오산시 경제문화국 토지정보과","2001-01-11","매입","답","2007-07-18","[토지분류코드:][관리대장코드:1641536]","경기도 오산시 수청동  34 - 1",127.0663,37.1659,127.0663,37.1659,"1",33,734.25,18,272,548,76,768,139,56,4,106,22,777,35,87,147,4007,438,315,119
2015,149843,"토지","행정재산","공공용재산","일반","하천","하천",1,85,28050000,624112500,"경기도 건설국 하천과","","경기도 오산시 경제문화국 토지정보과","2009-04-13","분할취득","답","2007-07-18","[토지분류코드:][관리대장코드:1641536]","경기도 오산시 수청동  34 - 3",127.0663,37.1659,127.0663,37.1659,"1",33,734.25,18,272,548,76,768,139,56,4,106,22,777,35,87,147,4007,438,315,119
2015,109479,"토지","행정재산","공공용재산","일반","하천","하천",1,204,28356000,28356000,"경기도 건설국 하천과","","경기도 오산시 경제문화국 토지정보과","2000-12-28","매입","","2009-12-14","","경기도 오산시 수청동  35 - 1",127.0667,37.1655,127.0667,37.1655,"1",13.9,13.9,17,269,531,75,749,139,56,4,105,22,763,35,88,147,3919,429,306,116
2015,109480,"토지","행정재산","공공용재산","일반","하천","하천",1,480,66720000,66720000,"경기도 건설국 하천과","","경기도 오산시 경제문화국 토지정보과","2000-12-28","매입","","2009-12-14","","경기도 오산시 수청동  36 - 1",127.0668,37.1653,127.0668,37.1653,"2",13.9,13.9,17,268,526,75,745,139,55,4,104,22,758,35,88,147,3905,428,302,114
2015,109481,"토지","행정재산","공공용재산","일반","하천","하천",1,41,5699000,5699000,"경기도 건설국 하천과","","경기도 오산시 경제문화국 토지정보과","2000-12-28","매입","","2009-12-14","","경기도 오산시 수청동  37 - 1",127.0669,37.1652,127.0669,37.1652,"1",13.9,13.9,17,268,520,75,740,139,55,4,104,22,754,34,88,147,3896,428,301,114
2015,109482,"토지","행정재산","공공용재산","일반","하천","하천",1,699,97161000,97161000,"경기도 건설국 하천과","","경기도 오산시 경제문화국 토지정보과","2000-12-28","매입","","2009-12-14","","경기도 오산시 수청동  53 - 1",127.0669,37.1649,127.0669,37.1649,"3",13.9,13.9,16,269,517,73,727,139,55,4,103,22,745,34,88,147,3865,424,298,114
2015,109483,"토지","행정재산","공공용재산","일반","하천","하천",1,185,25715000,25715000,"경기도 건설국 하천과","","경기도 오산시 경제문화국 토지정보과","2000-12-23","매입","","2009-12-14","","경기도 오산시 수청동  54 - 1",127.0669,37.1647,127.0669,37.1647,"1",13.9,13.9,16,269,513,72,714,139,56,4,103,22,741,34,88,147,3843,419,294,111
2015,44226,"토지","행정재산","공공용재산","일반","하천","하천",1,546,185094000,185094000,"경기도 건설국 하천과","","경기도 오산시 경제문화국 토지정보과","2001-01-29","매입","천","2007-07-18","[토지분류코드:][관리대장코드:1641537]","경기도 오산시 수청동  55",127.0666,37.1647,127.0666,37.1647,"3",33.9,33.9,16,269,516,73,717,139,55,4,105,22,741,34,88,147,3846,421,294,111
2015,109497,"토지","행정재산","공공용재산","일반","하천","하천",1,671,79849000,79849000,"경기도 건설국 하천과","","경기도 오산시 경제문화국 토지정보과","2000-12-18","매입","","2009-12-14","","경기도 오산시 수청동  99",127.0659,37.1633,127.0659,37.1633,"3",11.9,11.9,15,268,490,66,690,136,58,4,98,22,709,34,88,147,3709,406,285,109
2015,44190,"토지","행정재산","공공용재산","일반","하천","하천",1,19,6840000,6840000,"경기도 건설국 하천과","","경기도 오산시 경제문화국 토지정보과","2001-02-05","매입","답","2007-07-18","[토지분류코드:][관리대장코드:1641501]","경기도 오산시 궐동  75 - 45",127.0666,37.1567,127.0666,37.1567,"1",36,36,13,233,391,59,509,121,65,4,75,16,538,31,91,130,3157,296,238,95
2015,44191,"토지","행정재산","공공용재산","일반","하천","하천",1,302,125934000,125934000,"경기도 건설국 하천과","","경기도 오산시 경제문화국 토지정보과","2001-07-04","매입","전","2007-07-18","[토지분류코드:][관리대장코드:1641502]","경기도 오산시 궐동  81",127.0663,37.1579,127.0663,37.1579,"2",41.7,41.7,14,243,408,59,528,121,64,4,82,17,582,31,90,132,3229,308,245,97
2015,44192,"토지","행정재산","공공용재산","일반","하천","하천",1,48,20016000,20016000,"경기도 건설국 하천과","","경기도 오산시 경제문화국 토지정보과","2000-12-23","매입","전","2007-07-18","[토지분류코드:][관리대장코드:1641503]","경기도 오산시 궐동  81 - 1",127.0663,37.1579,127.0663,37.1579,"1",41.7,41.7,14,243,408,59,528,121,64,4,82,17,582,31,90,132,3229,308,245,97
2015,44193,"토지","행정재산","공공용재산","일반","하천","하천",1,226,94242000,94242000,"경기도 건설국 하천과","","경기도 오산시 경제문화국 토지정보과","2001-07-04","매입","답","2007-07-18","[토지분류코드:][관리대장코드:1641504]","경기도 오산시 궐동  82",127.0664,37.1574,127.0664,37.1574,"1",41.7,41.7,14,237,400,58,523,122,65,4,79,17,571,31,91,131,3193,301,241,97
2015,44194,"토지","행정재산","공공용재산","일반","하천","하천",1,65,27105000,27105000,"경기도 건설국 하천과","","경기도 오산시 경제문화국 토지정보과","2000-12-23","매입","답","2007-07-18","[토지분류코드:][관리대장코드:1641505]","경기도 오산시 궐동  82 - 1",127.0664,37.1574,127.0664,37.1574,"1",41.7,41.7,14,237,400,58,523,122,65,4,79,17,571,31,91,131,3193,301,241,97
2015,44511,"토지","행정재산","공공용재산","일반","답","답",1,102,4249320,4249320,"경기도 건설국 도로정책과","","경기도 오산시 경제문화국 토지정보과","2001-12-26","매입","도로","2007-07-18","[토지분류코드:][관리대장코드:1641822]","경기도 오산시 은계동  68 - 6",127.0697,37.1587,127.0697,37.1587,"1",4.166,4.166,13,247,414,59,532,121,64,4,84,17,616,31,88,132,3254,313,248,97
2015,190417,"토지","행정재산","공용재산","일반","대","대",1,7275.9,4266715080,4266715080,"경기도 재난안전본부 소방행정과","경기도 오산소방서","","2015-03-02","매입","오산소방서 이전 청사 부지","2015-06-11","","경기도 오산시 내삼미동  880",127.0537,37.1752,127.0537,37.1752,"4",58.641749886612,58.641749886612,27,332,633,86,895,162,61,5,130,27,1000,44,83,155,4987,534,388,147
2015,44557,"토지","행정재산","공공용재산","일반","하천","하천",1,332,36188000,36188000,"경기도 건설국 하천과","","경기도 오산시 경제문화국 토지정보과","1999-10-26","매입","하천","2007-07-18","[토지분류코드:GC001][관리대장코드:1641868]","경기도 오산시 양산동  5",127.0351,37.2,127.0351,37.2,"2",10.9,10.9,26,282,608,81,901,118,67,4,109,21,945,24,97,60,4445,507,308,122
2015,175291,"토지","행정재산","공공용재산","일반","하천","하천",1,712,51048820,52541720,"경기도 건설국 하천과","","경기도 오산시 경제문화국 토지정보과","2012-05-31","매입","경기도 오산시 양산동   226-4번지","2012-06-25","","경기도 오산시 양산동  226 - 4",127.0292,37.1998,127.0292,37.1998,"3",7.16977808988764,7.37945505617977,27,259,576,77,842,126,63,4,107,24,892,25,98,67,4261,497,295,121
2015,44593,"토지","행정재산","공공용재산","일반","하천","하천",1,1219,249895000,249895000,"경기도 건설국 하천과","","경기도 오산시 경제문화국 토지정보과","1998-02-17","매입","하천","2007-07-18","[토지분류코드:GC001][관리대장코드:1641904]","경기도 오산시 양산동  227 - 1",127.0286,37.2,127.0286,37.2,"4",20.5,20.5,27,256,578,77,840,125,64,4,107,24,896,25,97,66,4248,494,294,121
2015,44594,"토지","행정재산","공공용재산","일반","하천","하천",1,76,8360000,8360000,"경기도 건설국 하천과","","경기도 오산시 경제문화국 토지정보과","1998-02-24","매입","하천","2007-07-18","[토지분류코드:GC002][관리대장코드:1641905]","경기도 오산시 양산동  228 - 1",127.0283,37.2,127.0283,37.2,"1",11,11,26,258,577,77,827,124,64,4,107,23,896,25,97,66,4239,492,288,120
2015,175292,"토지","행정재산","공공용재산","일반","하천","하천",1,334,11856960,12983360,"경기도 건설국 하천과","","경기도 오산시 경제문화국 토지정보과","2012-05-31","매입","경기도 오산시 양산동  일반번지 226-1번지","2012-06-25","","경기도 오산시 양산동  226 - 1",127.0293,37.1999,127.0293,37.1999,"2",3.5499880239521,3.88723353293413,27,260,578,77,842,127,63,4,107,24,893,24,98,68,4280,498,295,121
2015,44592,"토지","행정재산","공공용재산","일반","하천","하천",1,267,28569000,28569000,"경기도 건설국 하천과","","경기도 오산시 경제문화국 토지정보과","1998-02-20","매입","하천","2007-07-18","[토지분류코드:GC001][관리대장코드:1641903]","경기도 오산시 양산동  225 - 2",127.0301,37.1996,127.0301,37.1996,"1",10.7,10.7,27,263,575,77,846,126,63,4,106,24,905,24,99,68,4277,498,297,121
2015,44558,"토지","행정재산","공공용재산","일반","하천","하천",1,1256,136904000,136904000,"경기도 건설국 하천과","","경기도 오산시 경제문화국 토지정보과","1999-10-26","매입","하천","2007-07-18","[토지분류코드:GC001][관리대장코드:1641869]","경기도 오산시 양산동  5 - 1",127.0352,37.1999,127.0352,37.1999,"4",10.9,10.9,26,282,606,81,900,118,67,4,109,21,945,24,97,60,4451,506,308,122
2015,44559,"토지","행정재산","공공용재산","일반","하천","하천",1,1114,120312000,42120000,"경기도 건설국 하천과","","경기도 오산시 경제문화국 토지정보과","1999-10-26","매입","하천","2007-07-18","[토지분류코드:GC001][관리대장코드:1641870]","경기도 오산시 양산동  8 - 1",127.0342,37.2,127.0342,37.2,"4",10.8,3.78096947935368,26,281,600,80,899,119,67,4,109,22,939,23,98,61,4419,507,307,122
2015,44561,"토지","행정재산","공공용재산","일반","하천","하천",1,58,6264000,6264000,"경기도 건설국 하천과","","경기도 오산시 경제문화국 토지정보과","1999-10-26","매입","하천","2007-07-18","[토지분류코드:GC001][관리대장코드:1641872]","경기도 오산시 양산동  8 - 3",127.0343,37.1999,127.0343,37.1999,"1",10.8,10.8,26,279,599,80,897,118,67,4,108,22,941,23,97,61,4435,509,307,122
2015,44562,"토지","행정재산","공공용재산","일반","하천","하천",1,29,3132000,3132000,"경기도 건설국 하천과","","경기도 오산시 경제문화국 토지정보과","1999-10-26","매입","하천","2007-07-18","[토지분류코드:GC015][관리대장코드:1641873]","경기도 오산시 양산동  8 - 4",127.0343,37.1999,127.0343,37.1999,"1",10.8,10.8,26,279,599,80,897,118,67,4,108,22,941,23,97,61,4435,509,307,122
2015,166932,"토지","행정재산","공공용재산","일반","하천","하천",1,227,25197000,25197000,"경기도 건설국 하천과","","경기도 오산시 경제문화국 토지정보과","2010-12-10","분할취득","하천","2007-07-18","[토지분류코드:GC001][관리대장코드:1641897]","경기도 오산시 양산동  212 - 10",127.0318,37.1997,127.0318,37.1997,"1",11.1,11.1,27,273,584,76,881,124,64,4,108,22,930,24,99,68,4369,508,303,121
2015,166934,"토지","행정재산","공공용재산","일반","하천","하천",1,170,18870000,18870000,"경기도 건설국 하천과","","경기도 오산시 경제문화국 토지정보과","2011-02-17","분할취득","하천","2007-07-18","[토지분류코드:GC001][관리대장코드:1641897]","경기도 오산시 양산동  212 - 12",127.0314,37.1997,127.0314,37.1997,"1",11.1,11.1,27,272,582,78,878,125,64,4,107,23,930,25,100,68,4361,507,303,121
2015,44587,"토지","행정재산","공공용재산","일반","하천","하천",1,245,25480000,25480000,"경기도 건설국 하천과","","경기도 오산시 경제문화국 토지정보과","1998-03-09","매입","하천","2007-07-18","[토지분류코드:GC002][관리대장코드:1641898]","경기도 오산시 양산동  213",127.0308,37.1997,127.0308,37.1997,"1",10.4,10.4,27,265,579,77,867,125,64,4,106,23,915,24,99,68,4319,502,303,121
2015,44588,"토지","행정재산","공공용재산","일반","하천","하천",1,152,7524000,7524000,"경기도 건설국 하천과","","경기도 오산시 경제문화국 토지정보과","1998-02-25","매입","하천","2007-07-18","[토지분류코드:GC002][관리대장코드:1641899]","경기도 오산시 양산동  214 - 4",127.0313,37.1995,127.0313,37.1995,"1",4.95,4.95,27,269,581,77,871,125,64,4,107,23,922,23,101,68,4350,507,303,121
2015,44589,"토지","행정재산","공공용재산","일반","하천","하천",1,185,9157500,9157500,"경기도 건설국 하천과","","경기도 오산시 경제문화국 토지정보과","1998-02-17","매입","하천","2007-07-18","[토지분류코드:GC002][관리대장코드:1641900]","경기도 오산시 양산동  214 - 5",127.0311,37.1996,127.0311,37.1996,"1",4.95,4.95,27,269,580,76,869,125,64,4,106,23,922,24,100,68,4343,505,303,121
2015,163117,"토지","행정재산","공공용재산","일반","답","답",1,19,2964000,2964000,"경기도 건설국 하천과","","경기도 오산시 경제문화국 토지정보과","2008-02-20","누락재산등록","답","2011-06-29","","경기도 오산시 양산동  216 - 1",127.0306,37.1996,127.0306,37.1996,"1",15.6,15.6,27,265,577,77,867,126,64,4,105,23,912,24,99,68,4313,500,302,122
2015,44590,"토지","행정재산","공공용재산","일반","하천","하천",1,14,1470000,1470000,"경기도 건설국 하천과","","경기도 오산시 경제문화국 토지정보과","1998-02-17","매입","하천","2007-07-18","[토지분류코드:GC002][관리대장코드:1641901]","경기도 오산시 양산동  224 - 1",127.0303,37.1996,127.0303,37.1996,"1",10.5,10.5,27,263,575,77,854,126,63,4,106,24,907,24,99,68,4296,500,298,121
2015,44591,"토지","행정재산","공공용재산","일반","하천","하천",1,580,62060000,62060000,"경기도 건설국 하천과","","경기도 오산시 경제문화국 토지정보과","1998-02-20","매입","하천","2007-07-18","[토지분류코드:GC001][관리대장코드:1641902]","경기도 오산시 양산동  225 - 1",127.0293,37.1997,127.0293,37.1997,"3",10.7,10.7,27,260,575,77,841,126,63,4,107,24,894,25,98,67,4252,496,297,122
2015,44201,"토지","행정재산","공공용재산","일반","답","답",1,7,952000,952000,"경기도 건설국 하천과","","경기도 오산시 경제문화국 토지정보과","2001-04-11","매입","답","2007-07-18","[토지분류코드:][관리대장코드:1641512]","경기도 오산시 부산동  219 - 5",127.0873,37.1606,127.0873,37.1606,"1",13.6,13.6,12,229,381,65,506,131,56,3,87,16,617,30,92,125,3158,307,257,91
2015,44203,"토지","행정재산","공공용재산","일반","답","답",1,10,561000,561000,"경기도 건설국 하천과","","경기도 오산시 경제문화국 토지정보과","2001-05-12","매입","답","2007-07-18","[토지분류코드:][관리대장코드:1641514]","경기도 오산시 부산동  224 - 1",127.086,37.1608,127.086,37.1608,"1",5.61,5.61,12,229,383,65,503,131,57,4,87,17,621,30,95,127,3164,314,252,90
2015,44204,"토지","행정재산","공공용재산","일반","답","답",1,140,7854000,7854000,"경기도 건설국 하천과","","경기도 오산시 경제문화국 토지정보과","2001-04-04","매입","답","2007-07-18","[토지분류코드:][관리대장코드:1641515]","경기도 오산시 부산동  227 - 1",127.0858,37.1608,127.0858,37.1608,"1",5.61,5.61,12,229,383,65,503,131,57,4,86,17,618,30,95,127,3165,314,252,90
2015,44133,"토지","행정재산","공용재산","일반","대","대",1,600,401400000,401400000,"경기도 재난안전본부 소방행정과","경기도 오산소방서","","1997-03-13","매입","원동파출소","2007-12-11","[토지분류코드:GA108][관리대장코드:2000087]","경기도 오산시 원동  807 - 1",127.0722,37.1336,127.0722,37.1336,"3",66.9,66.9,10,199,275,37,255,115,54,3,57,10,329,33,82,116,2557,176,165,72
2015,44189,"토지","행정재산","공공용재산","일반","하천","하천",1,61,24095000,24095000,"경기도 건설국 하천과","","경기도 오산시 경제문화국 토지정보과","2001-06-23","매입","종교용지","2007-07-18","[토지분류코드:][관리대장코드:1641500]","경기도 오산시 궐동  6 - 14",127.0667,37.1613,127.0667,37.1613,"1",39.5,39.5,14,255,454,63,585,127,60,4,93,21,652,32,89,143,3454,360,266,104
2015,149835,"토지","행정재산","공공용재산","일반","하천","하천",1,92,29440000,0,"경기도 건설국 하천과","","경기도 오산시 경제문화국 토지정보과","2009-04-13","분할취득","","2008-01-17","","경기도 오산시 수청동  100 - 8",127.066,37.1643,127.066,37.1643,"1",32,0,16,268,507,71,708,139,55,4,103,22,727,34,88,147,3805,418,291,110
2015,157052,"토지","행정재산","공공용재산","일반","하천","하천",1,44,5236000,5236000,"경기도 건설국 하천과","","경기도 오산시 경제문화국 토지정보과","2009-12-22","분할취득","","2009-12-14","","경기도 오산시 수청동  100 - 10",127.0659,37.1642,127.0659,37.1642,"1",11.9,11.9,16,267,507,69,701,139,56,4,102,22,726,34,88,147,3800,416,288,110
2015,109478,"토지","행정재산","공공용재산","일반","하천","하천",1,7,833000,833000,"경기도 건설국 하천과","","경기도 오산시 경제문화국 토지정보과","2000-12-23","매입","","2009-12-14","","경기도 오산시 수청동  116 - 3",127.0665,37.1646,127.0665,37.1646,"1",11.9,11.9,16,269,513,74,714,139,55,4,105,22,739,34,88,147,3836,419,293,111
2015,149841,"토지","행정재산","공공용재산","일반","하천","하천",1,166,61254000,61254000,"경기도 건설국 하천과","","경기도 오산시 경제문화국 토지정보과","2009-04-13","분할취득","","2008-01-17","","경기도 오산시 수청동  116 - 6",127.0663,37.1645,127.0663,37.1645,"1",36.9,36.9,16,269,512,74,714,139,55,4,105,22,737,34,88,147,3830,419,293,110
2015,44211,"토지","행정재산","공공용재산","일반","하천","하천",1,73,24090000,24090000,"경기도 건설국 하천과","","경기도 오산시 경제문화국 토지정보과","2001-01-29","매입","답","2007-07-18","[토지분류코드:][관리대장코드:1641522]","경기도 오산시 수청동  117 - 3",127.0662,37.1655,127.0662,37.1655,"1",33,33,18,271,532,76,753,139,56,4,107,22,767,35,87,147,3958,432,308,117
2015,44212,"토지","행정재산","공공용재산","일반","하천","하천",1,674,221131912,137281912,"경기도 건설국 하천과","","경기도 오산시 경제문화국 토지정보과","2001-01-29","매입","하천","2007-07-18","[토지분류코드:][관리대장코드:1641523]","경기도 오산시 수청동  118 - 1",127.0663,37.1657,127.0663,37.1657,"3",32.8088890207715,20.3682362017804,18,272,537,75,760,139,56,4,106,22,772,35,87,147,3994,434,311,117
2015,44213,"토지","행정재산","공공용재산","일반","하천","하천",1,353,116490000,116490000,"경기도 건설국 하천과","","경기도 오산시 경제문화국 토지정보과","2001-01-29","매입","답","2007-07-18","[토지분류코드:][관리대장코드:1641524]","경기도 오산시 수청동  118 - 3",127.0663,37.1654,127.0663,37.1654,"2",33,33,17,271,529,76,748,139,56,4,107,22,762,35,87,147,3924,432,306,117
2015,157054,"토지","행정재산","공공용재산","일반","하천","하천",1,1,328088,328088,"경기도 건설국 하천과","","경기도 오산시 경제문화국 토지정보과","2009-12-22","분할취득","하천","2007-07-18","[토지분류코드:][관리대장코드:1641523]","경기도 오산시 수청동  118 - 4",127.066,37.1659,127.066,37.1659,"1",32.8088,32.8088,18,273,549,77,768,139,56,4,108,22,776,35,87,147,4013,438,315,119
2015,44215,"토지","행정재산","공공용재산","일반","하천","하천",1,321,104325000,104325000,"경기도 건설국 하천과","","경기도 오산시 경제문화국 토지정보과","2001-01-11","매입","전","2007-07-18","[토지분류코드:][관리대장코드:1641526]","경기도 오산시 수청동  119 - 5",127.0661,37.1657,127.0661,37.1657,"2",32.5,32.5,18,272,538,76,766,139,56,4,106,22,774,35,87,147,3995,435,313,119
2015,157056,"토지","행정재산","공공용재산","일반","하천","하천",1,167,54275000,54275000,"경기도 건설국 하천과","","경기도 오산시 경제문화국 토지정보과","2009-12-22","분할취득","전","2007-07-18","[토지분류코드:][관리대장코드:1641526]","경기도 오산시 수청동  119 - 12",127.0659,37.1659,127.0659,37.1659,"1",32.5,32.5,18,274,550,76,768,139,56,4,108,22,776,35,87,147,4018,438,316,119
2015,44163,"토지","행정재산","공용재산","일반","유원지","유원지",1,65,10270000,1345300,"경기도 경기도산림환경연구소","","","1970-02-21","매입","도로","2006-12-07","[토지분류코드:GA111][관리대장코드:3700637]","경기도 오산시 수청동  281 - 2",127.0578,37.1684,127.0578,37.1684,"1",15.8,2.06969230769231,23,296,602,80,832,152,54,5,113,23,849,40,88,153,4340,478,346,133
2015,44164,"토지","행정재산","공용재산","일반","유원지","유원지",1,21,6153000,7287000,"경기도 경기도산림환경연구소","","","1970-02-21","매입","시험포지","2007-07-18","[토지분류코드:GA101][관리대장코드:3700638]","경기도 오산시 수청동  281 - 4",127.0577,37.1684,127.0577,37.1684,"1",29.3,34.7,23,296,601,80,832,152,54,5,113,23,848,40,88,153,4342,478,346,133
2015,157058,"토지","행정재산","공용재산","일반","유원지","유원지",1,6,948000,948000,"경기도 경기도산림환경연구소","","","2009-08-03","분할취득","도로","2006-12-07","[토지분류코드:GA111][관리대장코드:3700637]","경기도 오산시 수청동  281 - 11",127.0577,37.1683,127.0577,37.1683,"1",15.8,15.8,23,296,598,79,832,151,54,5,113,23,843,40,88,153,4337,477,346,133
2015,44167,"토지","행정재산","공용재산","일반","유원지","유원지",1,42143,12347899000,14803981000,"경기도 경기도산림환경연구소","","","1970-02-21","매입","시험포지","2007-07-18","[토지분류코드:GA101][관리대장코드:3700641]","경기도 오산시 수청동  282",127.0599,37.1683,127.0599,37.1683,"4",29.3,35.1279714306053,23,293,601,80,829,152,55,5,112,23,851,36,87,152,4303,474,344,133
2015,109477,"토지","행정재산","공공용재산","일반","하천","하천",1,920,109480000,109480000,"경기도 건설국 하천과","","경기도 오산시 경제문화국 토지정보과","2000-12-18","매입","","2009-12-14","","경기도 오산시 수청동  100 - 5",127.0659,37.164,127.0659,37.164,"3",11.9,11.9,15,267,505,68,699,138,56,4,99,22,723,34,88,147,3779,415,288,110
2015,109498,"토지","행정재산","공공용재산","일반","하천","하천",1,103,12257000,12257000,"경기도 건설국 하천과","","경기도 오산시 경제문화국 토지정보과","2000-12-18","매입","","2009-12-14","","경기도 오산시 수청동  99 - 3",127.0658,37.1634,127.0658,37.1634,"1",11.9,11.9,15,268,495,67,693,136,58,4,98,22,711,34,88,147,3724,407,285,109
2015,44168,"토지","행정재산","공용재산","일반","유원지","유원지",1,350,106400000,106400000,"경기도 경기도산림환경연구소","","","1970-02-21","매입","시험포지","2006-12-07","[토지분류코드:GA101][관리대장코드:3700642]","경기도 오산시 수청동  282 - 4",127.0616,37.1686,127.0616,37.1686,"2",30.4,30.4,23,292,606,82,830,151,55,5,111,23,850,36,87,152,4277,472,344,132
2015,157060,"토지","행정재산","공용재산","일반","유원지","유원지",1,475,139175000,156275000,"경기도 경기도산림환경연구소","","","2009-08-03","분할취득","시험포지","2007-07-18","[토지분류코드:GA101][관리대장코드:3700641]","경기도 오산시 수청동  282 - 11",127.0581,37.1681,127.0581,37.1681,"2",29.3,32.9,23,295,598,79,831,152,54,5,112,23,845,39,88,153,4311,474,345,133
2015,157061,"토지","행정재산","공용재산","일반","유원지","유원지",1,4186,1498588000,1377194000,"경기도 경기도산림환경연구소","","","2009-08-03","분할취득","시험포지","2007-07-18","[토지분류코드:GA101][관리대장코드:3700641]","경기도 오산시 수청동  282 - 12",127.0604,37.1676,127.0604,37.1676,"4",35.8,32.9,21,289,594,77,822,148,55,5,111,23,835,36,87,151,4237,462,341,131
2015,157062,"토지","행정재산","공용재산","일반","유원지","유원지",1,5359,1918522000,156275000,"경기도 경기도산림환경연구소","","","2009-08-03","분할취득","시험포지","2007-07-18","[토지분류코드:GA101][관리대장코드:3700641]","경기도 오산시 수청동  282 - 13",127.0605,37.1675,127.0605,37.1675,"4",35.8,2.91612241089756,21,289,592,77,819,148,55,5,111,23,834,36,87,151,4228,462,340,131
2015,157064,"토지","행정재산","공용재산","일반","유원지","유원지",1,34,12172000,10710000,"경기도 경기도산림환경연구소","","","2009-08-03","분할취득","시험포지","2006-12-07","[토지분류코드:GA101][관리대장코드:3700642]","경기도 오산시 수청동  282 - 14",127.0621,37.1676,127.0621,37.1676,"1",35.8,31.5,21,285,593,79,812,147,55,4,111,23,822,36,87,149,4205,459,338,128
2015,157065,"토지","행정재산","공용재산","일반","유원지","유원지",1,25,8950000,7875000,"경기도 경기도산림환경연구소","","","2009-08-03","분할취득","시험포지","2006-12-07","[토지분류코드:GA101][관리대장코드:3700642]","경기도 오산시 수청동  282 - 15",127.0622,37.1675,127.0622,37.1675,"1",35.8,31.5,21,285,592,78,810,147,56,4,111,23,820,36,86,149,4201,459,338,128
2015,175521,"토지","행정재산","공용재산","일반","유원지","유원지",1,3,1074000,945000,"경기도 경기도산림환경연구소","","","2011-11-07","분할취득","시험포지","2006-12-07","[토지분류코드:GA101][관리대장코드:3700642]","경기도 오산시 수청동  282 - 19",127.0621,37.1677,127.0621,37.1677,"1",35.8,31.5,21,285,594,79,814,148,55,4,111,23,823,36,87,149,4208,459,338,128
2015,172077,"토지","행정재산","공용재산","일반","유원지","유원지",1,2,608000,608000,"경기도 경기도산림환경연구소","","","2011-12-07","분할취득","시험포지","2006-12-07","[토지분류코드:GA101][관리대장코드:3700642]","경기도 오산시 수청동  282 - 20",127.0612,37.1694,127.0612,37.1694,"1",30.4,30.4,23,297,612,86,836,154,54,5,113,23,863,39,87,153,4326,480,346,134
2015,44174,"토지","행정재산","공용재산","일반","유원지","유원지",1,6,1980000,1920000,"경기도 경기도산림환경연구소","","","1970-02-10","매입","시험포지","2007-07-18","[토지분류코드:GA101][관리대장코드:3700648]","경기도 오산시 수청동  332",127.0584,37.1675,127.0584,37.1675,"1",33,32,22,292,592,76,822,151,55,5,112,23,836,37,87,152,4271,470,344,132
2015,44175,"토지","행정재산","공용재산","일반","유원지","유원지",1,1619,579602000,561793000,"경기도 경기도산림환경연구소","","","1970-02-10","매입","시험포지","2007-07-18","[토지분류코드:GA101][관리대장코드:3700649]","경기도 오산시 수청동  332 - 3",127.0589,37.1672,127.0589,37.1672,"4",35.8,34.7,21,291,588,75,819,148,55,5,111,23,823,36,87,151,4240,464,341,131
2015,44176,"토지","행정재산","공용재산","일반","유원지","유원지",1,15427,9194492000,8901379000,"경기도 경기도산림환경연구소","","","1970-02-10","매입","건물부지","2007-07-18","[토지분류코드:GA108][관리대장코드:3700650]","경기도 오산시 수청동  332 - 4",127.0599,37.1662,127.0599,37.1662,"4",59.6,57.7,21,285,570,72,803,146,56,4,111,23,803,36,87,149,4170,452,337,128
2015,44177,"토지","행정재산","공용재산","일반","전","전",1,29061,8921727000,9561069000,"경기도 경기도산림환경연구소","","","1970-02-10","매입","건물부지","2007-07-18","[토지분류코드:GA101][관리대장코드:3700651]","경기도 오산시 수청동  332 - 5",127.059,37.1652,127.059,37.1652,"4",30.7,32.9,20,281,543,71,794,144,57,4,110,23,778,35,87,147,4079,444,337,128
2015,44178,"토지","행정재산","공용재산","일반","유원지","유원지",1,684,244872000,237348000,"경기도 경기도산림환경연구소","","","1994-07-05","매입","시험포지","2007-07-18","[토지분류코드:GA101][관리대장코드:3700652]","경기도 오산시 수청동  333 - 1",127.0597,37.1673,127.0597,37.1673,"3",35.8,34.7,21,292,589,77,819,148,55,5,111,23,830,36,87,151,4231,463,341,131
2015,44179,"토지","행정재산","공용재산","일반","유원지","유원지",1,17667,6324786000,6130449000,"경기도 경기도산림환경연구소","","","1970-02-10","매입","수목원","2007-07-18","[토지분류코드:GA101][관리대장코드:3700653]","경기도 오산시 수청동  337",127.061,37.1667,127.061,37.1667,"4",35.8,34.7,21,285,579,74,805,146,56,4,111,23,816,36,87,149,4190,455,337,128
2015,44180,"토지","행정재산","공용재산","일반","유원지","유원지",1,4267,2543132000,2462059000,"경기도 경기도산림환경연구소","","","1970-02-10","매입","건물부지","2007-07-18","[토지분류코드:GA108][관리대장코드:3700654]","경기도 오산시 수청동  337 - 1",127.0607,37.166,127.0607,37.166,"4",59.6,57.7,20,283,566,73,803,145,56,4,111,23,805,36,87,147,4146,449,337,128
2015,44181,"토지","행정재산","공용재산","일반","유원지","유원지",1,288,95904000,93024000,"경기도 경기도산림환경연구소","","","1970-02-10","매입","시험포지","2007-07-18","[토지분류코드:GA101][관리대장코드:3700655]","경기도 오산시 수청동  418",127.061,37.1658,127.061,37.1658,"1",33.3,32.3,20,281,558,73,798,145,56,4,111,23,797,35,87,147,4123,447,336,128
2015,44182,"토지","행정재산","공용재산","일반","유원지","유원지",1,764,227672000,220032000,"경기도 경기도산림환경연구소","","","1970-02-12","매입","시험포지","2007-07-18","[토지분류코드:GA101][관리대장코드:3700656]","경기도 오산시 수청동  427",127.0586,37.1646,127.0586,37.1646,"3",29.8,28.8,20,278,531,70,752,139,57,4,108,23,746,33,87,147,3979,433,322,121
2015,44183,"토지","행정재산","공용재산","일반","전","전",1,793,82472000,72480200,"경기도 경기도산림환경연구소","","","1971-12-08","매입","시험포지","2007-07-18","[토지분류코드:GA101][관리대장코드:3700657]","경기도 오산시 수청동  427 - 1",127.0584,37.1645,127.0584,37.1645,"3",10.4,9.14,20,277,529,70,749,139,57,4,105,23,743,34,87,147,3955,431,317,120
2015,180680,"토지","행정재산","공공용재산","일반","하천","하천",1,1036.7,158615100,158615100,"경기도 건설국 하천과","","경기도 오산시 경제문화국 토지정보과","2013-01-31","양여","하천","2013-06-04","","경기도 오산시 수청동  616 - 2",127.0638,37.1681,127.0638,37.1681,"4",15.3,15.3,21,287,596,81,819,148,56,4,112,23,829,36,87,149,4213,463,338,128
2015,180681,"토지","행정재산","공공용재산","일반","하천","하천",1,9141.5,1398649500,1398649500,"경기도 건설국 하천과","","경기도 오산시 경제문화국 토지정보과","2013-01-31","양여","하천","2013-06-04","","경기도 오산시 수청동  623 - 2",127.0654,37.1668,127.0654,37.1668,"4",15.3,15.3,22,279,570,77,796,142,56,4,112,23,805,35,85,147,4142,451,330,127
