"집계년도","asset_ID","재산구분명","재산종류명","행정재산구분명","산구분명","실지목명","공부지목명","재산수량","재산면적","대장가액.원.","기준가액.원.","재산관리기관명","분임관리기관명","위임관리기관명","취득일자","취득방법명","재산명칭","등록일자","비고","address","longitude","latitude","size_factor","valueBysize1","valueBysize2","MT1","CS2","PS3","SC4","AC5","PK6","OL7","SW8","BK9","CT1","AG2","PO3","AT4","AD5","FD6","CE7","HP8","PM9"
2015,179472,"토지","행정재산","공공용재산","일반","답","답",1,982,90245800,90245800,"경기도 건설국 하천과","","경기도 시흥시 환경국 하수관리과","2012-05-16","누락재산등록","하천","2013-01-31","","경기도 시흥시 은행동  524 - 199",126.8046,37.426,"3",9.19,9.19,11,116,221,46,332,60,60,1,38,14,451,19,64,30,2499,159,150,63
2015,183502,"토지","행정재산","공공용재산","일반","답","답",1,645,58050000,58050000,"경기도 건설국 하천과","","경기도 시흥시 환경국 하수관리과","2013-04-19","누락재산등록","하천","2013-11-27","","경기도 시흥시 은행동  524 - 200",126.8049,37.4255,"3",9,9,11,115,219,46,338,60,59,1,38,14,455,17,60,30,2507,158,152,64
2015,187575,"토지","행정재산","공공용재산","일반","답","답",1,410,38499000,38499000,"경기도 건설국 하천과","","경기도 시흥시 환경국 하수관리과","2014-02-20","누락재산등록","하천","2014-11-04","","경기도 시흥시 은행동  524 - 201",126.8051,37.4248,"2",9.39,9.39,10,112,218,43,326,62,59,1,39,14,452,17,58,30,2479,155,146,63
2015,142211,"토지","행정재산","공공용재산","일반","대","대",1,39,32136000,32136000,"경기도 건설국 하천과","","경기도 시흥시 환경국 하수관리과","2007-10-18","매입","누락재산 일괄등록","2009-10-27","","경기도 시흥시 미산동  484 - 38",126.7891,37.4085,"1",82.4,82.4,14,148,300,47,441,101,43,4,59,10,489,31,55,82,3115,212,189,83
2015,183501,"토지","행정재산","공공용재산","일반","답","답",1,352,31996800,31996800,"경기도 건설국 하천과","","경기도 시흥시 환경국 하수관리과","2013-04-15","누락재산등록","하천","2013-11-27","","경기도 시흥시 은행동  524 - 198",126.8047,37.427,"2",9.09,9.09,10,120,229,46,350,56,59,1,42,14,472,17,64,30,2513,165,158,65
2015,183500,"토지","행정재산","공공용재산","일반","답","답",1,220,19800000,19800000,"경기도 건설국 하천과","","경기도 시흥시 환경국 하수관리과","2013-04-15","누락재산등록","하천","2013-11-27","","경기도 시흥시 은행동  524 - 197",126.8049,37.4273,"1",9,9,10,120,231,46,349,55,59,1,42,14,473,17,64,30,2509,166,157,65
2015,179475,"토지","행정재산","공공용재산","일반","답","답",1,101,9191000,9191000,"경기도 건설국 하천과","","경기도 시흥시 환경국 하수관리과","2012-05-16","누락재산등록","하천","2013-01-31","","경기도 시흥시 은행동  524 - 192",126.8043,37.428,"1",9.1,9.1,12,123,236,47,381,57,58,1,43,15,482,17,65,31,2566,173,166,69
2015,142235,"토지","행정재산","공공용재산","일반","답","답",1,391,53371000,53371000,"경기도 건설국 하천과","","경기도 시흥시 환경국 하수관리과","2007-10-18","매입","누락재산 일괄등록","2009-10-27","","경기도 시흥시 미산동  484 - 39",126.7896,37.4088,"2",13.6498721227621,13.6498721227621,14,146,294,46,422,98,43,2,57,10,482,30,55,82,3042,206,184,81
2015,142213,"토지","행정재산","공공용재산","일반","답","답",1,71,9692000,9692000,"경기도 건설국 하천과","","경기도 시흥시 환경국 하수관리과","2007-10-18","매입","누락재산 일괄등록","2009-10-27","","경기도 시흥시 미산동  484 - 40",126.7892,37.4086,"1",13.6507042253521,13.6507042253521,14,148,298,47,440,99,43,2,60,10,486,31,55,82,3101,209,189,82
2015,187574,"토지","행정재산","공공용재산","일반","답","답",1,179,16306900,16306900,"경기도 건설국 하천과","","경기도 시흥시 환경국 하수관리과","2014-03-07","누락재산등록","하천","2014-11-04","","경기도 시흥시 은행동  210 - 12",126.8043,37.4298,"1",9.11,9.11,12,128,249,51,401,63,57,1,47,15,506,18,67,31,2702,185,176,72
2015,183971,"토지","행정재산","공공용재산","일반","답","답",1,168,26376000,26376000,"경기도 건설국 하천과","","경기도 시흥시 환경국 하수관리과","2013-06-05","매입","하천","2013-12-11","","경기도 시흥시 은행동  215 - 15",126.8042,37.4296,"1",15.7,15.7,12,128,247,51,399,62,57,1,47,15,499,18,65,31,2703,183,175,72
2015,179479,"토지","행정재산","공공용재산","일반","답","답",1,308,27442800,27442800,"경기도 건설국 하천과","","경기도 시흥시 환경국 하수관리과","2012-05-16","누락재산등록","하천","2013-02-01","","경기도 시흥시 은행동  215 - 16",126.8039,37.4291,"2",8.91,8.91,13,127,246,50,397,60,56,1,47,15,498,18,65,31,2667,180,175,71
2015,179478,"토지","행정재산","공공용재산","일반","답","답",1,177,15930000,15930000,"경기도 건설국 하천과","","경기도 시흥시 환경국 하수관리과","2012-05-16","누락재산등록","하천","2013-01-31","","경기도 시흥시 은행동  215 - 17",126.8039,37.4288,"1",9,9,13,127,244,50,397,60,56,1,47,15,495,18,65,31,2648,178,174,71
2015,183970,"토지","행정재산","공공용재산","일반","답","답",1,125,19625000,19625000,"경기도 건설국 하천과","","경기도 시흥시 환경국 하수관리과","2013-05-28","매입","하천","2013-12-11","","경기도 시흥시 은행동  215 - 18",126.8041,37.4295,"1",15.7,15.7,12,128,246,51,398,62,57,1,48,15,498,18,65,31,2694,185,175,72
2015,183499,"토지","행정재산","공공용재산","일반","답","답",1,278,24519600,24519600,"경기도 건설국 하천과","","경기도 시흥시 환경국 하수관리과","2013-04-15","누락재산등록","하천","2013-11-27","","경기도 시흥시 은행동  215 - 19",126.804,37.4293,"1",8.82,8.82,13,128,247,50,398,61,56,1,48,15,498,18,65,31,2680,183,175,72
2015,179477,"토지","행정재산","공공용재산","일반","답","답",1,182,16380000,16380000,"경기도 건설국 하천과","","경기도 시흥시 환경국 하수관리과","2012-05-16","누락재산등록","하천","2013-01-31","","경기도 시흥시 은행동  216 - 7",126.804,37.4287,"1",9,9,13,127,242,50,394,59,56,1,47,15,490,18,65,31,2638,177,174,71
2015,179476,"토지","행정재산","공공용재산","일반","답","답",1,284,25844000,25844000,"경기도 건설국 하천과","","경기도 시흥시 환경국 하수관리과","2012-05-16","누락재산등록","하천","2013-01-31","","경기도 시흥시 은행동  217 - 83",126.804,37.4285,"1",9.1,9.1,13,124,239,49,392,59,56,1,46,15,489,18,65,31,2619,177,174,71
2015,189597,"토지","행정재산","공공용재산","일반","답","답",1,14,2184000,2184000,"경기도 건설국 하천과","","경기도 시흥시 환경국","2014-02-25","매입","하천","2015-03-31","","경기도 시흥시 은행동  524 - 121",126.805,37.4246,"1",15.6,15.6,10,114,219,43,328,63,59,1,39,14,451,17,59,30,2477,154,146,63
2015,189595,"토지","행정재산","공공용재산","일반","답","답",1,1503,234468000,234468000,"경기도 건설국 하천과","","경기도 시흥시 환경국","2014-02-25","매입","하천","2015-03-31","","경기도 시흥시 은행동  524 - 202",126.8052,37.4239,"4",15.6,15.6,10,113,217,41,325,63,59,1,38,14,445,17,60,30,2450,154,144,62
2015,189567,"토지","행정재산","공공용재산","일반","답","답",1,155,24180000,24180000,"경기도 건설국 하천과","","경기도 시흥시 환경국","2014-02-20","매입","하천","2015-03-31","","경기도 시흥시 은행동  524 - 203",126.805,37.4241,"1",15.6,15.6,10,113,220,41,327,63,59,1,38,14,448,17,59,30,2458,154,145,63
2015,187565,"토지","행정재산","공공용재산","일반","답","답",1,1824,158870400,158870400,"경기도 건설국 하천과","","경기도 시흥시 환경국 하수관리과","2014-06-03","누락재산등록","하천","2014-11-04","","경기도 시흥시 안현동  281 - 53",126.8055,37.4251,"4",8.71,8.71,10,113,216,43,325,60,59,1,38,14,452,17,59,30,2482,157,148,64
2015,187566,"토지","행정재산","공공용재산","일반","답","답",1,67,5835700,5835700,"경기도 건설국 하천과","","경기도 시흥시 환경국 하수관리과","2014-03-07","누락재산등록","하천","2014-11-04","","경기도 시흥시 안현동  281 - 54",126.8057,37.4251,"1",8.71,8.71,10,113,215,43,325,60,59,1,38,14,452,17,60,30,2477,156,148,64
2015,187569,"토지","행정재산","공공용재산","일반","답","답",1,20,1760000,1760000,"경기도 건설국 하천과","","경기도 시흥시 환경국 하수관리과","2014-03-24","누락재산등록","하천","2014-11-04","","경기도 시흥시 안현동  549 - 5",126.8049,37.4224,"1",8.8,8.8,10,109,212,42,317,61,58,1,37,14,441,18,59,30,2437,151,143,62
2015,179469,"토지","행정재산","공공용재산","일반","답","답",1,99,8504100,8504100,"경기도 건설국 하천과","","경기도 시흥시 환경국 하수관리과","2012-05-16","누락재산등록","하천","2013-01-31","","경기도 시흥시 안현동  549 - 10",126.8054,37.4233,"1",8.59,8.59,10,112,214,42,322,62,59,1,38,14,441,17,59,30,2439,152,143,62
2015,179468,"토지","행정재산","공공용재산","일반","답","답",1,917,78770300,78770300,"경기도 건설국 하천과","","경기도 시흥시 환경국 하수관리과","2012-05-16","누락재산등록","하천","2013-01-31","","경기도 시흥시 안현동  549 - 11",126.8052,37.4232,"3",8.59,8.59,10,111,215,42,321,62,59,1,37,14,442,17,59,30,2439,152,142,62
2015,183966,"토지","행정재산","공공용재산","일반","답","답",1,1389,215295000,215295000,"경기도 건설국 하천과","","경기도 시흥시 환경국 하수관리과","2013-10-24","매입","하천","2013-12-11","","경기도 시흥시 안현동  549 - 12",126.805,37.4229,"4",15.5,15.5,10,110,213,42,320,62,59,1,37,14,443,18,58,30,2437,152,143,62
2015,187568,"토지","행정재산","공공용재산","일반","답","답",1,1705,150128000,150128000,"경기도 건설국 하천과","","경기도 시흥시 환경국 하수관리과","2014-03-24","누락재산등록","하천","2014-11-04","","경기도 시흥시 안현동  549 - 13",126.8047,37.4226,"4",8.80516129032258,8.80516129032258,10,109,213,43,317,61,59,1,37,14,444,18,59,30,2436,152,144,62
2015,187571,"토지","행정재산","공공용재산","일반","답","답",1,19,1672000,1672000,"경기도 건설국 하천과","","경기도 시흥시 환경국 하수관리과","2014-03-07","누락재산등록","하천","2014-11-04","","경기도 시흥시 안현동  550 - 3",126.8044,37.4215,"1",8.8,8.8,10,110,215,42,330,60,58,1,38,14,441,19,59,30,2459,150,145,61
2015,187572,"토지","행정재산","공공용재산","일반","답","답",1,830,73040000,73040000,"경기도 건설국 하천과","","경기도 시흥시 환경국 하수관리과","2014-02-20","누락재산등록","하천","2014-11-04","","경기도 시흥시 안현동  550 - 9",126.8042,37.4216,"3",8.8,8.8,10,110,216,43,330,60,59,1,38,14,443,19,58,30,2460,150,145,62
2015,187570,"토지","행정재산","공공용재산","일반","답","답",1,1340,117920000,117920000,"경기도 건설국 하천과","","경기도 시흥시 환경국 하수관리과","2014-02-20","누락재산등록","하천","2014-11-04","","경기도 시흥시 안현동  550 - 10",126.8045,37.4219,"4",8.8,8.8,10,109,214,41,320,60,58,1,37,14,440,18,59,30,2441,151,144,62
2015,187573,"토지","행정재산","공공용재산","일반","답","답",1,560,49280000,49280000,"경기도 건설국 하천과","","경기도 시흥시 환경국 하수관리과","2014-02-20","누락재산등록","하천","2014-11-04","","경기도 시흥시 안현동  557 - 12",126.8047,37.4221,"3",8.8,8.8,10,109,213,41,316,60,58,1,37,14,439,18,58,30,2437,151,144,62
2015,14082,"토지","행정재산","공용재산","산","임야","임야",1,30446,715481000,508448200,"경기도 축산산림국 산림과","","경기도 시흥시 환경국 산림공원과","1994-07-15","매입","임야","2007-07-18","[토지분류코드:GA105][관리대장코드:1200013]","경기도 시흥시 매화동  30",126.8189,37.4206,"4",2.35,1.67,10,102,197,38,297,62,59,0,33,13,423,17,61,29,2336,142,130,59
2015,100912,"토지","행정재산","공공용재산","일반","전","전",1,65,5921500,5921500,"경기도 건설국 도로정책과","","경기도 시흥시 도시교통국 도로과","2005-10-24","매입","매화동 277-8번지","2008-01-17","","경기도 시흥시 매화동  277 - 8",126.8162,37.4128,"1",9.11,9.11,10,112,234,41,377,72,55,0,41,12,468,27,58,30,2569,167,154,72
2015,14700,"토지","일반재산","미등록","일반","잡종지","대",1,180.7,110588400,110588400,"경기도 건설국 하천과","","경기도 시흥시 환경국 하수관리과","2002-11-04","양여","폐천부지","2008-01-25","매각진행중('04.폐천부지 매각)","경기도 시흥시 신천동  844 - 3",126.7823,37.4365,"1",61.2,61.2,15,187,381,68,568,96,46,4,74,22,727,34,77,36,3898,289,257,117
2015,155081,"토지","행정재산","공공용재산","산","임야","임야",1,307,9620000,9620000,"경기도 건설국 하천과","","경기도 시흥시 환경국 하수관리과","2009-07-06","누락재산등록","임야","2010-06-10","","경기도 시흥시 방산동  1 - 6",126.7557,37.4136,"2",3.13355048859935,3.13355048859935,19,223,393,68,610,178,54,8,87,17,706,38,49,88,4447,350,311,116
2015,164600,"토지","행정재산","공공용재산","일반","답","답",1,21,762300,762300,"경기도 건설국 하천과","","경기도 시흥시 환경국 하수관리과","2009-07-15","누락재산등록","하천","2011-07-18","","경기도 시흥시 방산동  3 - 1",126.772,37.4301,"1",3.63,3.63,13,186,360,57,522,111,45,6,73,19,710,29,68,55,4128,298,265,115
2015,164607,"토지","행정재산","공공용재산","산","임야","임야",1,183,2854800,2854800,"경기도 건설국 하천과","","경기도 시흥시 환경국 하수관리과","2010-05-04","누락재산등록","하천","2011-07-18","","경기도 시흥시 방산동  116 - 3",126.7817,37.4289,"1",1.56,1.56,12,142,309,51,413,88,45,3,54,20,540,21,67,34,3085,223,200,87
2015,164608,"토지","행정재산","공공용재산","산","임야","임야",1,91,1419600,1419600,"경기도 건설국 하천과","","경기도 시흥시 환경국 하수관리과","2010-05-04","누락재산등록","하천","2011-07-18","","경기도 시흥시 방산동  116 - 4",126.7812,37.4285,"1",1.56,1.56,12,142,307,51,416,92,45,3,55,20,535,22,67,36,3121,222,202,86
2015,164609,"토지","행정재산","공공용재산","산","임야","임야",1,124,1934400,1934400,"경기도 건설국 하천과","","경기도 시흥시 환경국 하수관리과","2010-05-04","누락재산등록","하천","2011-07-18","","경기도 시흥시 방산동  116 - 5",126.7642,37.4256,"1",1.56,1.56,15,240,430,67,692,137,49,7,93,18,845,39,61,87,5096,386,370,143
2015,155098,"토지","행정재산","공공용재산","일반","답","답",1,237,136502100,136502100,"경기도 건설국 하천과","","경기도 시흥시 환경국 하수관리과","2009-08-04","누락재산등록","하천","2010-06-10","","경기도 시흥시 방산동  198 - 2",126.7722,37.4297,"1",57.5958227848101,57.5958227848101,13,184,356,56,518,109,45,6,73,19,692,28,67,55,4084,292,257,111
2015,155099,"토지","행정재산","공공용재산","일반","제방","제방",1,33,5064000,5064000,"경기도 건설국 하천과","","경기도 시흥시 환경국 하수관리과","2009-08-04","누락재산등록","하천","2010-06-10","","경기도 시흥시 방산동  198 - 5",126.7725,37.4297,"1",15.3454545454545,15.3454545454545,13,182,354,56,516,106,44,6,72,19,691,28,67,55,4057,291,252,109
2015,179471,"토지","행정재산","공공용재산","일반","답","답",1,1394,118490000,118490000,"경기도 건설국 하천과","","경기도 시흥시 환경국 하수관리과","2012-06-11","누락재산등록","하천","2013-01-31","","경기도 시흥시 안현동  281 - 52",126.8053,37.4256,"4",8.5,8.5,10,115,218,45,332,58,60,1,38,14,451,17,60,30,2499,158,149,64
2015,189605,"토지","행정재산","공공용재산","일반","답","답",1,160,27520000,27520000,"경기도 건설국 하천과","","경기도 시흥시 환경국","2014-02-20","매입","하천","2015-04-01","","경기도 시흥시 안현동  281 - 50",126.8052,37.4259,"1",17.2,17.2,10,115,220,45,328,59,60,1,38,14,450,19,60,30,2491,159,148,63
2015,189603,"토지","행정재산","공공용재산","일반","답","답",1,909,72352000,72352000,"경기도 건설국 하천과","","경기도 시흥시 환경국","2014-02-20","매입","하천","2015-04-01","","경기도 시흥시 안현동  281 - 49",126.8052,37.4268,"3",7.95951595159516,7.95951595159516,10,117,226,46,345,55,60,1,42,14,464,18,64,30,2506,165,156,65
2015,189598,"토지","행정재산","공공용재산","일반","답","답",1,436,68016000,68016000,"경기도 건설국 하천과","","경기도 시흥시 환경국","2014-02-25","매입","하천","2015-04-01","","경기도 시흥시 은행동  524 - 205",126.8044,37.423,"2",15.6,15.6,10,110,215,43,321,62,59,1,37,14,444,18,58,30,2450,152,144,62
2015,189599,"토지","행정재산","공공용재산","일반","답","답",1,942,143184000,143184000,"경기도 건설국 하천과","","경기도 시흥시 환경국","2014-02-25","매입","하천","2015-04-01","","경기도 시흥시 은행동  524 - 206",126.8049,37.4235,"3",15.2,15.2,10,112,217,42,326,62,59,1,38,14,446,17,60,30,2454,153,146,62
2015,187576,"토지","행정재산","공공용재산","일반","답","답",1,128,12019200,12019200,"경기도 건설국 하천과","","경기도 시흥시 환경국 하수관리과","2014-03-07","누락재산등록","하천","2014-11-04","","경기도 시흥시 은행동  524 - 207",126.8043,37.4228,"1",9.39,9.39,10,109,216,45,320,61,59,1,37,14,443,18,58,30,2448,152,144,62
2015,187577,"토지","행정재산","공공용재산","일반","답","답",1,162,15211800,15211800,"경기도 건설국 하천과","","경기도 시흥시 환경국 하수관리과","2014-03-07","누락재산등록","하천","2014-11-04","","경기도 시흥시 은행동  524 - 208",126.8043,37.4226,"1",9.39,9.39,10,109,215,43,318,61,59,1,37,14,443,18,59,30,2439,152,144,62
2015,183503,"토지","행정재산","공공용재산","일반","답","답",1,124,11271600,11271600,"경기도 건설국 하천과","","경기도 시흥시 환경국 하수관리과","2013-04-15","누락재산등록","하천","2013-11-27","","경기도 시흥시 은행동  524 - 209",126.8042,37.4225,"1",9.09,9.09,11,109,215,42,317,61,59,1,37,14,443,18,60,30,2440,152,144,62
2015,183504,"토지","행정재산","공공용재산","일반","답","답",1,282,25633800,25633800,"경기도 건설국 하천과","","경기도 시흥시 환경국 하수관리과","2013-04-15","누락재산등록","하천","2013-11-27","","경기도 시흥시 은행동  524 - 210",126.8042,37.4222,"1",9.09,9.09,10,109,215,42,316,61,59,1,37,14,441,18,58,30,2440,151,144,62
2015,183505,"토지","행정재산","공공용재산","일반","답","답",1,65,5908500,5908500,"경기도 건설국 하천과","","경기도 시흥시 환경국 하수관리과","2013-04-15","누락재산등록","하천","2013-11-27","","경기도 시흥시 은행동  524 - 211",126.8041,37.422,"1",9.09,9.09,11,109,215,42,321,61,59,1,37,14,441,18,57,30,2443,151,144,62
2015,189589,"토지","행정재산","공공용재산","일반","답","답",1,338,52728000,52728000,"경기도 건설국 하천과","","경기도 시흥시 환경국","2014-02-25","매입","하천","2015-03-31","","경기도 시흥시 은행동  524 - 212",126.8036,37.4214,"2",15.6,15.6,12,110,216,43,336,60,59,1,38,14,441,19,57,30,2469,151,146,62
2015,189591,"토지","행정재산","공공용재산","일반","답","답",1,442,67184000,67184000,"경기도 건설국 하천과","","경기도 시흥시 환경국","2014-02-25","매입","하천","2015-03-31","","경기도 시흥시 은행동  524 - 213",126.8034,37.4211,"2",15.2,15.2,13,110,220,42,341,60,59,1,38,14,439,19,58,29,2502,154,149,63
2015,14083,"토지","행정재산","공용재산","일반","대","대",1,1052.8,1263360000,1263360000,"경기도 재난안전본부 소방행정과","경기도 시흥소방서","","1999-11-16","매입","대야파출소","2007-12-10","[토지분류코드:GA108][관리대장코드:2000062]","경기도 시흥시 은행동  559 - 1",126.7933,37.4394,"4",120,120,15,191,348,65,525,87,56,3,73,25,750,31,78,63,3823,287,254,115
2015,187561,"토지","행정재산","공공용재산","일반","답","답",1,95,8740000,8740000,"경기도 건설국 하천과","","경기도 시흥시 환경국 하수관리과","2014-02-20","누락재산등록","하천","2014-11-03","","경기도 시흥시 안현동  212 - 84",126.8048,37.4301,"1",9.2,9.2,12,129,251,51,407,63,56,1,45,15,507,18,65,31,2706,185,173,72
2015,179480,"토지","행정재산","공공용재산","일반","답","답",1,25,2125000,2125000,"경기도 건설국 하천과","","경기도 시흥시 환경국 하수관리과","2012-05-16","누락재산등록","하천","2013-02-01","","경기도 시흥시 안현동  227 - 1",126.8049,37.4299,"1",8.5,8.5,12,126,249,51,400,63,56,1,45,15,505,18,65,31,2679,182,171,71
2015,179481,"토지","행정재산","공공용재산","일반","답","답",1,310,26350000,26350000,"경기도 건설국 하천과","","경기도 시흥시 환경국 하수관리과","2012-05-16","누락재산등록","하천","2013-02-01","","경기도 시흥시 안현동  230 - 3",126.8048,37.4298,"2",8.5,8.5,12,127,248,51,396,63,56,1,45,15,505,18,66,31,2682,184,171,71
2015,187562,"토지","행정재산","공공용재산","일반","답","답",1,504,44352000,44352000,"경기도 건설국 하천과","","경기도 시흥시 환경국 하수관리과","2014-03-24","누락재산등록","하천","2014-11-03","","경기도 시흥시 안현동  231 - 4",126.8047,37.4296,"3",8.8,8.8,12,127,246,51,395,63,57,1,45,15,499,18,66,31,2672,183,171,71
2015,187563,"토지","행정재산","공공용재산","일반","답","답",1,345,30360000,30360000,"경기도 건설국 하천과","","경기도 시흥시 환경국 하수관리과","2014-03-24","누락재산등록","하천","2014-11-03","","경기도 시흥시 안현동  231 - 5",126.8045,37.4294,"2",8.8,8.8,12,127,244,51,397,61,57,1,45,15,497,18,65,31,2665,182,172,71
2015,187564,"토지","행정재산","공공용재산","일반","답","답",1,624,54912000,54912000,"경기도 건설국 하천과","","경기도 시흥시 환경국 하수관리과","2014-03-24","누락재산등록","하천","2014-11-03","","경기도 시흥시 안현동  257 - 3",126.8043,37.4291,"3",8.8,8.8,12,126,244,50,397,60,56,1,45,15,496,18,65,31,2642,179,175,71
2015,183967,"토지","행정재산","공공용재산","일반","답","답",1,827,128185000,128185000,"경기도 건설국 하천과","","경기도 시흥시 환경국 하수관리과","2013-05-16","매입","하천","2013-12-11","","경기도 시흥시 안현동  258 - 1",126.805,37.428,"3",15.5,15.5,12,122,236,47,378,57,58,1,44,14,482,17,65,31,2547,172,163,69
2015,183498,"토지","행정재산","공공용재산","일반","답","답",1,1388,117980000,117980000,"경기도 건설국 하천과","","경기도 시흥시 환경국 하수관리과","2013-04-15","누락재산등록","하천","2013-11-27","","경기도 시흥시 안현동  269 - 6",126.8054,37.4275,"4",8.5,8.5,10,119,232,47,348,55,59,1,42,14,471,17,64,30,2508,164,157,66
2015,179482,"토지","행정재산","공공용재산","일반","답","답",1,41,3521900,3521900,"경기도 건설국 하천과","","경기도 시흥시 환경국 하수관리과","2012-05-16","누락재산등록","하천","2013-02-01","","경기도 시흥시 안현동  269 - 7",126.8055,37.4271,"1",8.59,8.59,9,119,228,45,346,55,60,1,42,14,469,17,64,30,2494,163,155,65
2015,179474,"토지","행정재산","공공용재산","일반","답","답",1,680,58412000,58412000,"경기도 건설국 하천과","","경기도 시흥시 환경국 하수관리과","2012-05-06","누락재산등록","하천","2013-01-31","","경기도 시흥시 안현동  269 - 8",126.8053,37.4275,"3",8.59,8.59,10,119,232,47,349,55,59,1,42,14,470,17,64,30,2510,165,157,66
2015,183969,"토지","행정재산","공공용재산","일반","답","답",1,1414,219170000,219170000,"경기도 건설국 하천과","","경기도 시흥시 환경국 하수관리과","2013-06-18","매입","","2013-12-11","","경기도 시흥시 안현동  271 - 3",126.8045,37.4284,"4",15.5,15.5,12,124,237,48,389,58,57,1,45,15,490,18,65,31,2590,176,171,70
2015,183968,"토지","행정재산","공공용재산","일반","답","답",1,417,62967000,62967000,"경기도 건설국 하천과","","경기도 시흥시 환경국 하수관리과","2013-05-16","매입","하천","2013-12-11","","경기도 시흥시 안현동  272",126.8046,37.4281,"2",15.1,15.1,12,122,236,48,381,57,58,1,45,15,486,17,65,31,2562,174,165,69
2015,179473,"토지","행정재산","공공용재산","일반","답","답",1,1081,91885000,91885000,"경기도 건설국 하천과","","경기도 시흥시 환경국 하수관리과","2012-05-16","누락재산등록","하천","2013-01-31","","경기도 시흥시 안현동  273 - 1",126.8052,37.4272,"4",8.5,8.5,10,119,229,46,346,55,59,1,42,14,470,17,64,30,2503,165,155,65
2015,189581,"토지","행정재산","공공용재산","일반","답","답",1,2473,380842000,380842000,"경기도 건설국 하천과","","경기도 시흥시 환경국","2014-02-25","매입","하천","2015-03-31","","경기도 시흥시 안현동  281 - 4",126.805,37.4263,"4",15.4,15.4,10,115,221,46,329,58,60,1,39,14,458,19,63,30,2501,162,149,64
2015,187567,"토지","행정재산","공공용재산","일반","답","답",1,80,6968000,6968000,"경기도 건설국 하천과","","경기도 시흥시 환경국 하수관리과","2014-06-03","누락재산등록","하천","2014-11-04","","경기도 시흥시 안현동  281 - 7",126.8056,37.4254,"1",8.71,8.71,10,116,216,44,334,60,60,1,38,14,452,17,59,30,2487,157,149,64
2015,179470,"토지","행정재산","공공용재산","일반","답","답",1,2368,201280000,201280000,"경기도 건설국 하천과","","경기도 시흥시 환경국 하수관리과","2012-05-16","누락재산등록","하천","2013-01-31","","경기도 시흥시 안현동  281 - 27",126.8055,37.4242,"4",8.5,8.5,10,114,218,41,324,63,60,1,39,14,449,17,60,30,2457,153,143,63
2015,173110,"토지","행정재산","공공용재산","일반","대","대",1,130.23,118170000,118170000,"경기도 건설국 하천과","","경기도 시흥시 환경국 하수관리과","2008-10-23","누락재산등록","하천","2012-03-21","","경기도 시흥시 포동  1 - 91",126.7873,37.4073,"1",90.7394609536973,90.7394609536973,14,152,321,48,454,102,39,4,61,11,499,30,56,82,3193,222,191,83
2015,155074,"토지","행정재산","공공용재산","일반","대","대",1,60,94560000,94560000,"경기도 건설국 하천과","","경기도 시흥시 환경국 하수관리과","2009-03-27","누락재산등록","대","2010-06-10","","경기도 시흥시 포동  1 - 92",126.7873,37.4072,"1",157.6,157.6,14,152,322,48,454,102,39,4,61,11,499,30,55,82,3194,222,191,83
2015,173111,"토지","행정재산","공공용재산","일반","대","대",1,115,104535000,104535000,"경기도 건설국 하천과","","경기도 시흥시 환경국 하수관리과","2008-09-16","누락재산등록","하천","2012-03-21","","경기도 시흥시 포동  1 - 93",126.7872,37.407,"1",90.9,90.9,14,152,322,48,455,102,39,4,61,11,499,30,55,83,3193,223,192,83
2015,155061,"토지","행정재산","공공용재산","일반","대","대",1,24,26547563,26547563,"경기도 건설국 하천과","","경기도 시흥시 환경국 하수관리과","2009-07-02","누락재산등록","대","2010-06-10","","경기도 시흥시 포동  1 - 94",126.788,37.4078,"1",110.614845833333,110.614845833333,14,151,312,47,445,101,40,4,61,10,493,30,56,82,3160,220,190,83
2015,166999,"토지","행정재산","공공용재산","일반","대","대",1,86,51170000,51170000,"경기도 건설국 하천과","","경기도 시흥시 환경국 하수관리과","2008-02-29","누락재산등록","","2011-08-03","","경기도 시흥시 포동  1 - 96",126.7878,37.4075,"1",59.5,59.5,14,150,311,47,451,101,40,4,61,11,494,30,56,82,3180,221,191,83
2015,155072,"토지","행정재산","공공용재산","일반","대","대",1,62,60264000,60264000,"경기도 건설국 하천과","","경기도 시흥시 환경국 하수관리과","2009-03-10","누락재산등록","대","2010-06-10","","경기도 시흥시 포동  1 - 97",126.7877,37.4074,"1",97.2,97.2,14,150,314,47,451,102,39,4,61,11,497,30,56,82,3185,221,191,83
2015,155073,"토지","행정재산","공공용재산","일반","대","대",1,28,37492000,37492000,"경기도 건설국 하천과","","경기도 시흥시 환경국 하수관리과","2009-03-10","누락재산등록","대","2010-06-10","","경기도 시흥시 포동  1 - 98",126.7879,37.4076,"1",133.9,133.9,14,150,312,47,446,101,40,4,61,11,494,30,56,82,3166,221,190,83
2015,175527,"토지","행정재산","공공용재산","일반","대","대",1,92,101765656,101765656,"경기도 건설국 하천과","","경기도 시흥시 환경국 하수관리과","2011-09-07","분할취득","대","2010-06-10","","경기도 시흥시 포동  1 - 127",126.7881,37.4079,"1",110.614843478261,110.614843478261,14,151,312,47,445,101,40,4,61,10,493,30,56,82,3158,220,190,83
2015,175528,"토지","행정재산","공공용재산","일반","대","대",1,12,13273781,13273781,"경기도 건설국 하천과","","경기도 시흥시 환경국 하수관리과","2011-09-07","분할취득","대","2010-06-10","","경기도 시흥시 포동  1 - 128",126.7882,37.4079,"1",110.614841666667,110.614841666667,14,151,312,47,445,101,40,4,61,10,490,30,56,82,3156,220,190,83
2015,155057,"토지","행정재산","공공용재산","일반","구거","구거",1,4.32,2441000,2441000,"경기도 건설국 하천과","","경기도 시흥시 환경국 하수관리과","2009-03-16","누락재산등록","구거","2010-06-10","","경기도 시흥시 포동  5 - 4",126.787,37.4068,"1",56.5046296296296,56.5046296296296,14,153,322,48,455,102,38,4,61,10,499,30,55,83,3190,224,192,83
2015,173109,"토지","행정재산","공공용재산","일반","대","대",1,113,95033000,95033000,"경기도 건설국 하천과","","경기도 시흥시 환경국 하수관리과","2008-01-15","누락재산등록","하천","2012-03-21","","경기도 시흥시 포동  1 - 90",126.7878,37.4076,"1",84.1,84.1,14,150,314,47,450,101,40,4,61,11,494,30,56,82,3180,221,191,83
2015,145604,"토지","행정재산","공공용재산","일반","대","대",1,35,22015000,61642000,"경기도 건설국 하천과","","경기도 시흥시 환경국 하수관리과","2008-05-21","매입","","","","경기도 시흥시 포동  1 - 6",126.7884,37.4079,"1",62.9,176.12,14,151,309,47,445,101,40,4,61,11,492,30,56,82,3150,220,190,83
2015,164603,"토지","행정재산","공공용재산","일반","답","답",1,263,17884000,17884000,"경기도 건설국 하천과","","경기도 시흥시 환경국 하수관리과","2010-02-01","누락재산등록","하천","2011-07-18","","경기도 시흥시 방산동  980 - 1",126.7562,37.4167,"1",6.8,6.8,18,240,431,67,700,175,52,9,94,22,786,37,48,90,4754,392,341,128
2015,164604,"토지","행정재산","공공용재산","일반","답","답",1,705,47940000,47940000,"경기도 건설국 하천과","","경기도 시흥시 환경국 하수관리과","2010-01-20","누락재산등록","하천","2011-07-18","","경기도 시흥시 방산동  982 - 2",126.7564,37.4174,"3",6.8,6.8,17,240,433,67,687,170,51,9,92,22,802,38,52,90,4782,394,341,128
2015,164605,"토지","행정재산","공공용재산","일반","답","답",1,157,10676000,10676000,"경기도 건설국 하천과","","경기도 시흥시 환경국 하수관리과","2010-01-20","누락재산등록","하천","2011-07-18","","경기도 시흥시 방산동  983 - 2",126.7568,37.4172,"1",6.8,6.8,18,239,437,68,700,170,50,9,93,22,795,37,52,90,4764,394,342,129
2015,164606,"토지","행정재산","공공용재산","일반","답","답",1,8,544000,544000,"경기도 건설국 하천과","","경기도 시흥시 환경국 하수관리과","2010-06-24","누락재산등록","하천","2011-07-18","","경기도 시흥시 방산동  984 - 1",126.7571,37.417,"1",6.8,6.8,18,236,436,68,696,169,50,9,94,22,780,37,52,90,4735,389,341,129
2015,177103,"토지","행정재산","공공용재산","일반","전","전",1,174,20880000,20880000,"경기도 건설국 하천과","","경기도 시흥시 환경국 하수관리과","2012-04-03","누락재산등록","하천","2012-10-31","","경기도 시흥시 방산동  999 - 3",126.7572,37.4162,"1",12,12,18,230,431,67,697,169,51,9,94,22,770,35,49,89,4706,381,337,127
2015,155078,"토지","행정재산","공공용재산","일반","답","답",1,93,14538000,14538000,"경기도 건설국 하천과","","경기도 시흥시 환경국 하수관리과","2009-09-02","누락재산등록","답","2010-06-10","","경기도 시흥시 방산동  1008 - 3",126.7566,37.415,"1",15.6322580645161,15.6322580645161,20,228,421,68,670,171,52,9,91,21,749,35,50,89,4639,368,333,126
2015,155083,"토지","행정재산","공공용재산","일반","답","답",1,124,18764000,18764000,"경기도 건설국 하천과","","경기도 시흥시 환경국 하수관리과","2009-07-22","누락재산등록","답","2010-06-10","","경기도 시흥시 방산동  1016 - 2",126.7564,37.4142,"1",15.1322580645161,15.1322580645161,19,225,404,68,635,172,52,8,89,20,715,37,50,88,4522,356,325,121
2015,173107,"토지","행정재산","공공용재산","일반","대","대",1,106,88934000,88934000,"경기도 건설국 하천과","","경기도 시흥시 환경국 하수관리과","2008-03-18","누락재산등록","하천","2012-03-21","","경기도 시흥시 포동  1 - 5",126.7874,37.4074,"1",83.9,83.9,14,152,320,48,452,102,39,4,61,11,499,30,56,82,3193,222,191,83
2015,145606,"토지","행정재산","공공용재산","일반","답","답",1,43.29,6372900,6372900,"경기도 건설국 하천과","","경기도 시흥시 환경국 하수관리과","2009-03-16","매입","","2010-01-20","","경기도 시흥시 포동  5 - 41",126.7863,37.4043,"1",14.7214137214137,14.7214137214137,14,152,323,51,453,101,39,4,60,10,494,32,53,83,3202,222,189,81
2015,155053,"토지","행정재산","공공용재산","일반","구거","구거",1,1.79,371000,371000,"경기도 건설국 하천과","","경기도 시흥시 환경국 하수관리과","2009-03-16","누락재산등록","구거","2010-06-10","","경기도 시흥시 포동  5 - 63",126.787,37.4066,"1",20.7262569832402,20.7262569832402,14,153,322,48,452,102,39,4,61,10,498,30,55,83,3188,224,192,83
2015,155055,"토지","행정재산","공공용재산","일반","구거","구거",1,3.27,655000,655000,"경기도 건설국 하천과","","경기도 시흥시 환경국 하수관리과","2009-03-16","누락재산등록","구거","2010-06-10","","경기도 시흥시 포동  5 - 64",126.7864,37.4045,"1",20.0305810397554,20.0305810397554,14,153,323,51,454,101,38,4,60,10,495,32,53,83,3208,222,190,81
2015,155070,"토지","행정재산","공공용재산","일반","전","전",1,202,43632000,43632000,"경기도 건설국 하천과","","경기도 시흥시 환경국 하수관리과","2009-03-10","누락재산등록","전","2010-06-10","","경기도 시흥시 포동  5 - 65",126.7867,37.406,"1",21.6,21.6,14,154,322,50,456,102,39,4,61,10,498,30,54,83,3203,224,193,82
2015,145607,"토지","행정재산","공공용재산","일반","답","답",1,39.73,5849100,5849100,"경기도 건설국 하천과","","경기도 시흥시 환경국 하수관리과","2009-03-16","매입","","2010-01-20","","경기도 시흥시 포동  5 - 67",126.7863,37.4042,"1",14.7221243392902,14.7221243392902,14,151,325,52,453,100,39,4,60,10,494,32,53,83,3204,222,189,81
2015,155056,"토지","행정재산","공공용재산","일반","구거","구거",1,0.41,82000,82000,"경기도 건설국 하천과","","경기도 시흥시 환경국 하수관리과","2009-03-16","누락재산등록","구거","2010-06-10","","경기도 시흥시 포동  5 - 68",126.7864,37.4046,"1",20,20,14,153,323,51,454,101,38,4,60,10,495,32,53,83,3209,222,190,81
2015,155071,"토지","행정재산","공공용재산","일반","전","전",1,89,19224000,19224000,"경기도 건설국 하천과","","경기도 시흥시 환경국 하수관리과","2009-03-10","누락재산등록","전","2010-06-10","","경기도 시흥시 포동  5 - 74",126.7867,37.406,"1",21.6,21.6,14,154,322,50,456,102,39,4,61,10,498,30,54,83,3203,224,193,82
2015,155058,"토지","행정재산","공공용재산","일반","전","전",1,37,7819000,7819000,"경기도 건설국 하천과","","경기도 시흥시 환경국 하수관리과","2009-03-16","누락재산등록","전","2010-06-10","","경기도 시흥시 포동  5 - 75",126.7864,37.4046,"1",21.1324324324324,21.1324324324324,14,153,323,51,454,101,38,4,60,10,495,32,53,83,3209,222,190,81
2015,155059,"토지","행정재산","공공용재산","일반","구거","구거",1,0.83,165000,165000,"경기도 건설국 하천과","","경기도 시흥시 환경국 하수관리과","2009-03-16","누락재산등록","구거","2010-06-10","","경기도 시흥시 포동  5 - 76",126.7864,37.4046,"1",19.8795180722892,19.8795180722892,14,153,323,51,454,101,38,4,60,10,495,32,53,83,3209,222,190,81
2015,155054,"토지","행정재산","공공용재산","일반","구거","구거",1,12.58,2612000,2612000,"경기도 건설국 하천과","","경기도 시흥시 환경국 하수관리과","2009-03-16","누락재산등록","구거","2010-06-10","","경기도 시흥시 포동  5 - 77",126.7868,37.4062,"1",20.7631160572337,20.7631160572337,14,154,322,48,456,102,39,4,61,10,498,30,54,83,3197,225,194,83
2015,155068,"토지","행정재산","공공용재산","일반","전","전",1,12,2502000,2502000,"경기도 건설국 하천과","","경기도 시흥시 환경국 하수관리과","2009-05-11","누락재산등록","전","2010-06-10","","경기도 시흥시 포동  5 - 78",126.7864,37.4046,"1",20.85,20.85,14,153,323,51,454,101,38,4,60,10,495,32,53,83,3209,222,190,81
2015,155069,"토지","행정재산","공공용재산","일반","구거","구거",1,0.06,11000,11000,"경기도 건설국 하천과","","경기도 시흥시 환경국 하수관리과","2009-05-11","누락재산등록","구거","2010-06-10","","경기도 시흥시 포동  5 - 79",126.7863,37.4045,"1",18.3333333333333,18.3333333333333,14,153,323,51,454,101,38,4,60,10,495,32,53,83,3208,222,190,81
2015,155067,"토지","행정재산","공공용재산","일반","제방","제방",1,14.79,73950,73950,"경기도 건설국 하천과","","경기도 시흥시 환경국 하수관리과","2009-05-11","누락재산등록","제방","2010-06-10","","경기도 시흥시 포동  67 - 76",126.7859,37.4036,"1",0.5,0.5,14,151,326,51,450,100,39,4,59,10,488,33,54,83,3184,222,189,81
2015,145608,"토지","행정재산","공공용재산","일반","제방","제방",1,3.33,1836000,1836000,"경기도 건설국 하천과","","경기도 시흥시 환경국 하수관리과","2009-03-16","매입","","2010-01-20","","경기도 시흥시 포동  67 - 230",126.7862,37.404,"1",55.1351351351351,55.1351351351351,14,151,326,53,453,100,40,4,59,10,490,32,54,83,3198,222,189,81
2015,145609,"토지","행정재산","공공용재산","일반","제방","제방",1,202.21,111588000,111588000,"경기도 건설국 하천과","","경기도 시흥시 환경국 하수관리과","2009-03-16","매입","","2010-01-20","","경기도 시흥시 포동  67 - 231",126.7864,37.4043,"1",55.1842144305425,55.1842144305425,14,152,323,51,453,101,39,4,60,10,494,32,53,83,3205,222,189,81
2015,145610,"토지","행정재산","공공용재산","일반","제방","제방",1,35.49,19584000,19584000,"경기도 건설국 하천과","","경기도 시흥시 환경국 하수관리과","2009-03-16","매입","","2010-01-20","","경기도 시흥시 포동  67 - 286",126.7861,37.4036,"1",55.1817413355875,55.1817413355875,14,151,326,52,450,100,40,4,59,10,490,32,54,83,3194,222,189,81
2015,145611,"토지","행정재산","공공용재산","일반","제방","제방",1,61.73,14579100,14579100,"경기도 건설국 하천과","","경기도 시흥시 환경국 하수관리과","2009-03-16","매입","","2010-01-20","","경기도 시흥시 포동  67 - 287",126.7862,37.404,"1",23.6175279442734,23.6175279442734,14,151,326,53,453,100,40,4,59,10,490,32,54,83,3198,222,189,81
2015,155084,"토지","행정재산","공공용재산","일반","답","답",1,559,20417548,20417548,"경기도 건설국 하천과","","경기도 시흥시 환경국 하수관리과","2008-08-04","누락재산등록","답","2010-06-10","","경기도 시흥시 방산동  198 - 6",126.7716,37.4296,"3",3.65251305903399,3.65251305903399,13,187,363,54,523,109,45,6,74,19,706,30,68,55,4139,302,266,114
2015,166910,"토지","일반재산","미등록","일반","답","답",1,295,37170000,30090000,"경기도 자치행정국 회계과","","경기도 시흥시 안전행정국 회계과","2007-12-31","누락재산등록","","2011-08-03","","경기도 시흥시 금이동  477 - 4",126.8384,37.3928,"1",12.6,10.2,5,53,125,29,146,35,48,1,24,6,239,21,53,4,1115,73,45,26
2015,188752,"용익물권","행정재산","공용재산","일반","미등록","미등록",1,84.98,1.8e+08,1.8e+08,"경기도 재난안전본부 소방행정과","경기도 시흥소방서","","2014-01-09","매입","관서장 관사","2015-01-02","","경기도 시흥시 죽율동  752",126.7607,37.3463,"1",211.814544598729,211.814544598729,15,293,424,59,459,257,56,9,185,8,846,40,28,89,4628,260,327,144
2015,189579,"토지","행정재산","공공용재산","일반","답","답",1,597,90744000,90744000,"경기도 건설국 하천과","","경기도 시흥시 환경국","2014-02-20","매입","하천","2015-03-31","","경기도 시흥시 매화동  681 - 3",126.7967,37.4137,"3",15.2,15.2,13,120,249,42,372,68,50,1,39,12,447,24,58,30,2576,169,154,67
2015,179460,"토지","행정재산","공공용재산","일반","답","답",1,1930,163857000,163857000,"경기도 건설국 하천과","","경기도 시흥시 환경국 하수관리과","2012-05-16","누락재산등록","하천","2013-01-31","","경기도 시흥시 매화동  681 - 5",126.7964,37.4136,"4",8.49,8.49,13,120,249,42,372,68,51,1,39,12,448,24,58,30,2575,169,155,67
2015,183489,"토지","행정재산","공공용재산","일반","답","답",1,2361,198324000,198324000,"경기도 건설국 하천과","","경기도 시흥시 환경국 하수관리과","2013-04-15","누락재산등록","하천","2013-11-27","","경기도 시흥시 매화동  682 - 3",126.7956,37.413,"4",8.4,8.4,13,121,250,41,373,68,49,1,42,12,452,25,59,30,2581,170,158,68
2015,189573,"토지","행정재산","공공용재산","일반","답","답",1,370,56425000,56425000,"경기도 건설국 하천과","","경기도 시흥시 환경국","2014-02-20","매입","하천","2015-03-31","","경기도 시흥시 매화동  712 - 3",126.7949,37.4125,"2",15.25,15.25,13,120,251,41,382,69,48,1,44,12,445,24,60,30,2583,172,160,69
2015,142201,"토지","행정재산","공공용재산","일반","답","답",1,1026,128763000,128763000,"경기도 건설국 하천과","","경기도 시흥시 환경국 하수관리과","2007-12-24","매입","누락재산 일괄등록","2008-11-21","","경기도 시흥시 매화동  714 - 1",126.7936,37.4118,"4",12.55,12.55,13,120,258,41,385,76,47,1,47,12,441,24,59,30,2606,176,161,69
2015,183964,"토지","행정재산","공공용재산","일반","답","답",1,94,14570000,14570000,"경기도 건설국 하천과","","경기도 시흥시 환경국 하수관리과","2013-06-05","매입","","2013-12-11","","경기도 시흥시 매화동  714 - 2",126.7941,37.4121,"1",15.5,15.5,13,121,258,41,384,73,48,1,47,12,445,24,59,30,2587,174,161,69
2015,142221,"토지","행정재산","공공용재산","일반","답","답",1,1002,43086000,43086000,"경기도 건설국 하천과","","경기도 시흥시 환경국 하수관리과","2007-10-18","매입","누락재산 일괄등록","2009-10-27","","경기도 시흥시 매화동  717 - 5",126.7927,37.4108,"4",4.3,4.3,13,126,267,41,398,80,44,2,49,12,453,25,57,34,2726,186,167,72
2015,183488,"토지","행정재산","공공용재산","일반","답","답",1,2329,195636000,195636000,"경기도 건설국 하천과","","경기도 시흥시 환경국 하수관리과","2013-04-15","누락재산등록","하천","2013-11-27","","경기도 시흥시 매화동  649 - 1",126.7973,37.4144,"4",8.4,8.4,13,119,245,42,373,68,52,1,38,12,446,24,59,30,2562,167,154,67
2015,187556,"토지","행정재산","공공용재산","일반","답","답",1,1903,167464000,167464000,"경기도 건설국 하천과","","경기도 시흥시 환경국 하수관리과","2014-03-24","누락재산등록","하천","2014-11-03","","경기도 시흥시 매화동  648 - 1",126.7979,37.4153,"4",8.8,8.8,13,119,243,42,371,67,53,1,38,12,447,24,59,30,2572,168,155,67
2015,100913,"토지","행정재산","공공용재산","일반","학교용지","학교용지",1,15583,5002143000,5002143000,"경기도 건설국 도로정책과","","경기도 시흥시 도시교통국 도로과","2002-01-31","매입","매화동 303-1번지","2008-01-17","","경기도 시흥시 매화동  303 - 1",126.8079,37.4161,"4",32.1,32.1,10,108,232,38,353,66,56,0,36,11,438,23,61,29,2498,156,140,65
2015,179466,"토지","행정재산","공공용재산","일반","전","전",1,6,585600,585600,"경기도 건설국 하천과","","경기도 시흥시 환경국 하수관리과","2012-05-16","누락재산등록","하천","2013-01-31","","경기도 시흥시 매화동  395 - 18",126.8036,37.4204,"1",9.76,9.76,12,113,224,40,356,61,57,1,39,14,437,19,58,29,2525,162,151,66
2015,183474,"토지","행정재산","공공용재산","일반","답","답",1,3150,264600000,264600000,"경기도 건설국 하천과","","경기도 시흥시 환경국 하수관리과","2013-04-22","누락재산등록","하천","2013-11-27","","경기도 시흥시 매화동  398 - 1",126.8033,37.4204,"4",8.4,8.4,12,113,226,40,357,63,57,1,39,14,439,19,56,29,2529,163,151,66
2015,179467,"토지","행정재산","공공용재산","일반","답","답",1,48,4075200,4075200,"경기도 건설국 하천과","","경기도 시흥시 환경국 하수관리과","2012-05-16","누락재산등록","하천","2013-01-31","","경기도 시흥시 매화동  399 - 3",126.8032,37.4202,"1",8.49,8.49,12,113,226,40,359,64,57,1,39,14,439,22,56,30,2545,164,152,66
2015,187551,"토지","행정재산","공공용재산","일반","답","답",1,195,17160000,17160000,"경기도 건설국 하천과","","경기도 시흥시 환경국 하수관리과","2014-03-07","누락재산등록","하천","2014-11-03","","경기도 시흥시 매화동  514 - 1",126.8026,37.4196,"1",8.8,8.8,14,114,229,40,366,65,56,1,38,14,439,23,54,30,2581,165,154,67
2015,179465,"토지","행정재산","공공용재산","일반","답","답",1,2149,180516000,180516000,"경기도 건설국 하천과","","경기도 시흥시 환경국 하수관리과","2012-05-16","누락재산등록","하천","2013-01-31","","경기도 시흥시 매화동  534",126.8025,37.4197,"4",8.4,8.4,14,114,228,40,366,66,57,1,38,14,440,23,54,30,2584,165,154,67
2015,189586,"토지","행정재산","공공용재산","일반","답","답",1,2109,324786000,324786000,"경기도 건설국 하천과","","경기도 시흥시 환경국","2014-02-25","매입","하천","2015-03-31","","경기도 시흥시 매화동  537",126.8017,37.419,"4",15.4,15.4,14,114,233,39,369,67,57,1,38,14,448,23,54,30,2581,164,154,67
2015,189583,"토지","행정재산","공공용재산","일반","답","답",1,82,12505000,12505000,"경기도 건설국 하천과","","경기도 시흥시 환경국","2014-02-25","매입","하천","2015-03-31","","경기도 시흥시 매화동  538 - 1",126.8018,37.4189,"1",15.25,15.25,14,113,233,39,368,67,57,1,38,14,446,23,56,30,2582,165,154,67
2015,183475,"토지","행정재산","공공용재산","일반","답","답",1,255,21420000,21420000,"경기도 건설국 하천과","","경기도 시흥시 환경국 하수관리과","2013-04-19","누락재산등록","하천","2013-11-27","","경기도 시흥시 매화동  538 - 3",126.8017,37.4189,"1",8.4,8.4,14,114,233,39,369,67,57,1,38,14,447,23,56,30,2578,164,154,67
2015,187552,"토지","행정재산","공공용재산","일반","답","답",1,505,42167500,42167500,"경기도 건설국 하천과","","경기도 시흥시 환경국 하수관리과","2014-03-24","누락재산등록","하천","2014-11-03","","경기도 시흥시 매화동  579 - 1",126.801,37.4182,"3",8.35,8.35,14,115,237,39,369,67,57,1,38,14,448,23,57,30,2583,165,154,67
2015,179463,"토지","행정재산","공공용재산","일반","답","답",1,1439,94664934,94664934,"경기도 건설국 하천과","","경기도 시흥시 환경국 하수관리과","2012-06-11","누락재산등록","하천","2013-01-31","","경기도 시흥시 매화동  580",126.8009,37.4183,"4",6.57852216817234,6.57852216817234,14,115,237,39,369,67,57,1,38,14,449,23,57,30,2581,164,154,67
2015,179489,"토지","행정재산","공공용재산","일반","답","답",1,300,19735566,19735566,"경기도 건설국 하천과","","경기도 시흥시 환경국 하수관리과","2012-07-30","분할취득","하천","2013-01-31","","경기도 시흥시 매화동  580 - 1",126.8005,37.418,"2",6.578522,6.578522,14,115,237,39,369,67,57,1,38,14,449,23,57,30,2578,164,154,67
2015,183476,"토지","행정재산","공공용재산","일반","답","답",1,1332,109357200,109357200,"경기도 건설국 하천과","","경기도 시흥시 환경국 하수관리과","2013-04-15","누락재산등록","하천","2013-11-27","","경기도 시흥시 매화동  582 - 1",126.8001,37.4175,"4",8.21,8.21,13,116,237,40,371,67,56,1,38,15,450,23,57,30,2582,166,154,67
2015,187553,"토지","행정재산","공공용재산","일반","답","답",1,949,82088500,82088500,"경기도 건설국 하천과","","경기도 시흥시 환경국 하수관리과","2014-03-07","누락재산등록","하천","2014-11-03","","경기도 시흥시 매화동  582 - 5",126.8001,37.4174,"3",8.65,8.65,13,116,237,40,371,67,56,1,38,15,450,23,57,30,2579,166,154,67
2015,183477,"토지","행정재산","공공용재산","일반","답","답",1,2340,196560000,196560000,"경기도 건설국 하천과","","경기도 시흥시 환경국 하수관리과","2013-04-15","누락재산등록","하천","2013-11-27","","경기도 시흥시 매화동  614 - 1",126.7993,37.4168,"4",8.4,8.4,13,117,237,41,371,67,54,1,38,12,450,23,56,30,2573,168,154,67
2015,179462,"토지","행정재산","공공용재산","일반","답","답",1,2363,200618700,200618700,"경기도 건설국 하천과","","경기도 시흥시 환경국 하수관리과","2012-05-16","누락재산등록","하천","2013-01-31","","경기도 시흥시 매화동  615 - 1",126.7986,37.4161,"4",8.49,8.49,13,117,239,41,371,67,53,1,38,12,446,23,57,30,2575,168,154,67
2015,183487,"토지","행정재산","공공용재산","일반","답","답",1,119,9996000,9996000,"경기도 건설국 하천과","","경기도 시흥시 환경국 하수관리과","2013-04-15","누락재산등록","하천","2013-11-27","","경기도 시흥시 매화동  647 - 3",126.7978,37.4147,"1",8.4,8.4,13,118,244,42,372,67,52,1,38,12,447,23,59,30,2568,167,154,67
2015,187554,"토지","행정재산","공공용재산","일반","답","답",1,396,34848000,34848000,"경기도 건설국 하천과","","경기도 시흥시 환경국 하수관리과","2014-03-24","누락재산등록","하천","2014-11-03","","경기도 시흥시 매화동  647 - 4",126.7978,37.415,"2",8.8,8.8,13,118,244,42,372,67,54,1,38,12,447,24,59,30,2564,167,154,67
2015,187555,"토지","행정재산","공공용재산","일반","답","답",1,130,11440000,11440000,"경기도 건설국 하천과","","경기도 시흥시 환경국 하수관리과","2014-03-24","누락재산등록","하천","2014-11-03","","경기도 시흥시 매화동  648",126.7982,37.4154,"1",8.8,8.8,13,118,241,42,371,67,53,1,38,12,447,23,59,30,2575,168,154,67
2015,177086,"토지","행정재산","공공용재산","일반","임야","임야",1,43,383130,383130,"경기도 건설국 도로정책과","","경기도 시흥시 도시교통국 도로과","2007-05-31","누락재산등록","도로","2012-10-31","","경기도 시흥시 월곶동  508 - 5",126.7584,37.3844,"1",0.891,0.891,15,237,406,64,601,146,46,8,111,14,710,30,42,90,4300,293,297,102
2015,177088,"토지","행정재산","공공용재산","일반","답","답",1,502,12248800,12248800,"경기도 건설국 도로정책과","","경기도 시흥시 도시교통국 도로과","2007-06-20","누락재산등록","도로","2012-10-31","","경기도 시흥시 월곶동  939 - 5",126.7585,37.3882,"3",2.44,2.44,14,192,371,62,524,129,44,8,89,14,586,30,41,64,3565,256,228,80
2015,171855,"토지","일반재산","미등록","일반","답","답",1,257,18375500,18375500,"경기도 자치행정국 회계과","","경기도 시흥시 안전행정국 회계과","2007-12-31","누락재산등록","답","2011-11-09","","경기도 시흥시 월곶동  939 - 3",126.7584,37.3886,"1",7.15,7.15,14,186,363,60,508,128,44,8,86,15,575,30,41,64,3484,252,225,79
2015,14072,"토지","행정재산","공공용재산","일반","임야","임야",1,3688,342615200,252996800,"경기도 축산산림국 공원녹지과","","경기도 시흥시 경제활성화전략본부 녹색레저산업과","1994-07-15","교환취득","임야(오이도 공원)","2006-08-18","캐비넷 5 33-4 [관리대장코드:100136]","경기도 시흥시 정왕동  1073 - 6",126.6918,37.3402,"4",9.29,6.86,7,146,162,30,190,113,15,3,93,7,435,11,10,57,2105,125,140,54
2015,14073,"토지","행정재산","공공용재산","일반","임야","임야",1,2965,280785500,207550000,"경기도 축산산림국 공원녹지과","","경기도 시흥시 경제활성화전략본부 녹색레저산업과","1994-07-15","교환취득","임야(오이도 공원)","2006-08-18","캐비넷 5, 33-4 [관리대장코드:100137]","경기도 시흥시 정왕동  1073 - 12",126.691,37.3397,"4",9.47,7,7,143,157,29,188,112,14,3,90,6,416,11,10,53,1973,119,136,53
2015,14074,"토지","행정재산","공공용재산","일반","임야","임야",1,298,28220600,20860000,"경기도 축산산림국 공원녹지과","","경기도 시흥시 경제활성화전략본부 녹색레저산업과","1994-07-15","교환취득","임야(오이도 공원)","2006-08-18","캐비넷 5, 33-4 [관리대장코드:100138]","경기도 시흥시 정왕동  1073 - 13",126.6918,37.339,"1",9.47,7,7,141,159,27,189,112,14,3,90,5,432,11,10,57,2082,120,139,53
2015,14075,"토지","행정재산","공공용재산","일반","임야","임야",1,1903,134732400,134732400,"경기도 축산산림국 공원녹지과","","경기도 시흥시 경제활성화전략본부 녹색레저산업과","1994-07-15","교환취득","임야(오이도 공원)","2006-08-18","캐비넷 5, 33-4 [관리대장코드:100139]","경기도 시흥시 정왕동  1076 - 1",126.6941,37.3437,"4",7.08,7.08,10,174,178,34,213,130,20,3,103,8,480,11,10,65,2493,145,153,61
2015,14076,"토지","행정재산","공공용재산","일반","임야","임야",1,1352,130738400,95721600,"경기도 축산산림국 공원녹지과","","경기도 시흥시 경제활성화전략본부 녹색레저산업과","1994-07-15","교환취득","농경지(오이도 공원)","2006-08-18","캐비넷 5, 33-4 [관리대장코드:100140]","경기도 시흥시 정왕동  1076 - 2",126.6937,37.3432,"4",9.67,7.08,10,167,176,34,209,125,19,3,101,8,472,11,10,64,2454,139,153,61
2015,14077,"토지","행정재산","공공용재산","일반","전","전",1,2701,583416000,424057000,"경기도 축산산림국 공원녹지과","","경기도 시흥시 경제활성화전략본부 녹색레저산업과","1994-07-15","교환취득","농경지(오이도 공원)","2006-08-18","캐비넷 5, 33-4 [토지분류코드:GC001][관리대장코드:100141]","경기도 시흥시 정왕동  1076 - 3",126.694,37.344,"4",21.6,15.7,10,175,177,36,214,132,20,3,103,8,487,11,10,64,2492,145,153,61
2015,14078,"토지","행정재산","공공용재산","일반","임야","임야",1,2122,174004000,127320000,"경기도 축산산림국 공원녹지과","","경기도 시흥시 경제활성화전략본부 녹색레저산업과","1994-07-15","교환취득","농경지(오이도 공원)","2006-08-18","캐비넷 5, 33-4 [관리대장코드:100142]","경기도 시흥시 정왕동  1082 - 2",126.6941,37.3446,"4",8.2,6,10,175,176,36,214,134,21,3,106,8,488,11,10,65,2517,145,153,61
2015,14085,"토지","행정재산","공용재산","일반","대","대",1,1004.6,482208000,482208000,"경기도 재난안전본부 소방행정과","경기도 시흥소방서","","1998-07-30","매입","정왕파출소","2007-12-10","[토지분류코드:GA108][관리대장코드:2000064]","경기도 시흥시 정왕동  1366 - 7",126.7298,37.3356,"4",48,48,12,219,242,31,259,191,37,5,124,7,588,15,17,65,3145,157,179,69
2015,173271,"토지","행정재산","공공용재산","일반","잡종지","잡종지",1,3200,2.64e+08,2.64e+08,"경기도 건설국 도로정책과","","경기도 시흥시 도시교통국 도로과","2010-10-11","누락재산등록","도로","2012-03-27","","경기도 시흥시 정왕동  1772 - 15",126.7357,37.3783,"4",8.25,8.25,14,253,361,58,510,249,44,9,146,15,766,28,30,107,4237,284,281,101
2015,14081,"토지","행정재산","공용재산","일반","잡종지","잡종지",1,8265,4388715000,2496030000,"경기도 문화체육관광국 체육과","","","2004-12-08","매입","검도회관","2009-12-15","[토지분류코드:][관리대장코드:900009]","경기도 시흥시 정왕동  1774 - 2",126.7369,37.3678,"4",53.1,30.2,15,275,369,59,514,231,48,10,142,15,762,28,33,112,4408,281,282,98
2015,14086,"토지","행정재산","공용재산","일반","대","대",1,7124.2,2863928400,2863928400,"경기도 재난안전본부 소방행정과","경기도 시흥소방서","","1999-08-18","매입","시흥소방서","2007-12-10","[토지분류코드:GA108][관리대장코드:2000065]","경기도 시흥시 정왕동  1800 - 1",126.7397,37.3493,"4",40.2,40.2,12,253,313,46,354,198,46,8,142,9,665,21,29,112,3708,204,203,81
2015,14096,"토지","행정재산","공공용재산","일반","하천","하천",1,38,969000,969000,"경기도 건설국 하천과","","경기도 시흥시 환경국 하수관리과","1986-01-28","매입","구거","2006-12-14","[토지분류코드:][관리대장코드:1612522] 김숙문(310-2167)","경기도 시흥시 논곡동  54 - 22",126.8554,37.4017,"1",2.55,2.55,5,84,214,50,211,80,51,1,41,12,375,18,50,10,1530,121,93,44
2015,14091,"토지","행정재산","공공용재산","일반","제방","제방",1,197,4728000,4728000,"경기도 건설국 하천과","","경기도 시흥시 환경국 하수관리과","1986-01-28","매입","제방","2006-12-14","[토지분류코드:GA214][관리대장코드:1612517] 김숙문(310-2167)","경기도 시흥시 논곡동  54 - 19",126.8554,37.4019,"1",2.4,2.4,5,84,214,48,211,80,51,1,41,12,377,18,50,10,1538,120,93,44
2015,90430,"건물","행정재산","공용재산","일반","미등록","미등록",1,659.3,668102740,528149370,"경기도 재난안전본부 소방행정과","경기도 시흥소방서","","2000-11-18","매입","은행파출소","2009-04-13","","경기도 시흥시 은행동  559 - 1",126.7933,37.4394,"3",101.335164568482,80.1075944183225,15,191,348,65,525,87,56,3,73,25,750,31,78,63,3823,287,254,115
2015,179585,"건물","행정재산","공용재산","일반","미등록","미등록",1,8386.92,14523680800,14523680800,"경기도 보건복지국 건강증진과","","","2010-06-01","신축","경기도노인전문시흥병원","2013-03-06","","경기도 시흥시 광석동  353 - 9",126.8072,37.3862,"4",173.170613288311,173.170613288311,5,67,204,36,252,52,47,0,28,6,288,23,63,7,1733,85,79,42
2015,90433,"건물","행정재산","공용재산","일반","미등록","미등록",1,659.76,774360150,2192955760,"경기도 재난안전본부 소방행정과","경기도 시흥소방서","","2003-01-04","매입","연성파출소","2009-04-13","","경기도 시흥시 장현동  548 - 5",126.8029,37.3819,"3",117.369975445617,332.386892203225,4,82,255,41,273,66,42,0,38,6,317,28,57,10,1950,93,98,51
2015,90431,"건물","행정재산","공용재산","일반","미등록","미등록",1,594.24,399417880,371625980,"경기도 재난안전본부 소방행정과","경기도 시흥소방서","","1994-01-17","매입","정왕파출소","2009-04-13","","경기도 시흥시 정왕동  1366 - 7",126.7298,37.3356,"3",67.2149098007539,62.5380284060312,12,219,242,31,259,191,37,5,124,7,588,15,17,65,3145,157,179,69
2015,93016,"건물","행정재산","공용재산","일반","미등록","미등록",1,1941.02,1.7e+09,1094735280,"경기도 문화체육관광국 체육과","","","2007-05-02","신축","검도회관(체육관)","2007-05-02","","경기도 시흥시 정왕동  1774 - 2",126.7369,37.3678,"4",87.5828172816354,56.4,15,275,369,59,514,231,48,10,142,15,762,28,33,112,4408,281,282,98
2015,90432,"건물","행정재산","공용재산","일반","미등록","미등록",1,3990.66,3309308920,3058318730,"경기도 재난안전본부 소방행정과","경기도 시흥소방서","","1996-07-08","매입","시흥소방서","2009-04-13","","경기도 시흥시 정왕동  1800 - 1",126.7397,37.3493,"4",82.9263560413566,76.6369154475701,12,253,313,46,354,198,46,8,142,9,665,21,29,112,3708,204,203,81
2015,167035,"토지","행정재산","공공용재산","일반","묘지","묘지",1,148,9042800,6482400,"경기도 건설국 도로정책과","","경기도 시흥시 도시교통국 도로과","2008-06-27","누락재산등록","","2011-08-03","","경기도 시흥시 하중동  438",126.8011,37.3939,"1",6.11,4.38,5,51,162,29,197,40,46,0,23,7,214,20,66,3,1264,72,54,28
2015,14099,"토지","행정재산","공공용재산","일반","하천","하천",1,489,51834000,51834000,"경기도 건설국 하천과","","경기도 시흥시 환경국 하수관리과","2005-07-28","매입","하천","2009-08-24","[토지분류코드:][관리대장코드:1612525] 김숙문(310-2167)","경기도 시흥시 과림동  125 - 3",126.8381,37.4528,"2",10.6,10.6,25,389,818,112,1288,262,73,11,243,33,1425,77,70,170,7305,668,751,281
2015,167036,"토지","행정재산","공공용재산","일반","묘지","묘지",1,191,11803800,8442200,"경기도 건설국 도로정책과","","경기도 시흥시 도시교통국 도로과","2008-06-27","누락재산등록","","2011-08-03","","경기도 시흥시 하중동  569 - 2",126.8012,37.3938,"1",6.18,4.42,5,50,162,28,197,39,45,0,23,7,212,20,66,3,1259,71,52,28
2015,14087,"토지","행정재산","공공용재산","일반","하천","하천",1,1265,126961200,28737000,"경기도 건설국 하천과","","경기도 시흥시 환경국 하수관리과","1997-09-08","매입","하천","2006-12-14","[토지분류코드:GA201][관리대장코드:1612513] 김숙문(310-2167)","경기도 시흥시 과림동  704 - 3",126.8416,37.4297,"4",10.0364584980237,2.27169960474308,13,135,329,53,466,106,66,1,77,14,539,24,56,21,2627,204,204,89
2015,167038,"토지","행정재산","공공용재산","일반","답","답",1,4,274400,272000,"경기도 건설국 도로정책과","","경기도 시흥시 도시교통국 도로과","2008-01-09","누락재산등록","","2011-08-03","","경기도 시흥시 하중동  669 - 1",126.7987,37.3948,"1",6.86,6.8,5,57,177,28,212,44,42,2,25,8,232,22,64,6,1382,82,58,30
2015,175549,"토지","행정재산","공공용재산","일반","답","답",1,183,12553800,12444000,"경기도 건설국 도로정책과","","경기도 시흥시 도시교통국 도로과","2011-09-07","분할취득","","2011-08-03","","경기도 시흥시 하중동  669 - 11",126.7987,37.3947,"1",6.86,6.8,5,57,174,29,211,44,42,2,25,8,232,22,65,6,1381,82,58,29
2015,177096,"토지","행정재산","공공용재산","일반","답","답",1,692,24842800,24842800,"경기도 건설국 도로정책과","","경기도 시흥시 도시교통국 도로과","2007-06-20","누락재산등록","도로","2012-10-31","","경기도 시흥시 하중동  585 - 1",126.7983,37.3961,"3",3.59,3.59,5,64,186,28,227,47,42,1,25,8,250,22,61,8,1520,95,70,36
2015,166954,"토지","일반재산","미등록","일반","대","대",1,274,69596000,51512000,"경기도 자치행정국 회계과","","경기도 시흥시 안전행정국 회계과","2007-10-16","누락재산등록","","2011-08-03","","경기도 시흥시 목감동  70 - 1",126.8671,37.3971,"1",25.4,18.8,7,146,269,59,346,131,55,3,88,11,552,25,59,62,2778,291,214,89
2015,167037,"토지","행정재산","공공용재산","일반","답","답",1,218,27032000,21364000,"경기도 건설국 도로정책과","","경기도 시흥시 도시교통국 도로과","2007-12-28","누락재산등록","","2011-08-03","","경기도 시흥시 하중동  666 - 2",126.8001,37.395,"1",12.4,9.8,5,56,171,28,209,43,45,0,24,8,233,22,65,3,1373,83,58,30
2015,166944,"토지","행정재산","공공용재산","일반","답","답",1,110,7260000,4895000,"경기도 건설국 도로정책과","","경기도 시흥시 도시교통국 도로과","2007-06-05","누락재산등록","","2011-08-03","","경기도 시흥시 목감동  173 - 10",126.867,37.3927,"1",6.6,4.45,7,136,245,52,310,117,53,2,77,11,505,23,60,48,2479,257,203,84
2015,166946,"토지","행정재산","공공용재산","일반","답","답",1,2,132000,89000,"경기도 건설국 도로정책과","","경기도 시흥시 도시교통국 도로과","2007-06-05","누락재산등록","","2011-08-03","","경기도 시흥시 목감동  173 - 11",126.8672,37.393,"1",6.6,4.45,7,140,248,53,317,118,53,2,83,11,521,23,60,51,2590,274,205,85
2015,166949,"토지","행정재산","공공용재산","일반","전","전",1,35,2310000,1557500,"경기도 건설국 도로정책과","","경기도 시흥시 도시교통국 도로과","2007-10-25","누락재산등록","","2011-08-03","","경기도 시흥시 목감동  177 - 12",126.8674,37.3936,"1",6.6,4.45,7,142,253,53,329,125,54,3,85,11,531,24,60,54,2697,287,215,89
2015,165969,"토지","행정재산","공공용재산","일반","전","전",1,1624,64310400,64310400,"경기도 건설국 도로정책과","","경기도 시흥시 도시교통국 도로과","2007-04-04","누락재산등록","도로","2011-07-28","","경기도 시흥시 금이동  539 - 6",126.8277,37.3915,"4",3.96,3.96,5,47,145,27,173,40,47,0,23,5,216,20,52,2,1189,75,49,27
2015,165970,"토지","행정재산","공공용재산","일반","전","전",1,1369,42849700,42849700,"경기도 건설국 도로정책과","","경기도 시흥시 도시교통국 도로과","2007-03-09","누락재산등록","도로","2011-07-28","","경기도 시흥시 금이동  539 - 7",126.8282,37.3916,"4",3.13,3.13,5,46,143,27,174,40,47,0,22,5,216,20,52,2,1185,75,49,27
2015,165971,"토지","행정재산","공공용재산","일반","임야","임야",1,120,573600,573600,"경기도 건설국 도로정책과","","경기도 시흥시 도시교통국 도로과","2007-03-09","누락재산등록","도로","2011-07-28","","경기도 시흥시 금이동  539 - 8",126.8286,37.3916,"1",0.478,0.478,5,46,143,27,174,40,47,0,22,5,216,20,52,2,1180,75,49,27
2015,166920,"토지","행정재산","공공용재산","일반","임야","임야",1,2556,16026120,12217680,"경기도 건설국 도로정책과","","경기도 시흥시 도시교통국 도로과","2007-10-25","누락재산등록","","2011-08-03","","경기도 시흥시 금이동  539 - 9",126.8282,37.3919,"4",0.627,0.478,5,45,143,27,174,40,47,0,21,5,215,20,52,2,1177,75,49,27
2015,165972,"토지","행정재산","공공용재산","일반","전","전",1,448,17740800,17740800,"경기도 건설국 도로정책과","","경기도 시흥시 도시교통국 도로과","2007-03-06","누락재산등록","도로","2011-07-28","","경기도 시흥시 금이동  540 - 3",126.8276,37.3913,"2",3.96,3.96,5,47,146,27,173,40,47,0,23,5,217,20,51,2,1194,75,49,27
2015,166921,"토지","일반재산","미등록","일반","답","답",1,373,45133000,32052100,"경기도 자치행정국 회계과","","경기도 시흥시 안전행정국 회계과","2007-12-31","누락재산등록","","2011-08-03","","경기도 시흥시 금이동  563 - 5",126.8259,37.3902,"2",12.1,8.5930563002681,5,49,151,28,173,41,48,0,23,5,220,20,51,2,1258,76,49,27
2015,177082,"토지","행정재산","공공용재산","일반","답","답",1,2498,82434000,82434000,"경기도 건설국 도로정책과","","경기도 시흥시 도시교통국 도로과","2007-06-14","누락재산등록","도로","2012-10-31","","경기도 시흥시 금이동  563 - 6",126.8257,37.3905,"4",3.3,3.3,5,48,150,28,174,39,48,0,23,5,219,20,52,2,1247,76,49,27
2015,166925,"토지","행정재산","공공용재산","일반","답","답",1,1529,43882300,43882300,"경기도 건설국 도로정책과","","경기도 시흥시 도시교통국 도로과","2007-07-04","누락재산등록","","2011-08-03","","경기도 시흥시 금이동  568 - 3",126.8264,37.3906,"4",2.87,2.87,5,48,148,27,174,38,48,0,23,5,219,20,52,2,1235,76,49,27
2015,165931,"토지","행정재산","공공용재산","일반","전","전",1,1605,50236500,50236500,"경기도 건설국 도로정책과","","경기도 시흥시 도시교통국 도로과","2008-03-11","누락재산등록","도로","2011-07-28","","경기도 시흥시 금이동  535 - 10",126.8288,37.3921,"4",3.13,3.13,5,45,142,27,174,40,46,0,21,5,215,21,52,2,1168,75,49,27
2015,165962,"토지","행정재산","공공용재산","일반","전","전",1,843,26385900,26385900,"경기도 건설국 도로정책과","","경기도 시흥시 도시교통국 도로과","2007-07-06","누락재산등록","도로","2011-07-28","","경기도 시흥시 금이동  536 - 3",126.8293,37.3924,"3",3.13,3.13,5,45,140,27,174,40,47,0,21,6,215,21,54,2,1168,75,49,27
2015,165963,"토지","행정재산","공공용재산","일반","전","전",1,211,6604300,6604300,"경기도 건설국 도로정책과","","경기도 시흥시 도시교통국 도로과","2007-07-06","누락재산등록","도로","2011-07-28","","경기도 시흥시 금이동  536 - 4",126.8296,37.3922,"1",3.13,3.13,5,45,141,27,174,40,47,0,21,6,215,21,53,2,1168,75,49,27
2015,163870,"토지","행정재산","공공용재산","일반","전","전",1,233,7292900,7292900,"경기도 건설국 도로정책과","","경기도 시흥시 도시교통국 도로과","2007-07-06","누락재산등록","도로","2011-07-12","","경기도 시흥시 금이동  536 - 9",126.8293,37.3923,"1",3.13,3.13,5,45,141,27,174,40,47,0,21,6,215,21,53,2,1168,75,49,27
2015,165960,"토지","행정재산","공공용재산","일반","임야","임야",1,128,844800,844800,"경기도 건설국 도로정책과","","경기도 시흥시 도시교통국 도로과","2007-07-06","누락재산등록","도로","2011-07-28","","경기도 시흥시 금이동  536 - 10",126.8295,37.3918,"1",0.66,0.66,5,45,143,27,174,40,47,0,21,5,215,20,52,2,1172,75,49,27
2015,163872,"토지","행정재산","공공용재산","일반","전","전",1,42,1314600,1314600,"경기도 건설국 도로정책과","","경기도 시흥시 도시교통국 도로과","2007-03-06","누락재산등록","도로","2011-07-12","","경기도 시흥시 금이동  537 - 1",126.8288,37.3916,"1",3.13,3.13,5,46,143,27,174,40,47,0,22,5,215,20,52,2,1180,75,49,27
2015,165965,"토지","행정재산","공공용재산","일반","전","전",1,544,21542400,21542400,"경기도 건설국 도로정책과","","경기도 시흥시 도시교통국 도로과","2007-04-04","누락재산등록","도로","2011-07-28","","경기도 시흥시 금이동  539",126.8272,37.3916,"3",3.96,3.96,5,47,145,27,173,40,47,0,23,5,216,20,51,2,1192,75,49,27
2015,166915,"토지","일반재산","미등록","일반","임야","임야",1,242,4719000,3605800,"경기도 자치행정국 회계과","","경기도 시흥시 안전행정국 회계과","2007-12-24","누락재산등록","","2011-08-03","","경기도 시흥시 금이동  539 - 3",126.8282,37.3925,"1",1.95,1.49,5,45,141,27,174,40,46,0,21,5,216,21,52,2,1167,75,49,27
2015,165968,"토지","행정재산","공공용재산","일반","임야","임야",1,671,3207380,3207380,"경기도 건설국 도로정책과","","경기도 시흥시 도시교통국 도로과","2007-10-25","누락재산등록","도로","2011-07-28","","경기도 시흥시 금이동  539 - 4",126.8283,37.3923,"3",0.478,0.478,5,45,141,27,174,40,46,0,21,5,216,21,52,2,1171,75,49,27
2015,177081,"토지","행정재산","공공용재산","일반","전","전",1,863,28479000,28479000,"경기도 건설국 도로정책과","","경기도 시흥시 도시교통국 도로과","2007-05-21","누락재산등록","도로","2012-10-31","","경기도 시흥시 금이동  527",126.831,37.3918,"3",3.3,3.3,5,45,142,27,173,40,48,0,21,6,215,20,55,2,1171,75,49,27
2015,14071,"토지","일반재산","미등록","일반","전","전",1,4883,849642000,408218800,"경기도 자치행정국 회계과","","경기도 시흥시 안전행정국 회계과","1997-12-09","교환취득","전","2006-08-18","캐비넷 5, 33-4 [토지분류코드:GC001][관리대장코드:100135]","경기도 시흥시 계수동  427 - 2",126.8009,37.455,"4",17.4,8.36,18,370,551,98,859,208,62,9,166,44,1343,54,92,209,6885,598,524,231
2015,155066,"토지","행정재산","공공용재산","일반","전","전",1,162,30132000,30132000,"경기도 건설국 하천과","","경기도 시흥시 환경국 하수관리과","2009-03-10","누락재산등록","전","2010-06-10","","경기도 시흥시 하중동  137 - 63",126.7873,37.4064,"1",18.6,18.6,14,152,322,48,450,101,39,4,61,10,495,30,54,83,3181,223,191,82
2015,155064,"토지","행정재산","공공용재산","일반","전","전",1,152,29412000,29412000,"경기도 건설국 하천과","","경기도 시흥시 환경국 하수관리과","2009-03-16","누락재산등록","전","2010-06-10","","경기도 시흥시 하중동  137 - 64",126.7873,37.4062,"1",19.35,19.35,14,152,322,48,450,101,39,4,61,10,495,30,54,83,3182,223,191,82
2015,167021,"토지","행정재산","공공용재산","일반","전","전",1,167,22211000,22211000,"경기도 건설국 하천과","","경기도 시흥시 환경국 하수관리과","2008-04-02","누락재산등록","","2011-08-03","","경기도 시흥시 하중동  137 - 65",126.7872,37.406,"1",13.3,13.3,14,151,322,48,450,101,39,4,60,10,495,30,54,83,3174,224,191,82
2015,167027,"토지","행정재산","공공용재산","일반","전","전",1,178,23674000,23674000,"경기도 건설국 하천과","","경기도 시흥시 환경국 하수관리과","2008-01-24","누락재산등록","","2011-08-03","","경기도 시흥시 하중동  137 - 66",126.7871,37.4057,"1",13.3,13.3,14,153,322,48,451,101,39,4,60,10,495,30,54,83,3183,223,192,82
2015,155076,"토지","행정재산","공공용재산","일반","전","전",1,120,22320000,22320000,"경기도 건설국 하천과","","경기도 시흥시 환경국 하수관리과","2009-03-10","누락재산등록","전","2010-06-10","","경기도 시흥시 하중동  137 - 67",126.7871,37.4055,"1",18.6,18.6,14,153,323,48,451,101,39,4,60,10,496,30,52,83,3198,222,192,82
2015,142206,"토지","행정재산","공공용재산","일반","전","전",1,656,72816000,72816000,"경기도 건설국 하천과","","경기도 시흥시 환경국 하수관리과","2007-10-18","매입","누락재산 일괄등록","2009-11-02","","경기도 시흥시 하중동  137 - 70",126.7868,37.4043,"3",11.1,11.1,14,152,324,52,454,101,39,4,59,10,494,32,53,83,3210,222,189,81
2015,142208,"토지","행정재산","공공용재산","일반","전","전",1,258,28638000,28638000,"경기도 건설국 하천과","","경기도 시흥시 환경국 하수관리과","2007-10-18","매입","누락재산 일괄등록","2009-11-02","","경기도 시흥시 하중동  137 - 71",126.7865,37.4035,"1",11.1,11.1,14,151,323,50,450,100,40,4,59,10,489,31,54,83,3198,222,189,81
2015,167032,"토지","행정재산","공공용재산","일반","전","전",1,216,28728000,28728000,"경기도 건설국 하천과","","경기도 시흥시 환경국 하수관리과","2008-10-23","누락재산등록","","2011-08-03","","경기도 시흥시 하중동  137 - 75",126.7874,37.4067,"1",13.3,13.3,14,152,322,48,450,102,38,4,61,10,498,30,55,83,3183,223,191,83
2015,155065,"토지","행정재산","공공용재산","일반","전","전",1,221,41106000,41106000,"경기도 건설국 하천과","","경기도 시흥시 환경국 하수관리과","2009-03-10","누락재산등록","전","2010-06-10","","경기도 시흥시 하중동  137 - 140",126.7873,37.4064,"1",18.6,18.6,14,152,322,48,450,101,39,4,61,10,495,30,54,83,3181,223,191,82
2015,155063,"토지","행정재산","공공용재산","일반","전","전",1,231,44698000,44698000,"경기도 건설국 하천과","","경기도 시흥시 환경국 하수관리과","2009-03-16","누락재산등록","전","2010-06-10","","경기도 시흥시 하중동  137 - 141",126.7872,37.4062,"1",19.3497835497835,19.3497835497835,14,152,322,48,450,101,39,4,61,10,496,30,54,83,3181,223,191,82
2015,142203,"토지","행정재산","공공용재산","일반","전","전",1,256,28416000,28416000,"경기도 건설국 하천과","","경기도 시흥시 환경국 하수관리과","2007-11-02","매입","누락재산 일괄등록","2009-11-02","","경기도 시흥시 하중동  137 - 142",126.7871,37.406,"1",11.1,11.1,14,152,322,48,451,101,39,4,61,10,495,30,54,83,3179,224,192,82
2015,142204,"토지","행정재산","공공용재산","일반","전","전",1,275,30525000,30525000,"경기도 건설국 하천과","","경기도 시흥시 환경국 하수관리과","2007-10-18","매입","누락재산 일괄등록","2009-11-02","","경기도 시흥시 하중동  137 - 143",126.787,37.4057,"1",11.1,11.1,14,153,322,48,453,101,39,4,60,10,496,30,54,83,3191,224,193,82
2015,155075,"토지","행정재산","공공용재산","일반","전","전",1,286,53196000,53196000,"경기도 건설국 하천과","","경기도 시흥시 환경국 하수관리과","2009-03-10","누락재산등록","전","2010-06-10","","경기도 시흥시 하중동  137 - 144",126.787,37.4055,"1",18.6,18.6,14,153,323,48,453,101,39,4,60,10,496,30,52,83,3197,223,193,82
2015,142205,"토지","행정재산","공공용재산","일반","전","전",1,2774,307914000,307914000,"경기도 건설국 하천과","","경기도 시흥시 환경국 하수관리과","2007-10-18","매입","누락재산 일괄등록","2009-11-02","","경기도 시흥시 하중동  137 - 145",126.7866,37.4042,"4",11.1,11.1,14,152,324,52,453,101,39,4,59,10,494,32,54,83,3206,222,189,81
2015,142207,"토지","행정재산","공공용재산","일반","전","전",1,2228,247308000,247308000,"경기도 건설국 하천과","","경기도 시흥시 환경국 하수관리과","2007-10-18","매입","누락재산 일괄등록","2009-11-02","","경기도 시흥시 하중동  137 - 146",126.7863,37.4034,"4",11.1,11.1,14,150,324,51,450,99,40,4,59,10,488,32,54,83,3195,222,189,81
2015,142209,"토지","행정재산","공공용재산","일반","전","전",1,181,20091000,20091000,"경기도 건설국 하천과","","경기도 시흥시 환경국 하수관리과","2007-10-18","매입","누락재산 일괄등록","2009-11-02","","경기도 시흥시 하중동  137 - 147",126.7875,37.407,"1",11.1,11.1,14,152,319,47,451,102,39,4,61,11,498,30,55,82,3188,222,191,83
2015,142210,"토지","행정재산","공공용재산","일반","전","전",1,248,27528000,27528000,"경기도 건설국 하천과","","경기도 시흥시 환경국 하수관리과","2007-10-18","매입","누락재산 일괄등록","2009-11-02","","경기도 시흥시 하중동  137 - 148",126.7873,37.4067,"1",11.1,11.1,14,152,322,48,451,102,38,4,61,10,498,30,55,83,3184,223,192,83
2015,155077,"토지","행정재산","공공용재산","일반","전","전",1,313,102507000,102507000,"경기도 건설국 하천과","","경기도 시흥시 환경국 하수관리과","2009-03-10","누락재산등록","전","2010-06-10","","경기도 시흥시 하중동  137 - 151",126.7876,37.4071,"2",32.7498402555911,32.7498402555911,14,152,317,47,450,102,39,4,61,11,497,30,55,82,3183,222,191,83
2015,175532,"토지","행정재산","공공용재산","일반","전","전",1,1,111000,111000,"경기도 건설국 하천과","","경기도 시흥시 환경국 하수관리과","2011-09-07","분할취득","누락재산 일괄등록","2009-11-02","","경기도 시흥시 하중동  137 - 192",126.7869,37.4049,"1",11.1,11.1,14,153,324,51,454,101,38,4,60,10,497,32,52,83,3210,224,190,81
2015,165934,"토지","행정재산","공공용재산","일반","전","전",1,426,13333800,13333800,"경기도 건설국 도로정책과","","경기도 시흥시 도시교통국 도로과","2007-11-06","누락재산등록","도로","2011-07-28","","경기도 시흥시 금이동  535 - 2",126.8295,37.3921,"2",3.13,3.13,5,45,142,27,174,40,47,0,21,6,214,21,53,2,1175,75,49,27
2015,165955,"토지","행정재산","공공용재산","일반","전","전",1,2194,68672200,68672200,"경기도 건설국 도로정책과","","경기도 시흥시 도시교통국 도로과","2007-05-21","누락재산등록","도로","2011-07-28","","경기도 시흥시 금이동  535 - 9",126.829,37.3919,"4",3.13,3.13,5,45,143,27,174,40,47,0,21,5,215,20,52,2,1170,75,49,27
2015,165945,"토지","행정재산","공공용재산","일반","전","전",1,279,8732700,8732700,"경기도 건설국 도로정책과","","경기도 시흥시 도시교통국 도로과","2008-03-11","누락재산등록","도로","2011-07-28","","경기도 시흥시 금이동  535 - 4",126.8289,37.3923,"1",3.13,3.13,5,45,141,27,174,40,46,0,21,5,215,21,52,2,1165,75,49,27
2015,165946,"토지","행정재산","공공용재산","일반","전","전",1,248,7762400,7762400,"경기도 건설국 도로정책과","","경기도 시흥시 도시교통국 도로과","2007-05-23","누락재산등록","도로","2011-07-28","","경기도 시흥시 금이동  535 - 6",126.8287,37.3918,"1",3.13,3.13,5,45,143,27,174,40,47,0,21,5,215,20,52,2,1173,75,49,27
2015,165947,"토지","행정재산","공공용재산","일반","전","전",1,370,11581000,11581000,"경기도 건설국 도로정책과","","경기도 시흥시 도시교통국 도로과","2007-03-27","누락재산등록","도로","2011-07-28","","경기도 시흥시 금이동  535 - 7",126.8292,37.3918,"2",3.13,3.13,5,45,143,27,174,40,47,0,21,5,215,20,52,2,1173,75,49,27
2015,165950,"토지","행정재산","공공용재산","일반","전","전",1,999,31268700,31268700,"경기도 건설국 도로정책과","","경기도 시흥시 도시교통국 도로과","2007-11-06","누락재산등록","도로","2011-07-28","","경기도 시흥시 금이동  535 - 8",126.8294,37.3921,"3",3.13,3.13,5,45,142,27,174,40,47,0,21,6,214,21,52,2,1173,75,49,27
2015,167033,"토지","행정재산","공공용재산","일반","임야","임야",1,198,5088600,4039200,"경기도 건설국 도로정책과","","경기도 시흥시 도시교통국 도로과","2007-06-21","누락재산등록","","2011-08-03","","경기도 시흥시 하중동  420 - 1",126.7996,37.3939,"1",2.57,2.04,4,52,163,28,196,43,45,0,23,8,211,21,66,4,1298,74,52,27
2015,165985,"토지","행정재산","공공용재산","일반","임야","임야",1,2,9560,9560,"경기도 건설국 도로정책과","","경기도 시흥시 도시교통국 도로과","2007-10-30","누락재산등록","도로","2011-07-28","","경기도 시흥시 금이동  580 - 12",126.8288,37.3924,"1",0.478,0.478,5,45,141,27,174,40,46,0,21,5,216,21,53,2,1164,75,49,27
2015,156492,"토지","행정재산","공공용재산","일반","임야","임야",1,3105,31527070,31527070,"경기도 건설국 도로정책과","","경기도 시흥시 도시교통국 도로과","2009-12-30","분할취득","금이동 580-16번지","2012-11-30","","경기도 시흥시 금이동  580 - 16",126.8275,37.3919,"4",1.01536457326892,1.01536457326892,5,45,143,27,174,40,47,0,21,5,215,20,52,2,1184,75,49,27
2015,156494,"토지","행정재산","공공용재산","일반","임야","임야",1,333,2447550,2447550,"경기도 건설국 도로정책과","","경기도 시흥시 도시교통국 도로과","2009-12-30","분할취득","금이동 580-17번지","2012-11-30","","경기도 시흥시 금이동  580 - 17",126.8279,37.3921,"2",0.735,0.735,5,45,143,27,174,40,47,0,21,5,214,21,52,2,1170,75,49,27
2015,156490,"토지","행정재산","공공용재산","일반","임야","임야",1,73,3668250,3668250,"경기도 건설국 도로정책과","","경기도 시흥시 도시교통국 도로과","2009-12-30","분할취득","제3경인고속도로","2009-10-14","","경기도 시흥시 금이동  580 - 18",126.8286,37.3922,"1",5.025,5.025,5,45,141,27,174,40,46,0,21,5,215,21,52,2,1170,75,49,27
2015,165986,"토지","행정재산","공공용재산","일반","전","전",1,22,871200,871200,"경기도 건설국 도로정책과","","경기도 시흥시 도시교통국 도로과","2007-07-18","누락재산등록","도로","2011-07-28","","경기도 시흥시 금이동  582 - 3",126.8267,37.3911,"1",3.96,3.96,5,47,146,27,173,39,47,0,23,5,217,20,52,2,1207,76,49,27
2015,166935,"토지","행정재산","공공용재산","일반","답","답",1,203,16706900,13316800,"경기도 건설국 하천과","","경기도 시흥시 환경국 하수관리과","2008-01-10","누락재산등록","","2011-08-03","","경기도 시흥시 금이동  698 - 1",126.8252,37.39,"1",8.23,6.56,5,49,151,29,176,41,48,0,23,5,222,20,52,2,1261,76,49,27
2015,177083,"토지","행정재산","공공용재산","일반","전","전",1,1934,103855800,103855800,"경기도 건설국 도로정책과","","경기도 시흥시 도시교통국 도로과","2007-06-05","누락재산등록","도로","2012-10-31","","경기도 시흥시 논곡동  97 - 3",126.8587,37.3968,"4",5.37,5.37,5,96,228,46,231,91,52,1,45,12,400,18,58,15,1695,139,104,51
2015,165984,"토지","행정재산","공공용재산","일반","임야","임야",1,155,740900,740900,"경기도 건설국 도로정책과","","경기도 시흥시 도시교통국 도로과","2007-07-11","누락재산등록","도로","2011-07-28","","경기도 시흥시 금이동  580 - 11",126.8287,37.3923,"1",0.478,0.478,5,45,141,27,174,40,46,0,21,5,216,21,52,2,1169,75,49,27
2015,148920,"토지","행정재산","공공용재산","일반","임야","임야",1,322,16180500,16674250,"경기도 건설국 도로정책과","","경기도 시흥시 도시교통국 도로과","2009-03-20","매입","제3경인고속도로","2009-10-14","","경기도 시흥시 금이동  580 - 10",126.8285,37.3923,"2",5.025,5.17833850931677,5,45,141,27,174,40,46,0,21,5,216,21,52,2,1171,75,49,27
2015,166928,"토지","일반재산","미등록","일반","답","답",1,68,8228000,5963600,"경기도 자치행정국 회계과","","경기도 시흥시 안전행정국 회계과","2008-01-24","누락재산등록","","2011-08-03","","경기도 시흥시 금이동  573",126.8264,37.391,"1",12.1,8.77,5,47,147,27,173,38,48,0,23,5,217,20,52,2,1224,76,49,27
2015,165982,"토지","행정재산","공공용재산","일반","전","전",1,127,5029200,5029200,"경기도 건설국 도로정책과","","경기도 시흥시 도시교통국 도로과","2007-06-29","누락재산등록","도로","2011-07-28","","경기도 시흥시 금이동  579 - 1",126.8269,37.3912,"1",3.96,3.96,5,47,146,27,173,39,47,0,23,5,217,20,52,2,1204,76,49,27
2015,165983,"토지","행정재산","공공용재산","일반","전","전",1,372,14731200,14731200,"경기도 건설국 도로정책과","","경기도 시흥시 도시교통국 도로과","2007-05-21","누락재산등록","도로","2011-07-28","","경기도 시흥시 금이동  580 - 1",126.8269,37.3919,"2",3.96,3.96,5,46,144,27,174,40,47,0,21,5,215,20,51,2,1187,75,49,27
2015,145616,"토지","행정재산","공공용재산","일반","임야","임야",1,2896,51286730,51286730,"경기도 건설국 도로정책과","","경기도 시흥시 도시교통국 도로과","2007-06-05","매입","금이동 580-8번지","2012-12-03","","경기도 시흥시 금이동  580 - 8",126.8274,37.3922,"4",1.77095062154696,1.77095062154696,5,45,144,27,174,40,47,0,21,5,214,21,52,2,1177,75,49,27
2015,145617,"토지","행정재산","공공용재산","일반","임야","임야",1,581,10988250,10988250,"경기도 건설국 도로정책과","","경기도 시흥시 도시교통국 도로과","2007-06-29","매입","금이동 580-9번지","2012-12-03","","경기도 시흥시 금이동  580 - 9",126.828,37.3924,"3",1.89126506024096,1.89126506024096,5,45,142,27,174,40,46,0,21,5,216,21,52,2,1168,75,49,27
2015,166936,"토지","일반재산","미등록","일반","답","답",1,1648,135630400,108108800,"경기도 자치행정국 회계과","","경기도 시흥시 안전행정국 회계과","2007-12-24","누락재산등록","","2011-08-03","","경기도 시흥시 금이동  698 - 6",126.8242,37.3905,"4",8.23,6.56,5,48,153,28,174,39,48,0,23,5,219,20,54,2,1249,76,49,27
2015,164598,"토지","행정재산","공공용재산","일반","답","답",1,332,22244000,22244000,"경기도 건설국 하천과","","경기도 시흥시 환경국 하수관리과","2009-07-02","누락재산등록","하천","2011-07-18","","경기도 시흥시 매화동  747 - 3",126.7931,37.4114,"2",6.7,6.7,13,121,264,41,397,78,46,2,48,12,450,24,59,33,2663,182,165,70
2015,142225,"토지","행정재산","공공용재산","일반","답","답",1,126,901000,901000,"경기도 건설국 하천과","","경기도 시흥시 환경국 하수관리과","2007-10-18","매입","누락재산 일괄등록","2009-11-02","","경기도 시흥시 매화동  779 - 1",126.7902,37.4088,"1",0.715079365079365,0.715079365079365,14,143,289,44,418,93,43,2,56,10,481,28,56,82,3004,200,180,78
2015,142222,"토지","행정재산","공공용재산","일반","답","답",1,358,15634000,15634000,"경기도 건설국 하천과","","경기도 시흥시 환경국 하수관리과","2007-10-18","매입","누락재산 일괄등록","2008-11-21","","경기도 시흥시 매화동  800 - 6",126.7922,37.4103,"2",4.36703910614525,4.36703910614525,13,128,270,41,404,86,45,2,51,12,463,28,57,40,2816,188,170,74
2015,164599,"토지","행정재산","공공용재산","일반","답","답",1,161,12236000,12236000,"경기도 건설국 하천과","","경기도 시흥시 환경국 하수관리과","2007-10-18","누락재산등록","하천","2011-07-18","","경기도 시흥시 매화동  800 - 7",126.7914,37.4097,"1",7.6,7.6,13,137,278,42,415,87,43,2,53,11,471,28,56,62,2915,192,177,77
2015,142202,"토지","행정재산","공공용재산","일반","답","답",1,158,20540000,20540000,"경기도 건설국 하천과","","경기도 시흥시 환경국 하수관리과","2007-12-20","매입","누락재산 일괄등록","2008-11-21","","경기도 시흥시 매화동  816 - 38",126.7896,37.4084,"1",13,13,14,146,295,46,422,98,43,2,58,11,482,30,55,82,3068,207,184,80
2015,142224,"토지","행정재산","공공용재산","일반","답","답",1,363,15852000,15852000,"경기도 건설국 하천과","","경기도 시흥시 환경국 하수관리과","2007-10-18","매입","누락재산 일괄등록","2009-11-02","","경기도 시흥시 매화동  817 - 19",126.7909,37.4093,"2",4.36694214876033,4.36694214876033,13,140,283,42,417,89,43,2,56,10,475,28,56,73,2949,197,177,77
2015,155060,"토지","행정재산","공공용재산","일반","구거","구거",1,14.73,2951000,2951000,"경기도 건설국 하천과","","경기도 시흥시 환경국 하수관리과","2009-03-16","누락재산등록","구거","2010-06-10","","경기도 시흥시 포동  5 - 7",126.7863,37.4045,"1",20.0339443312967,20.0339443312967,14,153,323,51,454,101,38,4,60,10,495,32,53,83,3208,222,190,81
2015,164617,"토지","행정재산","공공용재산","일반","답","답",1,341,32395000,32395000,"경기도 건설국 하천과","","경기도 시흥시 환경국 하수관리과","2008-01-04","누락재산등록","하천","2011-07-18","","경기도 시흥시 포동  5 - 8",126.7861,37.4037,"2",9.5,9.5,14,151,328,53,452,100,40,4,59,10,489,32,54,83,3193,222,189,81
2015,164616,"토지","행정재산","공공용재산","일반","전","전",1,268,36984000,36984000,"경기도 건설국 하천과","","경기도 시흥시 환경국 하수관리과","2009-03-10","누락재산등록","하천","2011-07-18","","경기도 시흥시 포동  5 - 17",126.7867,37.406,"1",13.8,13.8,14,154,322,50,456,102,39,4,61,10,498,30,54,83,3203,224,193,82
2015,145605,"토지","행정재산","공공용재산","일반","답","답",1,120.98,17809200,17809200,"경기도 건설국 하천과","","경기도 시흥시 환경국 하수관리과","2009-03-16","매입","","2010-01-20","","경기도 시흥시 포동  5 - 18",126.7862,37.4042,"1",14.7207802942635,14.7207802942635,14,151,325,52,453,100,39,4,60,10,491,32,53,83,3201,222,189,81
2015,175523,"토지","행정재산","공공용재산","일반","답","답",1,146,84089900,84089900,"경기도 건설국 하천과","","경기도 시흥시 환경국 하수관리과","2012-01-25","분할취득","하천","2010-06-10","","경기도 시흥시 방산동  198 - 7",126.7716,37.4295,"1",57.5958219178082,57.5958219178082,13,187,364,54,524,109,45,6,75,19,705,29,68,56,4133,302,265,114
2015,179483,"토지","행정재산","공공용재산","일반","답","답",1,159,10541700,10541700,"경기도 건설국 하천과","","경기도 시흥시 환경국 하수관리과","2012-11-22","누락재산등록","하천","2013-02-01","","경기도 시흥시 신천동  471 - 2",126.7792,37.435,"1",6.63,6.63,15,185,372,64,566,94,43,4,77,22,722,32,74,34,3930,278,274,119
2015,187558,"토지","행정재산","공공용재산","일반","답","답",1,934,86021400,86021400,"경기도 건설국 하천과","","경기도 시흥시 환경국 하수관리과","2014-03-24","누락재산등록","하천","2014-11-03","","경기도 시흥시 미산동  406 - 2",126.7998,37.4179,"3",9.21,9.21,14,118,239,41,371,67,56,1,38,15,450,23,55,30,2574,166,154,67
2015,183496,"토지","행정재산","공공용재산","일반","답","답",1,854,71821400,71821400,"경기도 건설국 하천과","","경기도 시흥시 환경국 하수관리과","2013-04-15","누락재산등록","하천","2013-11-27","","경기도 시흥시 미산동  407 - 3",126.799,37.4172,"3",8.41,8.41,13,118,239,41,371,67,54,1,38,13,449,24,54,30,2568,167,155,67
2015,189570,"토지","행정재산","공공용재산","일반","답","답",1,998,153692000,153692000,"경기도 건설국 하천과","","경기도 시흥시 환경국","2014-02-20","매입","하천","2015-03-31","","경기도 시흥시 미산동  419 - 1",126.7982,37.4164,"3",15.4,15.4,13,119,243,41,372,67,53,1,39,12,448,25,56,30,2568,168,158,68
2015,179461,"토지","행정재산","공공용재산","일반","답","답",1,773,66400700,66400700,"경기도 건설국 하천과","","경기도 시흥시 환경국 하수관리과","2012-05-16","누락재산등록","하천","2013-01-31","","경기도 시흥시 미산동  420 - 3",126.7975,37.4155,"3",8.59,8.59,13,119,247,42,372,67,53,1,39,12,447,25,58,30,2571,168,158,68
2015,183965,"토지","행정재산","공공용재산","일반","답","답",1,879,136245000,136245000,"경기도 건설국 하천과","","경기도 시흥시 환경국 하수관리과","2013-07-08","매입","하천","2013-12-11","","경기도 시흥시 미산동  440 - 1",126.7968,37.4146,"3",15.5,15.5,13,119,249,42,372,67,53,1,39,12,448,25,59,30,2559,167,158,68
2015,187559,"토지","행정재산","공공용재산","일반","답","답",1,397,43670000,43670000,"경기도 건설국 하천과","","경기도 시흥시 환경국 하수관리과","2014-03-24","누락재산등록","하천","2014-11-03","","경기도 시흥시 미산동  441 - 1",126.796,37.414,"2",11,11,13,120,250,42,373,68,51,1,40,12,446,25,57,30,2564,169,158,68
2015,179459,"토지","행정재산","공공용재산","일반","답","답",1,649,65549000,65549000,"경기도 건설국 하천과","","경기도 시흥시 환경국 하수관리과","2012-05-16","누락재산등록","하천","2013-01-31","","경기도 시흥시 미산동  464 - 1",126.7951,37.4133,"3",10.1,10.1,13,120,249,41,374,68,50,1,42,12,449,25,59,30,2584,170,158,69
2015,187560,"토지","행정재산","공공용재산","일반","답","답",1,558,61380000,61380000,"경기도 건설국 하천과","","경기도 시흥시 환경국 하수관리과","2014-03-24","누락재산등록","하천","2014-11-03","","경기도 시흥시 미산동  467 - 3",126.7944,37.4128,"3",11,11,13,121,254,41,377,69,49,1,44,12,448,24,59,30,2579,171,160,69
2015,142214,"토지","행정재산","공공용재산","일반","답","답",1,507,23662000,23662000,"경기도 건설국 하천과","","경기도 시흥시 환경국 하수관리과","2007-10-18","매입","누락재산 일괄등록","2009-10-27","","경기도 시흥시 미산동  475 - 4",126.7935,37.4122,"3",4.66706114398422,4.66706114398422,13,120,258,41,386,74,48,1,47,12,443,24,59,30,2604,175,161,69
2015,189601,"토지","행정재산","공공용재산","일반","답","답",1,476,72352000,72352000,"경기도 건설국 하천과","","경기도 시흥시 환경국","2014-12-02","매입","하천","2015-04-01","","경기도 시흥시 미산동  475 - 6",126.794,37.4125,"2",15.2,15.2,13,121,258,41,377,72,48,1,46,12,445,24,59,30,2578,172,161,69
2015,189602,"토지","행정재산","공공용재산","일반","답","답",1,172,18718000,18718000,"경기도 건설국 하천과","","경기도 시흥시 환경국","2014-12-02","매입","하천","2015-04-01","","경기도 시흥시 미산동  476 - 1",126.7931,37.4119,"1",10.8825581395349,10.8825581395349,13,120,263,41,394,78,47,2,47,12,451,24,58,31,2632,178,162,69
2015,142215,"토지","행정재산","공공용재산","일반","답","답",1,463,21900000,21900000,"경기도 건설국 하천과","","경기도 시흥시 환경국 하수관리과","2007-10-18","매입","누락재산 일괄등록","2009-10-27","","경기도 시흥시 미산동  477 - 3",126.793,37.4119,"2",4.73002159827214,4.73002159827214,13,120,264,41,394,77,46,2,47,12,452,24,58,31,2636,178,163,70
2015,142216,"토지","행정재산","공공용재산","일반","답","답",1,114,5548000,5548000,"경기도 건설국 하천과","","경기도 시흥시 환경국 하수관리과","2007-10-18","매입","누락재산 일괄등록","2009-10-27","","경기도 시흥시 미산동  481 - 3",126.7925,37.4113,"1",4.86666666666667,4.86666666666667,13,125,267,41,398,80,45,2,48,12,456,25,58,33,2703,184,165,72
2015,142217,"토지","행정재산","공공용재산","일반","답","답",1,64,3115000,3115000,"경기도 건설국 하천과","","경기도 시흥시 환경국 하수관리과","2007-10-18","매입","누락재산 일괄등록","2009-10-27","","경기도 시흥시 미산동  481 - 4",126.7923,37.4111,"1",4.8671875,4.8671875,13,127,269,41,398,82,46,2,50,12,460,25,56,36,2750,185,166,73
2015,142218,"토지","행정재산","공공용재산","일반","답","답",1,90,42000,42000,"경기도 건설국 하천과","","경기도 시흥시 환경국 하수관리과","2007-10-18","매입","누락재산 일괄등록","2009-10-27","","경기도 시흥시 미산동  482 - 5",126.7926,37.4116,"1",0.0466666666666667,0.0466666666666667,13,123,266,41,395,78,45,2,48,12,454,24,58,33,2667,181,165,72
2015,142219,"토지","행정재산","공공용재산","일반","답","답",1,1255,58571000,58571000,"경기도 건설국 하천과","","경기도 시흥시 환경국 하수관리과","2007-10-18","매입","누락재산 일괄등록","2009-10-27","","경기도 시흥시 미산동  482 - 6",126.7925,37.4111,"4",4.66701195219123,4.66701195219123,13,126,269,41,398,80,45,2,49,12,455,25,56,34,2726,186,167,73
2015,142220,"토지","행정재산","공공용재산","일반","답","답",1,75,365000,365000,"경기도 건설국 하천과","","경기도 시흥시 환경국 하수관리과","2007-10-18","매입","누락재산 일괄등록","2009-10-27","","경기도 시흥시 미산동  484 - 37",126.7913,37.4101,"1",0.486666666666667,0.486666666666667,13,134,275,42,407,87,43,2,54,13,473,28,56,60,2911,192,171,75
2015,179491,"토지","행정재산","공공용재산","일반","답","답",1,111,8834804,8834804,"경기도 건설국 하천과","","경기도 시흥시 환경국 하수관리과","2012-07-30","분할취득","하천","2013-01-31","","경기도 시흥시 미산동  45 - 3",126.8003,37.4183,"1",7.95928288288288,7.95928288288288,14,116,237,39,371,67,56,1,38,15,452,23,55,30,2580,166,154,67
2015,179464,"토지","행정재산","공공용재산","일반","답","답",1,810,64470196,64470196,"경기도 건설국 하천과","","경기도 시흥시 환경국 하수관리과","2012-06-11","누락재산등록","하천","2013-01-31","","경기도 시흥시 미산동  45 - 1",126.8007,37.4187,"3",7.95928345679012,7.95928345679012,14,115,236,39,369,67,56,1,38,14,448,23,55,30,2581,164,154,67
2015,183497,"토지","행정재산","공공용재산","일반","답","답",1,903,76755000,76755000,"경기도 건설국 하천과","","경기도 시흥시 환경국 하수관리과","2013-04-15","누락재산등록","하천","2013-11-27","","경기도 시흥시 미산동  44 - 3",126.8014,37.4193,"3",8.5,8.5,14,116,234,40,369,67,57,1,38,14,447,23,53,30,2580,165,154,67
2015,175525,"토지","행정재산","공공용재산","일반","답","답",1,531,19394844,19394844,"경기도 건설국 하천과","","경기도 시흥시 환경국 하수관리과","2012-01-25","분할취득","답","2010-06-10","","경기도 시흥시 방산동  198 - 9",126.7716,37.4295,"3",3.65251299435028,3.65251299435028,13,187,364,54,524,109,45,6,75,19,705,29,68,56,4133,302,265,114
2015,186512,"토지","행정재산","공공용재산","일반","답","답",1,64,2337608,2337608,"경기도 건설국 하천과","","경기도 시흥시 환경국 하수관리과","2013-11-07","분할취득","답","2010-06-10","","경기도 시흥시 방산동  198 - 11",126.7715,37.4296,"1",3.6525125,3.6525125,13,188,363,54,524,110,45,6,75,19,710,30,67,56,4155,302,267,114
2015,173932,"토지","행정재산","공공용재산","일반","답","답",1,256,46208000,46208000,"경기도 건설국 하천과","","경기도 시흥시 환경국 하수관리과","2011-07-14","누락재산등록","답","2012-04-19","","경기도 시흥시 방산동  226 - 6",126.7614,37.4243,"1",18.05,18.05,15,247,440,68,712,151,52,7,94,19,871,40,60,88,5191,401,399,152
2015,173937,"토지","행정재산","공공용재산","일반","답","답",1,2031,366595500,366595500,"경기도 건설국 하천과","","경기도 시흥시 환경국 하수관리과","2011-09-20","누락재산등록","답","2012-04-19","","경기도 시흥시 방산동  857 - 2",126.763,37.4257,"4",18.05,18.05,15,245,440,70,712,145,52,7,94,18,892,41,62,88,5198,397,399,153
2015,173936,"토지","행정재산","공공용재산","일반","답","답",1,1564,254932000,254932000,"경기도 건설국 하천과","","경기도 시흥시 환경국 하수관리과","2011-09-22","누락재산등록","답","2012-04-19","","경기도 시흥시 방산동  861 - 3",126.7619,37.4251,"4",16.3,16.3,15,249,443,71,718,149,52,7,94,19,897,41,60,91,5237,405,405,155
2015,173934,"토지","행정재산","공공용재산","일반","답","답",1,1463,238469000,238469000,"경기도 건설국 하천과","","경기도 시흥시 환경국 하수관리과","2011-08-22","누락재산등록","답","2012-04-19","","경기도 시흥시 방산동  864 - 1",126.7611,37.4247,"4",16.3,16.3,15,251,446,69,717,151,53,7,96,20,904,41,59,91,5264,408,407,155
2015,173933,"토지","행정재산","공공용재산","일반","답","답",1,398,64874000,64874000,"경기도 건설국 하천과","","경기도 시흥시 환경국 하수관리과","2011-08-22","누락재산등록","답","2012-04-19","","경기도 시흥시 방산동  865 - 1",126.7605,37.4247,"2",16.3,16.3,15,255,451,70,722,154,54,7,98,21,912,41,58,93,5291,411,419,158
2015,173935,"토지","행정재산","공공용재산","일반","답","답",1,1026,167238000,167238000,"경기도 건설국 하천과","","경기도 시흥시 환경국 하수관리과","2011-09-22","누락재산등록","답","2012-04-19","","경기도 시흥시 방산동  874 - 1",126.7598,37.4244,"4",16.3,16.3,15,258,451,70,723,159,54,8,98,21,928,41,58,93,5329,417,422,160
2015,189600,"토지","행정재산","공공용재산","일반","답","답",1,42,7812000,7812000,"경기도 건설국 하천과","","경기도 시흥시 환경국","2014-07-28","매입","하천","2015-04-01","","경기도 시흥시 방산동  875 - 4",126.7618,37.4245,"1",18.6,18.6,15,244,440,68,712,150,51,7,94,19,868,40,60,88,5184,399,394,150
2015,179485,"토지","행정재산","공공용재산","일반","답","답",1,1288,109480000,109480000,"경기도 건설국 하천과","","경기도 시흥시 환경국 하수관리과","2012-11-01","누락재산등록","하천","2013-02-01","","경기도 시흥시 방산동  880 - 2",126.7594,37.4236,"4",8.5,8.5,16,255,445,68,720,160,54,8,96,20,916,41,60,93,5315,416,425,158
2015,179484,"토지","행정재산","공공용재산","일반","답","답",1,1217,103445000,103445000,"경기도 건설국 하천과","","경기도 시흥시 환경국 하수관리과","2012-11-01","누락재산등록","하천","2013-02-01","","경기도 시흥시 방산동  895 - 2",126.7587,37.4228,"4",8.5,8.5,16,258,443,71,715,166,56,8,95,22,895,39,60,92,5312,419,413,153
2015,164601,"토지","행정재산","공공용재산","일반","답","답",1,1120,76160000,76160000,"경기도 건설국 하천과","","경기도 시흥시 환경국 하수관리과","2010-03-29","누락재산등록","하천","2011-07-18","","경기도 시흥시 방산동  899 - 1",126.7579,37.422,"4",6.8,6.8,16,259,445,73,715,168,57,9,96,22,887,39,57,94,5298,419,410,149
2015,177098,"토지","행정재산","공공용재산","일반","대","대",1,323,148580000,148580000,"경기도 건설국 하천과","","경기도 시흥시 환경국 하수관리과","2012-01-20","누락재산등록","하천","2012-10-31","","경기도 시흥시 방산동  917 - 1",126.757,37.4211,"2",46,46,17,256,443,73,719,173,58,9,96,22,880,41,57,94,5243,423,412,149
2015,177099,"토지","행정재산","공공용재산","일반","답","답",1,225,16875000,16875000,"경기도 건설국 하천과","","경기도 시흥시 환경국 하수관리과","2012-01-20","누락재산등록","하천","2012-10-31","","경기도 시흥시 방산동  917 - 3",126.7574,37.4215,"1",7.5,7.5,16,259,444,73,718,171,57,9,96,23,886,41,57,94,5285,425,412,149
2015,177100,"토지","행정재산","공공용재산","일반","답","답",1,539,40425000,40425000,"경기도 건설국 하천과","","경기도 시흥시 환경국 하수관리과","2012-01-20","누락재산등록","하천","2012-10-31","","경기도 시흥시 방산동  919 - 1",126.7565,37.4206,"3",7.5,7.5,17,254,444,74,715,177,57,9,96,22,874,41,57,94,5201,421,404,145
2015,177101,"토지","행정재산","공공용재산","일반","답","답",1,77,5775000,5775000,"경기도 건설국 하천과","","경기도 시흥시 환경국 하수관리과","2012-01-20","누락재산등록","하천","2012-10-31","","경기도 시흥시 방산동  929 - 1",126.7561,37.4198,"1",7.5,7.5,17,251,441,76,712,178,54,9,94,22,854,40,55,92,5104,415,389,143
2015,177102,"토지","행정재산","공공용재산","일반","답","답",1,1604,120300000,120300000,"경기도 건설국 하천과","","경기도 시흥시 환경국 하수관리과","2012-01-20","누락재산등록","하천","2012-10-31","","경기도 시흥시 방산동  930 - 1",126.7563,37.4193,"4",7.5,7.5,17,249,435,73,704,175,54,9,95,22,832,40,56,92,4982,407,372,138
2015,155080,"토지","행정재산","공공용재산","일반","답","답",1,1238,181565000,181565000,"경기도 건설국 하천과","","경기도 시흥시 환경국 하수관리과","2009-09-03","누락재산등록","답","2010-06-10","","경기도 시흥시 방산동  932 - 1",126.7558,37.4187,"4",14.6659935379645,14.6659935379645,17,248,435,72,697,179,53,9,95,22,828,39,52,92,4930,402,353,131
2015,173106,"토지","행정재산","공공용재산","일반","전","전",1,1037,161772000,161772000,"경기도 건설국 하천과","","경기도 시흥시 환경국 하수관리과","2010-07-29","누락재산등록","하천","2012-03-21","","경기도 시흥시 방산동  936 - 2",126.7578,37.4211,"4",15.6,15.6,17,253,438,71,707,165,58,9,96,22,870,39,57,94,5211,417,392,143
2015,173931,"토지","행정재산","공공용재산","일반","답","답",1,1424,257032000,257032000,"경기도 건설국 하천과","","경기도 시흥시 환경국 하수관리과","2011-07-20","누락재산등록","답","2012-04-19","","경기도 시흥시 방산동  951 - 2",126.7569,37.4203,"4",18.05,18.05,17,252,439,72,715,176,55,9,95,22,856,39,56,93,5140,417,390,143
2015,164602,"토지","행정재산","공공용재산","일반","답","답",1,707,48076000,48076000,"경기도 건설국 하천과","","경기도 시흥시 환경국 하수관리과","2010-06-28","누락재산등록","하천","2011-07-18","","경기도 시흥시 방산동  953 - 3",126.7569,37.4195,"3",6.8,6.8,17,249,435,72,705,173,54,9,94,22,830,40,56,92,4973,402,364,136
2015,155079,"토지","행정재산","공공용재산","일반","답","답",1,1220,187880000,187880000,"경기도 건설국 하천과","","경기도 시흥시 환경국 하수관리과","2009-09-02","누락재산등록","답","2010-06-10","","경기도 시흥시 방산동  974 - 2",126.7564,37.4185,"4",15.4,15.4,17,247,436,69,695,174,52,9,94,22,813,39,52,92,4858,399,345,129
2015,155062,"토지","행정재산","공공용재산","일반","제방","제방",1,31.79,3020050,3020050,"경기도 건설국 하천과","","경기도 시흥시 환경국 하수관리과","2009-05-11","누락재산등록","제방","2010-06-10","","경기도 시흥시 포동  67 - 298",126.7862,37.4041,"1",9.5,9.5,14,151,325,52,453,100,40,4,60,10,491,32,54,83,3202,222,189,81
2015,183490,"토지","행정재산","공공용재산","일반","답","답",1,392,33320000,33320000,"경기도 건설국 하천과","","경기도 시흥시 환경국 하수관리과","2013-04-15","누락재산등록","하천","2013-11-27","","경기도 시흥시 미산동  27 - 1",126.8028,37.4206,"2",8.5,8.5,14,112,227,41,359,62,58,1,39,14,438,19,57,30,2529,162,151,66
2015,187557,"토지","행정재산","공공용재산","일반","답","답",1,856,75328000,75328000,"경기도 건설국 하천과","","경기도 시흥시 환경국 하수관리과","2014-03-07","누락재산등록","하천","2014-11-03","","경기도 시흥시 미산동  28 - 3",126.8022,37.42,"3",8.8,8.8,14,115,229,40,368,65,57,1,38,14,443,23,56,30,2580,164,154,67
2015,164614,"토지","행정재산","공공용재산","일반","답","답",1,53,10494000,10494000,"경기도 건설국 하천과","","경기도 시흥시 환경국 하수관리과","2009-05-14","누락재산등록","하천","2011-07-18","","경기도 시흥시 신천동  495 - 6",126.7746,37.4307,"1",19.8,19.8,13,176,339,56,484,100,42,5,71,19,658,28,69,53,3921,283,247,105
2015,155085,"토지","행정재산","공공용재산","일반","답","답",1,1,198000,18377000,"경기도 건설국 하천과","","경기도 시흥시 환경국 하수관리과","2009-05-14","누락재산등록","답","2010-06-10","","경기도 시흥시 신천동  495 - 7",126.7744,37.4306,"1",19.8,1837.7,14,177,341,56,485,102,42,5,71,19,662,28,69,53,3928,285,247,106
2015,164615,"토지","행정재산","공공용재산","일반","전","전",1,77,12782000,12782000,"경기도 건설국 하천과","","경기도 시흥시 환경국 하수관리과","2009-05-06","누락재산등록","하천","2011-07-18","","경기도 시흥시 신천동  496 - 3",126.7728,37.4302,"1",16.6,16.6,13,182,353,57,515,105,44,5,73,19,695,28,67,55,4063,292,254,112
2015,14698,"토지","일반재산","미등록","일반","잡종지","잡종지",1,56,35112000,35112000,"경기도 건설국 하천과","","경기도 시흥시 환경국 하수관리과","1983-11-03","매입","대지(회계과-5399호 관련( 2013.02.19))","2007-02-16","[토지분류코드:GC024][관리대장코드:1613124] 김숙문(310-2167)","경기도 시흥시 대야동  420 - 97",126.7884,37.4512,"1",62.7,62.7,21,375,563,99,941,181,62,7,155,42,1394,58,94,206,7298,656,576,238
2015,14699,"토지","행정재산","공공용재산","일반","잡종지","잡종지",1,11,6897000,6897000,"경기도 건설국 도로정책과","","경기도 시흥시 도시교통국 도로과","1983-11-03","매입","대지 (폐천부지)","2007-02-16","[토지분류코드:GC024][관리대장코드:1613125] 김숙문(310-2167)","경기도 시흥시 대야동  420 - 98",126.7877,37.4516,"1",62.7,62.7,21,383,567,101,966,194,60,8,160,42,1422,61,93,206,7488,670,598,242
2015,91370,"토지","일반재산","미등록","일반","잡종지","잡종지",1,274,81378000,81378000,"경기도 건설국 하천과","","경기도 시흥시 환경국 하수관리과","1983-06-09","매입","","2007-02-26","누락재산 삽입","경기도 시흥시 대야동  420 - 100",126.7921,37.446,"1",29.7,29.7,20,302,428,84,708,137,53,6,121,40,1094,42,86,203,5917,536,447,183
2015,158721,"토지","일반재산","미등록","일반","잡종지","잡종지",1,1.75,1261750,1261750,"경기도 건설국 하천과","","경기도 시흥시 환경국 하수관리과","2009-11-30","분할취득","","2007-02-26","누락재산 삽입","경기도 시흥시 대야동  420 - 109",126.7887,37.4511,"1",72.1,72.1,21,372,558,98,932,175,63,7,154,42,1376,55,95,206,7239,650,565,235
2015,173938,"토지","행정재산","공공용재산","일반","제방","제방",1,114,23256000,23256000,"경기도 건설국 하천과","","경기도 시흥시 환경국 하수관리과","2011-08-04","누락재산등록","제방","2012-04-19","","경기도 시흥시 신천동  247 - 35",126.7788,37.434,"1",20.4,20.4,14,182,364,63,546,89,43,4,76,19,695,30,74,33,3814,275,270,117
2015,164613,"토지","행정재산","공공용재산","일반","제방","제방",1,144,1339200,1339200,"경기도 건설국 하천과","","경기도 시흥시 환경국 하수관리과","2006-10-26","누락재산등록","하천","2011-07-18","","경기도 시흥시 신천동  495 - 1",126.7746,37.4307,"1",0.93,0.93,13,176,339,56,484,100,42,5,71,19,658,28,69,53,3921,283,247,105
2015,155088,"토지","행정재산","공공용재산","일반","답","답",1,85,16263000,16263000,"경기도 건설국 하천과","","경기도 시흥시 환경국 하수관리과","2009-04-01","누락재산등록","하천","2010-06-10","","경기도 시흥시 신천동  494 - 3",126.7749,37.4308,"1",19.1329411764706,19.1329411764706,13,173,337,57,476,101,42,5,70,19,654,28,70,53,3894,278,244,103
2015,155087,"토지","행정재산","공공용재산","일반","하천","하천",1,62,11242000,11242000,"경기도 건설국 하천과","","경기도 시흥시 환경국 하수관리과","2009-04-01","누락재산등록","하천","2010-06-10","","경기도 시흥시 신천동  494 - 2",126.7749,37.4307,"1",18.1322580645161,18.1322580645161,13,173,336,57,476,100,42,5,69,19,648,28,69,53,3874,277,241,103
2015,155100,"토지","행정재산","공공용재산","일반","제방","제방",1,270,62999000,62999000,"경기도 건설국 하천과","","경기도 시흥시 환경국 하수관리과","2009-03-03","누락재산등록","하천","2010-06-10","","경기도 시흥시 신천동  473 - 19",126.7779,37.433,"1",23.332962962963,23.332962962963,14,177,351,62,499,96,42,4,68,19,667,26,74,33,3682,260,250,109
2015,155096,"토지","행정재산","공공용재산","일반","하천","하천",1,214,49932000,49932000,"경기도 건설국 하천과","","경기도 시흥시 환경국 하수관리과","2009-03-03","누락재산등록","하천","2010-06-10","","경기도 시흥시 신천동  473 - 20",126.7779,37.4328,"1",23.3327102803738,23.3327102803738,14,174,349,62,500,95,42,4,68,19,667,26,73,33,3655,258,246,108
2015,155095,"토지","행정재산","공공용재산","일반","제방","제방",1,867,202297000,202297000,"경기도 건설국 하천과","","경기도 시흥시 환경국 하수관리과","2009-03-03","누락재산등록","하천","2010-06-10","","경기도 시흥시 신천동  473 - 26",126.7779,37.433,"3",23.3329873125721,23.3329873125721,14,177,351,62,499,96,42,4,68,19,667,26,74,33,3682,260,250,109
2015,155097,"토지","행정재산","공공용재산","일반","제방","제방",1,116,27608000,27608000,"경기도 건설국 하천과","","경기도 시흥시 환경국 하수관리과","2009-04-23","누락재산등록","하천","2010-06-10","","경기도 시흥시 신천동  473 - 28",126.7782,37.4337,"1",23.8,23.8,14,182,358,61,529,95,42,4,73,19,692,30,74,33,3782,269,267,116
2015,155094,"토지","행정재산","공공용재산","일반","제방","제방",1,244,53436000,53436000,"경기도 건설국 하천과","","경기도 시흥시 환경국 하수관리과","2009-04-23","누락재산등록","하천","2010-06-10","","경기도 시흥시 신천동  484 - 2",126.7776,37.4324,"1",21.9,21.9,13,170,351,60,474,96,42,4,66,19,653,25,73,35,3618,253,232,103
2015,164610,"토지","행정재산","공공용재산","일반","제방","제방",1,196,1960000,1960000,"경기도 건설국 하천과","","경기도 시흥시 환경국 하수관리과","2009-02-12","누락재산등록","하천","2011-07-18","","경기도 시흥시 신천동  485 - 1",126.7773,37.4319,"1",1,1,13,164,351,59,466,98,42,4,65,19,634,25,72,37,3602,251,223,100
2015,155092,"토지","행정재산","공공용재산","일반","하천","하천",1,69,12603000,12603000,"경기도 건설국 하천과","","경기도 시흥시 환경국 하수관리과","2009-02-12","누락재산등록","하천","2010-06-10","","경기도 시흥시 신천동  485 - 4",126.7773,37.4317,"1",18.2652173913043,18.2652173913043,13,164,346,58,459,99,42,4,65,19,630,25,72,38,3586,250,222,97
2015,155090,"토지","행정재산","공공용재산","일반","제방","제방",1,31,5755000,5755000,"경기도 건설국 하천과","","경기도 시흥시 환경국 하수관리과","2009-02-12","누락재산등록","하천","2010-06-10","","경기도 시흥시 신천동  485 - 7",126.7771,37.4315,"1",18.5645161290323,18.5645161290323,13,161,343,57,454,99,42,4,65,19,626,25,72,43,3588,249,219,96
2015,155091,"토지","행정재산","공공용재산","일반","하천","하천",1,136,24660000,24660000,"경기도 건설국 하천과","","경기도 시흥시 환경국 하수관리과","2009-02-12","누락재산등록","하천","2010-06-10","","경기도 시흥시 신천동  485 - 9",126.7772,37.4315,"1",18.1323529411765,18.1323529411765,13,160,343,58,457,99,42,4,64,19,620,25,72,43,3577,248,216,95
2015,155093,"토지","행정재산","공공용재산","일반","제방","제방",1,410,74890000,74890000,"경기도 건설국 하천과","","경기도 시흥시 환경국 하수관리과","2009-02-12","누락재산등록","하천","2010-06-10","","경기도 시흥시 신천동  485 - 10",126.7773,37.4318,"2",18.2658536585366,18.2658536585366,13,164,347,59,463,100,42,4,65,19,631,25,72,37,3597,250,223,99
2015,173939,"토지","행정재산","공공용재산","일반","제방","제방",1,116,21808000,21808000,"경기도 건설국 하천과","","경기도 시흥시 환경국 하수관리과","2011-08-10","누락재산등록","제방","2012-04-19","","경기도 시흥시 신천동  491 - 3",126.777,37.4315,"1",18.8,18.8,13,161,345,58,455,100,43,4,65,19,625,25,71,44,3598,250,221,97
2015,173940,"토지","행정재산","공공용재산","일반","하천","하천",1,4,752000,752000,"경기도 건설국 하천과","","경기도 시흥시 환경국 하수관리과","2011-08-10","누락재산등록","하천","2012-04-19","","경기도 시흥시 신천동  491 - 4",126.7771,37.4315,"1",18.8,18.8,13,161,343,57,454,99,42,4,65,19,626,25,72,43,3588,249,219,96
2015,183506,"토지","행정재산","공공용재산","일반","제방","제방",1,252,2268000,2268000,"경기도 건설국 하천과","","경기도 시흥시 환경국 하수관리과","2013-01-04","누락재산등록","하천","2013-11-27","","경기도 시흥시 신천동  492 - 4",126.7769,37.4314,"1",0.9,0.9,13,162,344,58,452,100,43,4,65,19,625,25,71,47,3616,251,221,97
2015,164611,"토지","행정재산","공공용재산","일반","답","답",1,186,23994000,23994000,"경기도 건설국 하천과","","경기도 시흥시 환경국 하수관리과","2009-04-01","누락재산등록","하천","2011-07-18","","경기도 시흥시 신천동  493",126.7752,37.4309,"1",12.9,12.9,13,173,337,57,474,102,41,5,69,20,650,28,70,53,3862,277,241,102
2015,155089,"토지","행정재산","공공용재산","일반","제방","제방",1,403,73075000,73075000,"경기도 건설국 하천과","","경기도 시흥시 환경국 하수관리과","2009-04-01","누락재산등록","하천","2010-06-10","","경기도 시흥시 신천동  493 - 1",126.7753,37.4309,"2",18.1327543424318,18.1327543424318,13,172,336,57,472,102,41,5,70,20,648,27,70,53,3849,275,241,101
2015,164612,"토지","행정재산","공공용재산","일반","답","답",1,141,18189000,18189000,"경기도 건설국 하천과","","경기도 시흥시 환경국 하수관리과","2009-04-01","누락재산등록","하천","2011-07-18","","경기도 시흥시 신천동  493 - 4",126.7752,37.4309,"1",12.9,12.9,13,173,337,57,474,102,41,5,69,20,650,28,70,53,3862,277,241,102
2015,155101,"토지","행정재산","공공용재산","일반","답","답",1,112,21428000,21428000,"경기도 건설국 하천과","","경기도 시흥시 환경국 하수관리과","2009-04-01","누락재산등록","하천","2010-06-10","","경기도 시흥시 신천동  494",126.7749,37.4308,"1",19.1321428571429,19.1321428571429,13,173,337,57,476,101,42,5,70,19,654,28,70,53,3894,278,244,103
2015,155086,"토지","행정재산","공공용재산","일반","제방","제방",1,270,48959000,48959000,"경기도 건설국 하천과","","경기도 시흥시 환경국 하수관리과","2009-04-01","누락재산등록","제방","2010-06-10","","경기도 시흥시 신천동  494 - 1",126.7749,37.4307,"1",18.132962962963,18.132962962963,13,173,336,57,476,100,42,5,69,19,648,28,69,53,3874,277,241,103
2015,14696,"토지","일반재산","미등록","일반","잡종지","잡종지",1,372,77004000,77004000,"경기도 건설국 하천과","","경기도 시흥시 환경국 하수관리과","1983-11-03","매입","대지","2007-02-16","[토지분류코드:GC024][관리대장코드:1613122] 김숙문(310-2167)","경기도 시흥시 대야동  420 - 93",126.7916,37.4507,"2",20.7,20.7,20,349,527,94,860,172,61,7,148,44,1305,53,96,205,6760,603,532,221
2015,14697,"토지","행정재산","공공용재산","일반","잡종지","잡종지",1,36,19152000,19152000,"경기도 건설국 도로정책과","","경기도 시흥시 도시교통국 도로과","1983-11-03","매입","대지 (폐천부지)","2007-02-16","[토지분류코드:GC024][관리대장코드:1613123] 김숙문(310-2167)","경기도 시흥시 대야동  420 - 96",126.7878,37.4515,"1",53.2,53.2,21,383,563,101,961,190,60,8,159,42,1418,59,94,206,7451,666,592,242
2015,14695,"토지","일반재산","미등록","일반","잡종지","잡종지",1,52,34320000,34320000,"경기도 건설국 하천과","","경기도 시흥시 환경국 하수관리과","1983-11-03","매입","대지","2007-02-16","[토지분류코드:GC024][관리대장코드:1613121] 김숙문(310-2167)","경기도 시흥시 대야동  420 - 79",126.7884,37.4514,"1",66,66,21,376,563,99,945,183,62,7,157,42,1400,57,93,206,7333,656,583,239
2015,14690,"토지","행정재산","공공용재산","일반","잡종지","잡종지",1,38,25080000,25080000,"경기도 건설국 도로정책과","","경기도 시흥시 도시교통국 도로과","1983-11-03","매입","대지 (페천부지)","2007-02-16","[토지분류코드:GC024][관리대장코드:1613116]  김숙문(310-2167)","경기도 시흥시 대야동  420 - 38",126.7878,37.4516,"1",66,66,21,383,567,101,965,190,60,8,160,42,1422,59,93,206,7475,669,596,242
2015,14691,"토지","일반재산","미등록","일반","잡종지","잡종지",1,359,209656000,209656000,"경기도 건설국 하천과","","경기도 시흥시 환경국 하수관리과","1983-11-03","매입","대지","2007-02-26","[토지분류코드:GC024][관리대장코드:1613117] 김숙문(310-2167)","경기도 시흥시 대야동  420 - 39",126.7881,37.4514,"2",58.4,58.4,21,377,563,101,949,186,62,7,159,42,1416,59,94,206,7395,659,587,240
2015,91366,"토지","일반재산","미등록","일반","대","대",1,14.25,10274250,10274250,"경기도 건설국 하천과","","경기도 시흥시 환경국 하수관리과","1983-11-03","매입","","2007-02-26","누락재산 삽입","경기도 시흥시 대야동  420 - 41",126.7886,37.4511,"1",72.1,72.1,21,374,558,98,936,177,63,7,154,42,1380,56,95,206,7255,653,568,236
2015,14692,"토지","일반재산","미등록","일반","잡종지","잡종지",1,510,283050000,283050000,"경기도 건설국 하천과","","경기도 시흥시 환경국 하수관리과","1983-11-03","매입","대지","2007-02-16","[토지분류코드:GC024][관리대장코드:1613118] 김숙문(310-2167)","경기도 시흥시 대야동  420 - 46",126.7916,37.4509,"3",55.5,55.5,20,352,530,94,860,173,61,7,149,44,1310,52,96,205,6784,603,533,222
2015,91368,"토지","일반재산","미등록","일반","잡종지","잡종지",1,619,183843000,183843000,"경기도 건설국 하천과","","경기도 시흥시 환경국 하수관리과","1983-06-09","매입","","2007-02-26","누락재산 삽입","경기도 시흥시 대야동  420 - 55",126.7922,37.4461,"3",29.7,29.7,20,302,429,84,710,137,53,6,121,40,1101,42,88,203,5928,539,450,183
2015,14693,"토지","행정재산","공공용재산","일반","잡종지","잡종지",1,126,57960000,57960000,"경기도 건설국 도로정책과","","경기도 시흥시 도시교통국 도로과","1983-11-03","매입","대지 (폐천부지)","2007-02-16","[토지분류코드:GC024][관리대장코드:1613119] 김숙문(310-2167)","경기도 시흥시 대야동  420 - 76",126.788,37.4516,"1",46,46,21,382,565,101,957,188,61,8,159,42,1420,59,92,206,7453,665,588,241
2015,14694,"토지","일반재산","미등록","일반","잡종지","잡종지",1,75,40575000,40575000,"경기도 건설국 하천과","","경기도 시흥시 환경국 하수관리과","1983-11-03","매입","대지","2007-02-16","[토지분류코드:GC024][관리대장코드:1613120] 김숙문(310-2167)","경기도 시흥시 대야동  420 - 78",126.7883,37.4515,"1",54.1,54.1,21,377,563,99,950,185,62,7,157,42,1409,59,93,206,7377,659,587,240
2015,167055,"토지","행정재산","공공용재산","일반","답","답",1,346,28026000,23701000,"경기도 건설국 하천과","","경기도 시흥시 환경국 하수관리과","2007-05-29","누락재산등록","","2011-08-03","","경기도 시흥시 하중동  784 - 4",126.7985,37.3871,"2",8.1,6.85,3,57,185,30,226,52,42,2,26,6,226,22,60,9,1529,80,71,34
2015,177097,"토지","행정재산","공공용재산","일반","답","답",1,532,13512800,13512800,"경기도 건설국 도로정책과","","경기도 시흥시 도시교통국 도로과","2007-06-14","누락재산등록","도로","2012-10-31","","경기도 시흥시 하중동  784 - 5",126.7994,37.3872,"3",2.54,2.54,3,56,185,29,221,52,42,1,26,6,229,22,60,6,1522,80,70,34
2015,175530,"토지","행정재산","공공용재산","일반","전","전",1,20,3720000,3720000,"경기도 건설국 하천과","","경기도 시흥시 환경국 하수관리과","2011-09-07","분할취득","전","2010-06-10","","경기도 시흥시 하중동  137 - 189",126.7871,37.4055,"1",18.6,18.6,14,153,323,48,451,101,39,4,60,10,496,30,52,83,3198,222,192,82
2015,166975,"토지","일반재산","미등록","일반","답","답",1,378,29559600,24532200,"경기도 자치행정국 회계과","","경기도 시흥시 안전행정국 회계과","2007-12-31","누락재산등록","","2011-08-03","","경기도 시흥시 장곡동  675 - 2",126.7869,37.3881,"2",7.82,6.49,5,83,218,32,255,74,43,3,34,8,266,24,58,59,1918,127,84,39
2015,177089,"토지","행정재산","공공용재산","일반","답","답",1,1632,39820800,39820800,"경기도 건설국 도로정책과","","경기도 시흥시 도시교통국 도로과","2007-06-14","누락재산등록","도로","2012-10-31","","경기도 시흥시 장곡동  675 - 3",126.7869,37.3884,"4",2.44,2.44,5,82,218,33,259,74,42,3,34,8,264,24,58,58,1911,125,83,39
2015,177090,"토지","행정재산","공공용재산","일반","답","답",1,1682,41040800,41040800,"경기도 건설국 도로정책과","","경기도 시흥시 도시교통국 도로과","2007-06-20","누락재산등록","도로","2012-10-31","","경기도 시흥시 장곡동  675 - 6",126.787,37.3883,"4",2.44,2.44,5,83,216,33,258,74,42,3,34,8,262,24,58,59,1915,126,83,39
2015,166989,"토지","일반재산","미등록","일반","답","답",1,54,4347000,3618000,"경기도 자치행정국 회계과","","경기도 시흥시 안전행정국 회계과","2008-01-09","누락재산등록","","2011-08-03","","경기도 시흥시 장곡동  714 - 4",126.7884,37.3888,"1",8.05,6.7,4,78,215,29,251,73,43,2,33,9,260,24,58,58,1861,115,80,35
2015,177104,"토지","행정재산","공공용재산","일반","답","답",1,1249,31225000,34524850,"경기도 건설국 도로정책과","","경기도 시흥시 도시교통국 도로과","2007-12-20","누락재산등록","도로","2012-10-31","","경기도 시흥시 하상동  269 - 5",126.8187,37.389,"4",2.5,2.76419935948759,5,55,168,31,190,44,50,0,25,5,238,23,59,3,1324,79,54,30
2015,166994,"토지","일반재산","미등록","일반","답","답",1,443,34731200,29193700,"경기도 자치행정국 회계과","","경기도 시흥시 안전행정국 회계과","2008-01-02","누락재산등록","","2011-08-03","","경기도 시흥시 장현동  48 - 1",126.7921,37.3882,"2",7.84,6.59,2,63,198,30,232,69,39,2,27,8,225,23,62,39,1675,95,70,33
2015,166962,"토지","일반재산","미등록","일반","철도용지","철도용지",1,129,914610,744330,"경기도 자치행정국 회계과","","경기도 시흥시 안전행정국 회계과","2007-07-25","누락재산등록","","2011-08-03","","경기도 시흥시 월곶동  651 - 9",126.7465,37.3858,"1",0.709,0.577,16,233,367,59,527,203,49,8,112,13,683,26,35,90,4111,274,281,96
2015,177087,"토지","행정재산","공공용재산","일반","전","전",1,142,4913200,4913200,"경기도 건설국 도로정책과","","경기도 시흥시 도시교통국 도로과","2007-06-05","누락재산등록","도로","2012-10-31","","경기도 시흥시 월곶동  617 - 8",126.7522,37.3858,"1",3.46,3.46,15,234,381,63,548,176,45,8,108,15,673,30,38,91,4182,281,285,100
2015,177091,"토지","행정재산","공공용재산","일반","답","답",1,203,5014100,5014100,"경기도 건설국 도로정책과","","경기도 시흥시 도시교통국 도로과","2007-06-20","누락재산등록","도로","2012-10-31","","경기도 시흥시 장현동  142 - 19",126.7966,37.3893,"1",2.47,2.47,3,55,174,27,207,54,42,2,24,7,213,19,62,35,1403,75,52,26
2015,167041,"토지","일반재산","미등록","일반","전","전",1,310,50530000,40300000,"경기도 자치행정국 회계과","","경기도 시흥시 안전행정국 회계과","2007-12-28","누락재산등록","","2011-08-03","","경기도 시흥시 하중동  743",126.8074,37.389,"2",16.3,13,5,56,187,35,220,45,44,0,23,6,247,24,61,3,1430,80,60,32
2015,14084,"토지","행정재산","공용재산","일반","대","대",1,1293,1525740000,1525740000,"경기도 재난안전본부 소방행정과","경기도 시흥소방서","","2002-08-13","매입","연성파출소","2007-12-10","[토지분류코드:][관리대장코드:2000063]","경기도 시흥시 장현동  548 - 5",126.8029,37.3819,"4",118,118,4,82,255,41,273,66,42,0,38,6,317,28,57,10,1950,93,98,51
2015,166960,"토지","일반재산","미등록","일반","대","대",1,219,102930000,115413000,"경기도 자치행정국 회계과","","경기도 시흥시 안전행정국 회계과","2008-01-09","누락재산등록","","2011-08-03","","경기도 시흥시 월곶동  634 - 5",126.7492,37.3873,"1",47,52.7,15,221,367,58,531,190,48,8,102,15,646,30,35,87,4053,274,283,97
2015,166961,"토지","일반재산","미등록","일반","임야","임야",1,626,13834600,9890800,"경기도 자치행정국 회계과","","경기도 시흥시 안전행정국 회계과","2010-04-09","누락재산등록","","2011-08-03","","경기도 시흥시 월곶동  634 - 7",126.7482,37.3868,"3",2.21,1.58,15,227,367,58,528,192,49,8,106,13,674,30,35,90,4086,273,280,97
2015,174164,"토지","행정재산","공공용재산","일반","전","전",1,197,3e+05,3e+05,"경기도 건설국 도로정책과","","경기도 시흥시 도시교통국 도로과","2007-05-10","매입","제3경인고속도로","2012-04-23","","경기도 시흥시 논곡동  340 - 1",126.8536,37.3959,"1",0.152284263959391,0.152284263959391,6,70,181,42,193,78,49,1,40,13,322,22,55,6,1322,112,78,37
2015,167000,"토지","일반재산","미등록","일반","전","전",1,64,13632000,10880000,"경기도 자치행정국 회계과","","경기도 시흥시 안전행정국 회계과","2008-01-09","누락재산등록","","2011-08-03","","경기도 시흥시 하상동  296",126.817,37.3892,"1",21.3,17,5,55,165,31,190,45,50,0,25,5,238,23,60,3,1326,79,54,30
2015,167044,"토지","일반재산","미등록","일반","답","답",1,295,23128000,19440500,"경기도 자치행정국 회계과","","경기도 시흥시 안전행정국 회계과","2008-01-17","누락재산등록","","2011-08-03","","경기도 시흥시 하중동  777 - 1",126.8017,37.3891,"1",7.84,6.59,3,53,176,30,204,48,47,0,23,6,207,20,60,4,1372,71,52,26
2015,167052,"토지","일반재산","미등록","일반","답","답",1,368,27776200,24251200,"경기도 자치행정국 회계과","","경기도 시흥시 안전행정국 회계과","2008-01-09","누락재산등록","","2011-08-03","","경기도 시흥시 하중동  777 - 3",126.8012,37.3891,"2",7.54788043478261,6.59,3,52,175,30,204,48,46,0,22,6,211,20,59,4,1369,71,52,26
2015,167054,"토지","일반재산","미등록","일반","답","답",1,291,22814400,19176900,"경기도 자치행정국 회계과","","경기도 시흥시 안전행정국 회계과","2008-01-09","누락재산등록","","2011-08-03","","경기도 시흥시 하중동  778 - 2",126.799,37.3893,"1",7.84,6.59,3,50,174,28,199,48,43,2,23,6,206,18,61,9,1341,72,52,26
2015,167007,"토지","일반재산","미등록","일반","임야","임야",1,73,1679000,1314000,"경기도 자치행정국 회계과","","경기도 시흥시 안전행정국 회계과","2007-12-31","누락재산등록","","2011-08-03","","경기도 시흥시 하상동  343 - 21",126.8106,37.388,"1",2.3,1.8,5,56,184,33,205,47,47,0,24,6,255,24,62,3,1450,79,56,32
2015,177080,"토지","행정재산","공공용재산","일반","임야","임야",1,2672,167534400,167534400,"경기도 건설국 도로정책과","","경기도 시흥시 도시교통국 도로과","2007-06-20","누락재산등록","임야","2012-10-31","","경기도 시흥시 하상동  343 - 22",126.8109,37.3885,"4",6.27,6.27,5,55,183,33,200,45,45,0,24,6,247,24,62,3,1395,81,54,30
2015,177092,"토지","행정재산","공공용재산","일반","임야","임야",1,1977,12395790,12395790,"경기도 건설국 도로정책과","","경기도 시흥시 도시교통국 도로과","2007-06-14","누락재산등록","도로","2012-10-31","","경기도 시흥시 하상동  343 - 26",126.8113,37.3883,"4",0.627,0.627,5,56,182,33,199,45,45,0,24,5,249,24,61,3,1416,79,54,30
2015,177093,"토지","행정재산","공공용재산","일반","임야","임야",1,1761,11041470,11041470,"경기도 건설국 도로정책과","","경기도 시흥시 도시교통국 도로과","2007-06-20","누락재산등록","도로","2012-10-31","","경기도 시흥시 하상동  343 - 32",126.8119,37.3885,"4",0.627,0.627,5,55,181,33,195,45,47,0,24,5,246,24,61,3,1382,78,54,30
2015,166907,"토지","일반재산","미등록","일반","전","전",1,496,64369000,51892000,"경기도 자치행정국 회계과","","경기도 시흥시 안전행정국 회계과","2008-03-05","누락재산등록","","2011-08-03","","경기도 시흥시 금이동  416",126.8395,37.3942,"2",12.9776209677419,10.4620967741935,4,53,121,29,136,37,50,1,24,6,244,20,55,4,1079,71,42,23
2015,173102,"토지","행정재산","공공용재산","산","임야","임야",1,496,3109920,3109920,"경기도 건설국 도로정책과","","경기도 시흥시 도시교통국 도로과","2009-03-20","누락재산등록","도로","2012-03-21","","경기도 시흥시 광석동  19 - 2",126.8236,37.3855,"2",0.627,0.627,6,68,198,34,238,53,52,0,31,5,290,26,55,5,1598,87,77,46
2015,177085,"토지","행정재산","공공용재산","일반","답","답",1,163,4938900,4938900,"경기도 건설국 도로정책과","","경기도 시흥시 도시교통국 도로과","2007-06-05","누락재산등록","도로","2012-10-31","","경기도 시흥시 월곶동  1 - 5",126.7735,37.3881,"1",3.03,3.03,13,137,296,54,474,101,42,7,66,12,449,30,52,61,2797,224,190,61
2015,177094,"토지","행정재산","공공용재산","일반","임야","임야",1,3082,19324140,19324140,"경기도 건설국 도로정책과","","경기도 시흥시 도시교통국 도로과","2007-06-20","누락재산등록","도로","2012-10-31","","경기도 시흥시 하상동  343 - 44",126.8134,37.3885,"4",0.627,0.627,5,55,178,33,196,45,47,0,24,5,244,23,62,3,1365,78,54,30
2015,167006,"토지","일반재산","미등록","일반","전","전",1,37,4551000,3922000,"경기도 자치행정국 회계과","","경기도 시흥시 안전행정국 회계과","2008-05-08","누락재산등록","","2011-08-03","","경기도 시흥시 하상동  328",126.8143,37.389,"1",12.3,10.6,5,55,170,32,191,44,50,0,25,5,239,23,62,3,1342,79,54,30
2015,167008,"토지","일반재산","미등록","일반","임야","임야",1,334,7748800,6078800,"경기도 자치행정국 회계과","","경기도 시흥시 안전행정국 회계과","2009-02-03","누락재산등록","","2011-08-03","","경기도 시흥시 하상동  343 - 6",126.8117,37.3891,"2",2.32,1.82,5,56,175,34,200,43,46,0,24,5,243,23,62,3,1373,81,54,29
2015,14079,"토지","행정재산","공공용재산","일반","임야","임야",1,5169,447635400,354593400,"경기도 축산산림국 공원녹지과","","경기도 시흥시 경제활성화전략본부 녹색레저산업과","1994-09-23","교환취득","임야(오이도 공원)","2006-08-18","캐비넷 5, 33-4 [관리대장코드:100143]","경기도 시흥시 정왕동  982 - 3",126.6942,37.3407,"4",8.66,6.86,9,167,174,30,203,121,17,3,100,5,467,11,10,64,2441,132,150,59
2015,14080,"토지","행정재산","공공용재산","일반","임야","임야",1,14988,1179555600,872301600,"경기도 축산산림국 공원녹지과","","경기도 시흥시 경제활성화전략본부 녹색레저산업과","1994-07-15","교환취득","임야(오이도 공원)","2006-08-18","[토지분류코드:GC005][관리대장코드:100144]","경기도 시흥시 정왕동  990 - 4",126.6936,37.3385,"4",7.87,5.82,8,155,167,26,196,122,15,3,95,5,450,11,10,63,2315,121,147,58
2015,166426,"토지","행정재산","공공용재산","일반","답","답",1,139,3892000,3892000,"경기도 건설국 도로정책과","","경기도 시흥시 도시교통국 도로과","2007-03-16","누락재산등록","도로","2011-08-01","","경기도 시흥시 월곶동  667 - 23",126.7446,37.3843,"1",2.8,2.8,15,241,374,62,528,210,46,8,118,14,688,28,33,90,4095,275,281,95
2015,124342,"토지","행정재산","공용재산","일반","대","대",1,8099,147925600,147925600,"경기도 보건복지국 건강증진과","","","2007-07-11","기부채납","노인전문병원","2008-02-18","","경기도 시흥시 광석동  353 - 9",126.8072,37.3862,"4",1.82646746511915,1.82646746511915,5,67,204,36,252,52,47,0,28,6,288,23,63,7,1733,85,79,42
