"","sido","center","type","applicants","total","grade1","grade2","grade3","grade4","grade5","outer"
"1","서울","영등포운영센터","합계",4672,3056,357,432,1166,911,190,504
"2","서울","영등포운영센터","일반",3713,2411,285,346,900,714,166,363
"3","서울","영등포운영센터","기초수급",573,306,31,42,111,107,15,126
"4","서울","영등포운영센터","의료급여",42,21,1,3,11,5,1,5
"5","서울","영등포운영센터","경감",344,318,40,41,144,85,8,10
"6","서울","광진운영센터","합계",3402,2215,138,356,881,703,137,504
"7","서울","광진운영센터","일반",2605,1671,105,286,661,505,114,371
"8","서울","광진운영센터","기초수급",448,237,15,25,87,96,14,115
"9","서울","광진운영센터","의료급여",36,25,2,1,9,12,1,3
"10","서울","광진운영센터","경감",313,282,16,44,124,90,8,15
"11","서울","동대문운영센터","합계",5026,3458,392,591,1290,1086,99,434
"12","서울","동대문운영센터","일반",3556,2460,292,410,925,745,88,279
"13","서울","동대문운영센터","기초수급",968,537,48,85,178,217,9,143
"14","서울","동대문운영센터","의료급여",41,26,4,6,8,8,0,5
"15","서울","동대문운영센터","경감",461,435,48,90,179,116,2,7
"16","서울","성북운영센터","합계",5721,3775,399,630,1494,1055,197,699
"17","서울","성북운영센터","일반",4237,2770,311,466,1081,744,168,498
"18","서울","성북운영센터","기초수급",937,507,30,76,187,194,20,186
"19","서울","성북운영센터","의료급여",53,32,5,4,15,6,2,5
"20","서울","성북운영센터","경감",494,466,53,84,211,111,7,10
"21","서울","노원운영센터","합계",8084,4769,446,550,1606,1800,367,1736
"22","서울","노원운영센터","일반",4903,2858,249,330,961,1056,262,988
"23","서울","노원운영센터","기초수급",2289,1167,116,125,371,481,74,671
"24","서울","노원운영센터","의료급여",127,76,5,9,28,32,2,21
"25","서울","노원운영센터","경감",765,668,76,86,246,231,29,56
"26","서울","서대문운영센터","합계",3871,2482,233,385,1000,770,94,482
"27","서울","서대문운영센터","일반",2974,1859,175,276,752,582,74,371
"28","서울","서대문운영센터","기초수급",517,283,19,46,101,104,13,100
"29","서울","서대문운영센터","의료급여",32,26,5,1,7,11,2,1
"30","서울","서대문운영센터","경감",348,314,34,62,140,73,5,10
"31","서울","양천운영센터","합계",5246,3565,317,442,1403,1220,183,802
"32","서울","양천운영센터","일반",3771,2521,227,311,979,854,150,538
"33","서울","양천운영센터","기초수급",843,493,43,56,167,202,25,226
"34","서울","양천운영센터","의료급여",64,45,2,6,20,16,1,10
"35","서울","양천운영센터","경감",568,506,45,69,237,148,7,28
"36","서울","구로운영센터","합계",5337,3725,402,726,1465,1043,89,584
"37","서울","구로운영센터","일반",3976,2706,294,517,1061,763,71,424
"38","서울","구로운영센터","기초수급",731,445,36,70,177,154,8,141
"39","서울","구로운영센터","의료급여",53,37,5,5,15,12,0,5
"40","서울","구로운영센터","경감",577,537,67,134,212,114,10,14
"41","서울","관악운영센터","합계",5375,3517,348,536,1342,1135,156,634
"42","서울","관악운영센터","일반",3819,2516,250,387,959,796,124,392
"43","서울","관악운영센터","기초수급",1044,558,49,80,197,208,24,223
"44","서울","관악운영센터","의료급여",59,34,1,3,11,17,2,5
"45","서울","관악운영센터","경감",453,409,48,66,175,114,6,14
"46","서울","서초운영센터","합계",3168,2234,290,357,875,627,85,305
"47","서울","서초운영센터","일반",2697,1911,254,303,732,543,79,245
"48","서울","서초운영센터","기초수급",277,151,15,22,63,47,4,54
"49","서울","서초운영센터","의료급여",21,16,0,5,7,4,0,0
"50","서울","서초운영센터","경감",173,156,21,27,73,33,2,6
"51","서울","송파운영센터","합계",5637,3837,436,612,1457,1101,231,573
"52","서울","송파운영센터","일반",4521,3009,351,467,1123,859,209,459
"53","서울","송파운영센터","기초수급",641,404,38,57,142,155,12,95
"54","서울","송파운영센터","의료급여",52,30,1,4,14,11,0,12
"55","서울","송파운영센터","경감",423,394,46,84,178,76,10,7
"56","서울","마포운영센터","합계",3720,2264,202,282,707,887,186,512
"57","서울","마포운영센터","일반",2848,1697,155,218,542,635,147,357
"58","서울","마포운영센터","기초수급",532,268,13,22,67,146,20,140
"59","서울","마포운영센터","의료급여",30,22,5,1,3,11,2,3
"60","서울","마포운영센터","경감",310,277,29,41,95,95,17,12
"61","서울","종로운영센터","합계",1885,1238,160,252,392,380,54,199
"62","서울","종로운영센터","일반",1500,998,127,202,327,298,44,136
"63","서울","종로운영센터","기초수급",259,132,14,27,30,57,4,58
"64","서울","종로운영센터","의료급여",11,6,0,2,2,1,1,0
"65","서울","종로운영센터","경감",115,102,19,21,33,24,5,5
"66","서울","용산운영센터","합계",2430,1539,175,259,564,486,55,299
"67","서울","용산운영센터","일반",1881,1226,138,205,464,370,49,199
"68","서울","용산운영센터","기초수급",371,151,12,20,44,72,3,95
"69","서울","용산운영센터","의료급여",20,14,0,2,8,4,0,3
"70","서울","용산운영센터","경감",158,148,25,32,48,40,3,2
"71","서울","성동운영센터","합계",3012,2009,177,280,660,728,164,334
"72","서울","성동운영센터","일반",2283,1504,133,217,483,535,136,251
"73","서울","성동운영센터","기초수급",463,267,21,32,80,113,21,70
"74","서울","성동운영센터","의료급여",16,10,1,1,5,2,1,4
"75","서울","성동운영센터","경감",250,228,22,30,92,78,6,9
"76","서울","중랑운영센터","합계",5442,3715,389,626,1377,1136,187,644
"77","서울","중랑운영센터","일반",3528,2318,221,376,867,715,139,375
"78","서울","중랑운영센터","기초수급",1314,867,114,136,310,276,31,235
"79","서울","중랑운영센터","의료급여",53,37,2,6,17,11,1,11
"80","서울","중랑운영센터","경감",547,493,52,108,183,134,16,23
"81","서울","강북운영센터","합계",4791,3108,200,454,1172,1128,154,766
"82","서울","강북운영센터","일반",3212,2031,120,303,782,713,113,487
"83","서울","강북운영센터","기초수급",1049,622,44,74,206,270,28,255
"84","서울","강북운영센터","의료급여",46,27,2,5,10,8,2,8
"85","서울","강북운영센터","경감",484,428,34,72,174,137,11,16
"86","서울","도봉운영센터","합계",5523,3637,344,550,1278,1180,285,817
"87","서울","도봉운영센터","일반",4045,2561,234,363,914,824,226,596
"88","서울","도봉운영센터","기초수급",796,472,49,73,155,168,27,186
"89","서울","도봉운영센터","의료급여",69,51,5,15,13,17,1,11
"90","서울","도봉운영센터","경감",613,553,56,99,196,171,31,24
"91","서울","은평운영센터","합계",6436,4189,374,691,1570,1285,269,747
"92","서울","은평운영센터","일반",4654,2990,258,498,1118,906,210,498
"93","서울","은평운영센터","기초수급",1116,626,55,94,219,223,35,224
"94","서울","은평운영센터","의료급여",59,34,5,3,17,7,2,8
"95","서울","은평운영센터","경감",607,539,56,96,216,149,22,17
"96","서울","강서운영센터","합계",7861,5510,439,735,2000,2104,232,1003
"97","서울","강서운영센터","일반",4897,3395,278,501,1279,1172,165,543
"98","서울","강서운영센터","기초수급",2098,1360,90,115,432,675,48,409
"99","서울","강서운영센터","의료급여",106,66,6,9,28,19,4,16
"100","서울","강서운영센터","경감",760,689,65,110,261,238,15,35
"101","서울","금천운영센터","합계",3258,1961,168,284,714,671,124,461
"102","서울","금천운영센터","일반",2125,1259,112,188,452,410,97,276
"103","서울","금천운영센터","기초수급",763,370,19,49,122,166,14,169
"104","서울","금천운영센터","의료급여",23,13,2,1,3,6,1,4
"105","서울","금천운영센터","경감",347,319,35,46,137,89,12,12
"106","서울","동작운영센터","합계",4132,2754,249,431,983,951,140,441
"107","서울","동작운영센터","일반",3094,2057,178,311,753,700,115,300
"108","서울","동작운영센터","기초수급",640,339,33,53,91,146,16,132
"109","서울","동작운영센터","의료급여",38,28,3,4,10,10,1,3
"110","서울","동작운영센터","경감",360,330,35,63,129,95,8,6
"111","서울","강남운영센터","합계",4679,2961,366,450,1055,917,173,668
"112","서울","강남운영센터","일반",3523,2302,332,380,806,636,148,419
"113","서울","강남운영센터","기초수급",847,415,20,33,142,202,18,223
"114","서울","강남운영센터","의료급여",56,29,1,6,13,9,0,12
"115","서울","강남운영센터","경감",253,215,13,31,94,70,7,14
"116","서울","강동운영센터","합계",5368,3533,536,508,1302,1018,169,690
"117","서울","강동운영센터","일반",4216,2742,444,395,989,784,130,517
"118","서울","강동운영센터","기초수급",600,298,27,27,113,112,19,151
"119","서울","강동운영센터","의료급여",82,58,12,9,24,9,4,10
"120","서울","강동운영센터","경감",470,435,53,77,176,113,16,12
"121","서울","중구운영센터","합계",1482,872,66,142,340,267,57,283
"122","서울","중구운영센터","일반",1110,686,50,116,264,212,44,175
"123","서울","중구운영센터","기초수급",272,104,9,14,37,36,8,94
"124","서울","중구운영센터","의료급여",12,4,0,0,3,0,1,5
"125","서울","중구운영센터","경감",88,78,7,12,36,19,4,9
"126","부산","부산진구운영센터","합계",5699,3382,344,473,1319,1132,114,1109
"127","부산","부산진구운영센터","일반",4014,2378,239,333,923,784,99,711
"128","부산","부산진구운영센터","기초수급",1083,516,43,72,189,206,6,342
"129","부산","부산진구운영센터","의료급여",85,43,2,5,21,14,1,22
"130","부산","부산진구운영센터","경감",517,445,60,63,186,128,8,34
"131","부산","부산중부운영센터","합계",5958,3341,283,516,1250,1179,113,1334
"132","부산","부산중부운영센터","일반",3587,2039,177,318,757,704,83,693
"133","부산","부산중부운영센터","기초수급",1770,818,70,99,281,344,24,586
"134","부산","부산중부운영센터","의료급여",51,29,5,8,9,7,0,14
"135","부산","부산중부운영센터","경감",550,455,31,91,203,124,6,41
"136","부산","부산사하운영센터","합계",5123,2677,223,354,1013,976,111,899
"137","부산","부산사하운영센터","일반",3326,1700,147,228,638,613,74,513
"138","부산","부산사하운영센터","기초수급",1296,577,30,69,211,237,30,353
"139","부산","부산사하운영센터","의료급여",56,34,3,4,14,12,1,8
"140","부산","부산사하운영센터","경감",445,366,43,53,150,114,6,25
"141","부산","부산동래운영센터","합계",3895,2335,187,344,797,871,136,644
"142","부산","부산동래운영센터","일반",2916,1701,138,241,591,616,115,460
"143","부산","부산동래운영센터","기초수급",593,310,22,47,85,146,10,167
"144","부산","부산동래운영센터","의료급여",42,32,1,4,12,13,2,2
"145","부산","부산동래운영센터","경감",344,292,26,52,109,96,9,15
"146","부산","부산사상운영센터","합계",3089,1617,154,266,493,632,72,655
"147","부산","부산사상운영센터","일반",1960,1024,103,169,321,379,52,357
"148","부산","부산사상운영센터","기초수급",817,359,22,54,99,171,13,266
"149","부산","부산사상운영센터","의료급여",51,26,2,6,4,11,3,10
"150","부산","부산사상운영센터","경감",261,208,27,37,69,71,4,22
"151","부산","부산남부운영센터","합계",7270,3983,350,573,1280,1521,259,1482
"152","부산","부산남부운영센터","일반",5400,2883,261,406,903,1096,217,1071
"153","부산","부산남부운영센터","기초수급",1157,522,36,70,162,233,21,348
"154","부산","부산남부운영센터","의료급여",80,39,5,1,17,13,3,17
"155","부산","부산남부운영센터","경감",633,539,48,96,198,179,18,46
"156","부산","기장운영센터","합계",2801,1773,207,306,680,512,68,381
"157","부산","기장운영센터","일반",1887,1155,129,193,437,346,50,242
"158","부산","기장운영센터","기초수급",586,341,34,49,134,110,14,123
"159","부산","기장운영센터","의료급여",34,19,1,3,8,7,0,5
"160","부산","기장운영센터","경감",294,258,43,61,101,49,4,11
"161","부산","부산연제운영센터","합계",3276,1888,179,322,652,625,110,579
"162","부산","부산연제운영센터","일반",2456,1379,129,234,477,451,88,426
"163","부산","부산연제운영센터","기초수급",503,251,26,34,78,103,10,140
"164","부산","부산연제운영센터","의료급여",23,12,1,4,3,3,1,4
"165","부산","부산연제운영센터","경감",294,246,23,50,94,68,11,9
"166","부산","부산서부운영센터","합계",2247,1196,99,139,398,506,54,475
"167","부산","부산서부운영센터","일반",1516,789,63,89,272,324,41,313
"168","부산","부산서부운영센터","기초수급",509,219,11,24,67,109,8,145
"169","부산","부산서부운영센터","의료급여",24,12,2,2,3,5,0,5
"170","부산","부산서부운영센터","경감",198,176,23,24,56,68,5,12
"171","부산","부산금정운영센터","합계",4178,2212,182,345,777,790,118,865
"172","부산","부산금정운영센터","일반",3029,1568,120,221,568,570,89,570
"173","부산","부산금정운영센터","기초수급",764,344,35,62,101,124,22,256
"174","부산","부산금정운영센터","의료급여",45,23,6,4,5,6,2,10
"175","부산","부산금정운영센터","경감",340,277,21,58,103,90,5,29
"176","부산","부산북부운영센터","합계",5171,2850,209,431,948,1182,80,1115
"177","부산","부산북부운영센터","일반",3186,1824,132,291,614,724,63,567
"178","부산","부산북부운영센터","기초수급",1535,658,36,76,198,338,10,519
"179","부산","부산북부운영센터","의료급여",65,32,3,5,9,15,0,13
"180","부산","부산북부운영센터","경감",385,336,38,59,127,105,7,16
"181","부산","해운대운영센터","합계",5919,3269,277,413,1123,1308,148,1342
"182","부산","해운대운영센터","일반",4072,2276,192,276,793,898,117,786
"183","부산","해운대운영센터","기초수급",1296,545,43,62,170,247,23,497
"184","부산","해운대운영센터","의료급여",75,38,3,1,16,18,0,21
"185","부산","해운대운영센터","경감",476,410,39,74,144,145,8,38
"186","대구","대구달서운영센터","합계",7200,4379,301,598,1683,1460,337,1126
"187","대구","대구달서운영센터","일반",4687,2835,201,386,1092,903,253,670
"188","대구","대구달서운영센터","기초수급",1647,838,43,94,293,347,61,398
"189","대구","대구달서운영센터","의료급여",143,81,5,13,27,30,6,21
"190","대구","대구달서운영센터","경감",723,625,52,105,271,180,17,37
"191","대구","대구중부운영센터","합계",5579,3359,325,564,1297,973,200,1057
"192","대구","대구중부운영센터","일반",3750,2194,193,371,852,624,154,687
"193","대구","대구중부운영센터","기초수급",1126,586,69,99,196,193,29,312
"194","대구","대구중부운영센터","의료급여",85,55,4,3,25,20,3,16
"195","대구","대구중부운영센터","경감",618,524,59,91,224,136,14,42
"196","대구","대구동부운영센터","합계",6025,3775,288,545,1450,1259,233,1079
"197","대구","대구동부운영센터","일반",3938,2442,173,351,942,802,174,653
"198","대구","대구동부운영센터","기초수급",1356,724,69,99,259,256,41,368
"199","대구","대구동부운영센터","의료급여",86,49,3,7,20,17,2,17
"200","대구","대구동부운영센터","경감",645,560,43,88,229,184,16,41
"201","대구","달성운영센터","합계",3118,1990,196,321,738,636,99,495
"202","대구","달성운영센터","일반",2190,1323,104,203,491,448,77,359
"203","대구","달성운영센터","기초수급",531,322,51,57,110,90,14,114
"204","대구","달성운영센터","의료급여",45,30,5,6,7,11,1,8
"205","대구","달성운영센터","경감",352,315,36,55,130,87,7,14
"206","대구","대구남부운영센터","합계",3740,2253,199,426,958,590,80,634
"207","대구","대구남부운영센터","일반",2482,1470,132,278,621,381,58,376
"208","대구","대구남부운영센터","기초수급",801,398,34,71,164,114,15,222
"209","대구","대구남부운영센터","의료급여",64,41,4,2,20,14,1,13
"210","대구","대구남부운영센터","경감",393,344,29,75,153,81,6,23
"211","대구","대구북부운영센터","합계",6289,3694,285,599,1298,1249,263,1207
"212","대구","대구북부운영센터","일반",4269,2466,186,374,854,847,205,776
"213","대구","대구북부운영센터","기초수급",1227,583,39,94,206,211,33,365
"214","대구","대구북부운영센터","의료급여",98,60,4,7,21,22,6,19
"215","대구","대구북부운영센터","경감",695,585,56,124,217,169,19,47
"216","대구","대구수성운영센터","합계",5627,2981,215,414,907,1085,360,1298
"217","대구","대구수성운영센터","일반",3978,2151,149,289,675,755,283,823
"218","대구","대구수성운영센터","기초수급",1155,452,40,61,108,197,46,414
"219","대구","대구수성운영센터","의료급여",83,45,2,6,15,20,2,22
"220","대구","대구수성운영센터","경감",411,333,24,58,109,113,29,39
"221","인천","인천중부운영센터","합계",3797,2343,146,331,850,890,126,824
"222","인천","인천중부운영센터","일반",2513,1487,89,213,539,559,87,554
"223","인천","인천중부운영센터","기초수급",811,443,24,58,147,185,29,241
"224","인천","인천중부운영센터","의료급여",47,30,2,2,12,12,2,9
"225","인천","인천중부운영센터","경감",426,383,31,58,152,134,8,20
"226","인천","인천남구운영센터","합계",7111,4924,375,793,1971,1636,149,1102
"227","인천","인천남구운영센터","일반",4849,3248,243,505,1317,1064,119,761
"228","인천","인천남구운영센터","기초수급",1322,825,64,136,293,313,19,310
"229","인천","인천남구운영센터","의료급여",66,46,1,6,21,18,0,12
"230","인천","인천남구운영센터","경감",874,805,67,146,340,241,11,19
"231","인천","인천연수구운영센터","합계",3423,2200,182,285,758,862,113,576
"232","인천","인천연수구운영센터","일반",2274,1507,131,187,555,551,83,309
"233","인천","인천연수운영센터","기초수급",818,404,17,43,101,217,26,248
"234","인천","인천연수구운영센터","의료급여",39,25,1,2,8,13,1,6
"235","인천","인천연수구운영센터","경감",292,264,33,53,94,81,3,13
"236","인천","인천계양운영센터","합계",4672,3061,222,466,1085,1133,155,800
"237","인천","인천계양운영센터","일반",3210,1984,142,285,687,758,112,592
"238","인천","인천계양운영센터","기초수급",879,560,34,79,209,218,20,175
"239","인천","인천계양운영센터","의료급여",46,28,1,4,7,10,6,7
"240","인천","인천계양운영센터","경감",537,489,45,98,182,147,17,26
"241","인천","인천서구운영센터","합계",6132,4390,289,619,1729,1535,218,727
"242","인천","인천서구운영센터","일반",4219,2880,176,377,1130,1019,178,518
"243","인천","인천서구운영센터","기초수급",1087,749,46,113,283,280,27,186
"244","인천","인천서구운영센터","의료급여",53,31,1,4,16,10,0,11
"245","인천","인천서구운영센터","경감",773,730,66,125,300,226,13,12
"246","인천","강화운영센터","합계",2536,1704,86,281,659,636,42,526
"247","인천","강화운영센터","일반",1742,1160,51,182,451,439,37,339
"248","인천","강화운영센터","기초수급",537,317,26,49,124,116,2,171
"249","인천","강화운영센터","의료급여",22,16,1,6,5,4,0,4
"250","인천","강화운영센터","경감",235,211,8,44,79,77,3,12
"251","인천","인천남동운영센터","합계",7897,5547,450,890,2065,1946,196,1028
"252","인천","인천남동운영센터","일반",5223,3587,293,587,1342,1220,145,640
"253","인천","인천남동운영센터","기초수급",1736,1113,103,147,380,450,33,355
"254","인천","인천남동운영센터","의료급여",98,64,1,8,22,28,5,12
"255","인천","인천남동운영센터","경감",840,783,53,148,321,248,13,21
"256","인천","인천부평운영센터","합계",8634,5655,404,765,2091,2129,266,1396
"257","인천","인천부평운영센터","일반",5573,3584,245,467,1330,1357,185,835
"258","인천","인천부평운영센터","기초수급",2069,1185,79,162,398,491,55,517
"259","인천","인천부평운영센터","의료급여",91,54,5,9,20,17,3,16
"260","인천","인천부평운영센터","경감",901,832,75,127,343,264,23,28
"261","광주","광주북부운영센터","합계",8519,4652,266,543,1441,2136,266,2210
"262","광주","광주북부운영센터","일반",5747,3140,173,377,978,1410,202,1346
"263","광주","광주북부운영센터","기초수급",1731,711,41,61,192,374,43,743
"264","광주","광주북부운영센터","의료급여",159,83,11,8,25,38,1,37
"265","광주","광주북부운영센터","경감",882,718,41,97,246,314,20,84
"266","광주","광주서부운영센터","합계",10986,6015,363,633,1983,2675,361,2916
"267","광주","광주서부운영센터","일반",7407,4041,246,415,1324,1780,276,1749
"268","광주","광주서부운영센터","기초수급",2218,946,54,88,287,458,59,981
"269","광주","광주서부운영센터","의료급여",216,122,6,18,46,48,4,52
"270","광주","광주서부운영센터","경감",1145,906,57,112,326,389,22,134
"271","광주","광주동부운영센터","합계",7617,4080,277,401,1376,1740,286,1977
"272","광주","광주동부운영센터","일반",5429,2833,187,259,935,1228,224,1380
"273","광주","광주동부운영센터","기초수급",1332,591,40,65,193,253,40,491
"274","광주","광주동부운영센터","의료급여",164,91,5,5,38,39,4,45
"275","광주","광주동부운영센터","경감",692,565,45,72,210,220,18,61
"276","대전","대전동부운영센터","합계",8803,5121,359,710,1635,2039,378,1874
"277","대전","대전동부운영센터","일반",5589,3228,225,417,1026,1276,284,1086
"278","대전","대전동부운영센터","기초수급",2043,922,59,136,259,414,54,692
"279","대전","대전동부운영센터","의료급여",129,83,12,10,23,31,7,23
"280","대전","대전동부운영센터","경감",1042,888,63,147,327,318,33,73
"281","대전","대전유성운영센터","합계",4049,2544,221,350,948,853,172,667
"282","대전","대전유성운영센터","일반",3122,1912,167,260,720,612,153,504
"283","대전","대전유성운영센터","기초수급",513,278,18,34,92,124,10,143
"284","대전","대전유성운영센터","의료급여",65,50,3,8,11,25,3,7
"285","대전","대전유성운영센터","경감",349,304,33,48,125,92,6,13
"286","대전","대전중부운영센터","합계",5890,3741,331,481,1521,1226,182,961
"287","대전","대전중부운영센터","일반",4178,2556,229,319,1047,821,140,679
"288","대전","대전중부운영센터","기초수급",984,574,47,71,204,222,30,227
"289","대전","대전중부운영센터","의료급여",64,40,3,4,18,13,2,9
"290","대전","대전중부운영센터","경감",664,571,52,87,252,170,10,46
"291","대전","대전서부운영센터","합계",6992,4337,263,501,1363,1801,409,1324
"292","대전","대전서부운영센터","일반",5100,3099,184,340,946,1297,332,941
"293","대전","대전서부운영센터","기초수급",1124,570,37,73,171,252,37,343
"294","대전","대전서부운영센터","의료급여",89,53,2,9,18,18,6,13
"295","대전","대전서부운영센터","경감",679,615,40,79,228,234,34,27
"296","울산","울산중부운영센터","합계",4002,2463,211,367,1042,759,84,561
"297","울산","울산중부운영센터","일반",3045,1889,163,283,807,566,70,335
"298","울산","울산중부운영센터","기초수급",651,316,18,42,121,125,10,207
"299","울산","울산중부운영센터","의료급여",32,18,0,0,9,8,1,5
"300","울산","울산중부운영센터","경감",274,240,30,42,105,60,3,14
"301","울산","울산동부운영센터","합계",1388,812,67,119,313,281,32,214
"302","울산","울산동부운영센터","일반",1033,601,53,83,242,198,25,129
"303","울산","울산동부운영센터","기초수급",278,140,8,20,49,58,5,82
"304","울산","울산동부운영센터","의료급여",10,8,0,3,2,3,0,1
"305","울산","울산동부운영센터","경감",67,63,6,13,20,22,2,2
"306","울산","울주운영센터","합계",3344,2029,219,333,776,625,76,497
"307","울산","울주운영센터","일반",2508,1501,166,236,568,466,65,338
"308","울산","울주운영센터","기초수급",556,289,29,54,113,88,5,148
"309","울산","울주운영센터","의료급여",36,21,2,1,8,10,0,6
"310","울산","울주운영센터","경감",244,218,22,42,87,61,6,5
"311","울산","울산남부운영센터","합계",2942,1632,144,248,644,513,83,411
"312","울산","울산남부운영센터","일반",2225,1233,112,188,491,380,62,266
"313","울산","울산남부운영센터","기초수급",496,231,14,30,86,87,14,135
"314","울산","울산남부운영센터","의료급여",39,21,4,3,7,6,1,7
"315","울산","울산남부운영센터","경감",182,147,14,27,60,40,6,3
"316","경기","수원동부운영센터","합계",5109,3232,373,532,1218,946,163,688
"317","경기","수원동부운영센터","일반",3676,2365,274,388,892,674,137,417
"318","경기","수원동부운영센터","기초수급",899,391,40,40,137,157,17,255
"319","경기","수원동부운영센터","의료급여",51,33,3,9,10,7,4,5
"320","경기","수원동부운영센터","경감",483,443,56,95,179,108,5,11
"321","경기","성남남부운영센터","합계",5790,3994,617,610,1398,1175,194,703
"322","경기","성남남부운영센터","일반",4462,3173,516,511,1096,889,161,398
"323","경기","성남남부운영센터","기초수급",977,516,47,60,173,209,27,292
"324","경기","성남남부운영센터","의료급여",42,30,3,5,6,15,1,4
"325","경기","성남남부운영센터","경감",309,275,51,34,123,62,5,9
"326","경기","의정부운영센터","합계",8091,5794,396,906,2320,1829,343,1068
"327","경기","의정부운영센터","일반",5225,3608,238,577,1425,1124,244,679
"328","경기","의정부운영센터","기초수급",1613,1050,67,147,409,362,65,336
"329","경기","의정부운영센터","의료급여",84,55,3,12,18,19,3,7
"330","경기","의정부운영센터","경감",1169,1081,88,170,468,324,31,46
"331","경기","부천북부운영센터","합계",9588,6234,485,856,2302,2201,390,1601
"332","경기","부천북부운영센터","일반",6454,4107,302,567,1490,1436,312,992
"333","경기","부천북부운영센터","기초수급",1804,942,71,122,338,362,49,548
"334","경기","부천북부운영센터","의료급여",117,68,4,7,20,35,2,23
"335","경기","부천북부운영센터","경감",1213,1117,108,160,454,368,27,38
"336","경기","광명운영센터","합계",3842,2319,175,301,796,900,147,684
"337","경기","광명운영센터","일반",2782,1631,108,200,559,644,120,466
"338","경기","광명운영센터","기초수급",639,336,33,41,105,143,14,187
"339","경기","광명운영센터","의료급여",59,34,2,4,14,12,2,12
"340","경기","광명운영센터","경감",362,318,32,56,118,101,11,19
"341","경기","평택운영센터","합계",5929,4075,212,560,1749,1387,167,716
"342","경기","평택운영센터","일반",4390,2979,153,410,1258,1020,138,485
"343","경기","평택운영센터","기초수급",933,570,36,68,227,223,16,197
"344","경기","평택운영센터","의료급여",48,26,1,3,13,8,1,10
"345","경기","평택운영센터","경감",558,500,22,79,251,136,12,24
"346","경기","동두천운영센터","합계",3038,1926,181,248,692,575,230,664
"347","경기","동두천운영센터","일반",1933,1168,115,133,416,342,162,426
"348","경기","동두천운영센터","기초수급",644,360,37,53,119,106,45,197
"349","경기","동두천운영센터","의료급여",26,21,1,5,7,5,3,2
"350","경기","동두천운영센터","경감",435,377,28,57,150,122,20,39
"351","경기","연천운영센터","합계",1105,739,36,78,275,249,101,208
"352","경기","연천운영센터","일반",634,395,17,41,160,124,53,119
"353","경기","연천운영센터","기초수급",338,229,12,23,69,84,41,77
"354","경기","연천운영센터","의료급여",16,12,0,2,1,7,2,2
"355","경기","연천운영센터","경감",117,103,7,12,45,34,5,10
"356","경기","안산운영센터","합계",8837,5472,437,699,1985,1803,548,1271
"357","경기","안산운영센터","일반",5815,3487,246,439,1273,1136,393,816
"358","경기","안산운영센터","기초수급",1859,980,93,96,336,353,102,393
"359","경기","안산운영센터","의료급여",77,43,5,9,16,12,1,16
"360","경기","안산운영센터","경감",1086,962,93,155,360,302,52,46
"361","경기","과천운영센터","합계",666,452,39,62,166,149,36,85
"362","경기","과천운영센터","일반",526,355,29,49,122,124,31,62
"363","경기","과천운영센터","기초수급",89,53,7,8,23,13,2,22
"364","경기","과천운영센터","의료급여",5,2,0,1,1,0,0,1
"365","경기","과천운영센터","경감",46,42,3,4,20,12,3,0
"366","경기","남양주운영센터","합계",9671,7012,499,977,2545,2353,638,1065
"367","경기","남양주운영센터","일반",6857,4749,314,632,1745,1576,482,801
"368","경기","남양주운영센터","기초수급",1439,1017,69,134,337,381,96,214
"369","경기","남양주운영센터","의료급여",103,73,8,12,26,24,3,14
"370","경기","남양주운영센터","경감",1272,1173,108,199,437,372,57,36
"371","경기","가평운영센터","합계",1815,1222,112,130,467,414,99,311
"372","경기","가평운영센터","일반",1069,683,25,52,260,270,76,189
"373","경기","가평운영센터","기초수급",583,393,76,64,152,90,11,112
"374","경기","가평운영센터","의료급여",16,11,2,2,3,1,3,2
"375","경기","가평운영센터","경감",147,135,9,12,52,53,9,8
"376","경기","오산운영센터","합계",2002,1372,133,227,484,479,49,265
"377","경기","오산운영센터","일반",1409,950,88,158,336,328,40,166
"378","경기","오산운영센터","기초수급",337,187,20,23,62,76,6,89
"379","경기","오산운영센터","의료급여",19,14,1,1,4,8,0,2
"380","경기","오산운영센터","경감",237,221,24,45,82,67,3,8
"381","경기","군포운영센터","합계",3835,2449,215,380,988,732,134,624
"382","경기","군포운영센터","일반",2670,1764,143,262,714,530,115,360
"383","경기","군포운영센터","기초수급",758,348,39,58,127,115,9,241
"384","경기","군포운영센터","의료급여",46,23,2,2,10,8,1,10
"385","경기","군포운영센터","경감",361,314,31,58,137,79,9,13
"386","경기","의왕운영센터","합계",1987,1402,162,214,520,439,67,178
"387","경기","의왕운영센터","일반",1529,1049,134,158,385,320,52,142
"388","경기","의왕운영센터","기초수급",222,140,7,20,46,57,10,29
"389","경기","의왕운영센터","의료급여",18,9,0,1,5,3,0,2
"390","경기","의왕운영센터","경감",218,204,21,35,84,59,5,5
"391","경기","하남운영센터","합계",2398,1659,128,282,632,492,125,367
"392","경기","하남운영센터","일반",1747,1212,84,210,463,354,101,246
"393","경기","하남운영센터","기초수급",326,156,17,24,51,54,10,102
"394","경기","하남운영센터","의료급여",23,17,1,1,9,5,1,5
"395","경기","하남운영센터","경감",302,274,26,47,109,79,13,14
"396","경기","파주운영센터","합계",6673,4232,231,472,1413,1614,502,1084
"397","경기","파주운영센터","일반",4633,2824,152,309,923,1059,381,758
"398","경기","파주운영센터","기초수급",1243,708,35,75,236,294,68,291
"399","경기","파주운영센터","의료급여",56,29,0,4,10,8,7,12
"400","경기","파주운영센터","경감",741,671,44,84,244,253,46,23
"401","경기","이천운영센터","합계",3608,2261,152,298,945,766,100,644
"402","경기","이천운영센터","일반",2592,1551,104,199,638,531,79,469
"403","경기","이천운영센터","기초수급",601,331,20,51,127,125,8,160
"404","경기","이천운영센터","의료급여",37,28,1,3,12,10,2,3
"405","경기","이천운영센터","경감",378,351,27,45,168,100,11,12
"406","경기","김포운영센터","합계",3999,2850,161,360,1029,1152,148,488
"407","경기","김포운영센터","일반",2987,2067,115,242,754,834,122,349
"408","경기","김포운영센터","기초수급",575,379,23,48,126,171,11,128
"409","경기","김포운영센터","의료급여",43,36,0,7,17,10,2,4
"410","경기","김포운영센터","경감",394,368,23,63,132,137,13,7
"411","경기","화성운영센터","합계",6316,4291,312,604,1580,1575,220,819
"412","경기","화성운영센터","일반",4715,3084,229,437,1140,1104,174,625
"413","경기","화성운영센터","기초수급",867,538,44,83,176,216,19,177
"414","경기","화성운영센터","의료급여",47,36,0,6,16,11,3,5
"415","경기","화성운영센터","경감",687,633,39,78,248,244,24,12
"416","경기","경기광주운영센터","합계",4065,2890,245,484,1303,788,70,454
"417","경기","경기광주운영센터","일반",3014,2112,178,348,947,585,54,331
"418","경기","경기광주운영센터","기초수급",529,295,32,39,130,87,7,113
"419","경기","경기광주운영센터","의료급여",36,24,0,4,11,9,0,1
"420","경기","경기광주운영센터","경감",486,459,35,93,215,107,9,9
"421","경기","포천운영센터","합계",4328,2589,169,275,971,945,229,984
"422","경기","포천운영센터","일반",2803,1623,103,157,627,569,167,621
"423","경기","포천운영센터","기초수급",929,440,33,47,152,170,38,323
"424","경기","포천운영센터","의료급여",39,28,0,3,8,13,4,4
"425","경기","포천운영센터","경감",557,498,33,68,184,193,20,36
"426","경기","양평운영센터","합계",2889,2084,157,278,814,747,88,435
"427","경기","양평운영센터","일반",2072,1431,102,198,560,500,71,339
"428","경기","양평운영센터","기초수급",429,297,19,43,111,116,8,81
"429","경기","양평운영센터","의료급여",24,16,1,5,4,6,0,5
"430","경기","양평운영센터","경감",364,340,35,32,139,125,9,10
"431","경기","수원서부운영센터","합계",7990,5481,544,986,2218,1543,190,809
"432","경기","수원서부운영센터","일반",5630,3887,369,677,1566,1117,158,496
"433","경기","수원서부운영센터","기초수급",1233,588,66,107,213,186,16,275
"434","경기","수원서부운영센터","의료급여",280,201,18,21,88,66,8,23
"435","경기","수원서부운영센터","경감",847,805,91,181,351,174,8,15
"436","경기","성남북부운영센터","합계",6188,4199,418,644,1734,1242,161,740
"437","경기","성남북부운영센터","일반",4182,2763,283,419,1146,802,113,471
"438","경기","성남북부운영센터","기초수급",1155,673,52,94,248,244,35,246
"439","경기","성남북부운영센터","의료급여",63,38,4,6,16,10,2,5
"440","경기","성남북부운영센터","경감",788,725,79,125,324,186,11,18
"441","경기","양주운영센터","합계",3939,2589,145,306,982,935,221,662
"442","경기","양주운영센터","일반",2658,1660,89,186,624,607,154,446
"443","경기","양주운영센터","기초수급",740,453,25,52,172,159,45,182
"444","경기","양주운영센터","의료급여",30,21,0,3,5,10,3,1
"445","경기","양주운영센터","경감",511,455,31,65,181,159,19,33
"446","경기","부천남부운영센터","합계",3636,2514,217,357,1105,774,61,465
"447","경기","부천남부운영센터","일반",2593,1728,155,247,794,488,44,327
"448","경기","부천남부운영센터","기초수급",533,323,19,33,123,137,11,119
"449","경기","부천남부운영센터","의료급여",43,33,1,7,11,14,0,7
"450","경기","부천남부운영센터","경감",467,430,42,70,177,135,6,12
"451","경기","시흥운영센터","합계",5264,3169,236,437,1054,1182,260,978
"452","경기","시흥운영센터","일반",3705,2178,146,290,707,838,197,685
"453","경기","시흥운영센터","기초수급",930,448,38,60,150,169,31,258
"454","경기","시흥운영센터","의료급여",47,27,2,4,11,8,2,11
"455","경기","시흥운영센터","경감",582,516,50,83,186,167,30,24
"456","경기","안성운영센터","합계",3881,2777,241,480,1098,824,134,481
"457","경기","안성운영센터","일반",2701,1946,170,330,772,567,107,298
"458","경기","안성운영센터","기초수급",732,422,33,73,155,144,17,167
"459","경기","안성운영센터","의료급여",29,18,2,1,6,8,1,4
"460","경기","안성운영센터","경감",419,391,36,76,165,105,9,12
"461","경기","구리운영센터","합계",2441,1644,160,273,595,517,99,265
"462","경기","구리운영센터","일반",1632,1087,113,178,389,336,71,154
"463","경기","구리운영센터","기초수급",495,286,17,36,105,114,14,100
"464","경기","구리운영센터","의료급여",22,15,0,3,4,7,1,2
"465","경기","구리운영센터","경감",292,256,30,56,97,60,13,9
"466","경기","여주운영센터","합계",3171,1968,234,370,687,583,94,437
"467","경기","여주운영센터","일반",2192,1295,138,241,442,406,68,306
"468","경기","여주운영센터","기초수급",580,311,49,45,108,91,18,119
"469","경기","여주운영센터","의료급여",34,25,2,4,12,6,1,3
"470","경기","여주운영센터","경감",365,337,45,80,125,80,7,9
"471","경기","고양일산운영센터","합계",9233,6551,567,869,2280,2252,583,1038
"472","경기","고양일산운영센터","일반",7127,4945,431,656,1702,1681,475,796
"473","경기","고양일산운영센터","기초수급",1095,715,39,92,238,284,62,210
"474","경기","고양일산운영센터","의료급여",86,53,6,4,16,21,6,7
"475","경기","고양일산운영센터","경감",925,838,91,117,324,266,40,25
"476","경기","고양덕양운영센터","합계",6653,4553,365,610,1638,1553,387,857
"477","경기","고양덕양운영센터","일반",4662,3102,243,405,1089,1056,309,607
"478","경기","고양덕양운영센터","기초수급",1112,669,52,79,235,254,49,207
"479","경기","고양덕양운영센터","의료급여",69,53,5,7,18,16,7,6
"480","경기","고양덕양운영센터","경감",810,729,65,119,296,227,22,37
"481","경기","안양운영센터","합계",7026,4702,358,690,1800,1573,281,1019
"482","경기","안양운영센터","일반",5353,3500,240,518,1316,1194,232,772
"483","경기","안양운영센터","기초수급",889,502,56,63,171,186,26,215
"484","경기","안양운영센터","의료급여",73,53,4,3,26,16,4,6
"485","경기","안양운영센터","경감",711,647,58,106,287,177,19,26
"486","경기","용인동부운영센터","합계",4062,2991,293,472,1166,975,85,366
"487","경기","용인동부운영센터","일반",2994,2155,199,322,844,714,76,278
"488","경기","용인동부운영센터","기초수급",575,382,43,73,127,137,2,81
"489","경기","용인동부운영센터","의료급여",29,20,0,6,7,6,1,1
"490","경기","용인동부운영센터","경감",464,434,51,71,188,118,6,6
"491","경기","용인서부운영센터","합계",9002,6525,794,1008,2588,1805,330,745
"492","경기","용인서부운영센터","일반",7469,5389,655,819,2141,1473,301,618
"493","경기","용인서부운영센터","기초수급",679,357,39,56,112,132,18,112
"494","경기","용인서부운영센터","의료급여",64,48,5,6,19,16,2,9
"495","경기","용인서부운영센터","경감",790,731,95,127,316,184,9,6
"496","강원","춘천운영센터","합계",6554,4229,465,737,1464,1367,196,1183
"497","강원","춘천운영센터","일반",4261,2686,282,494,915,848,147,719
"498","강원","춘천운영센터","기초수급",1456,836,103,129,267,300,37,397
"499","강원","춘천운영센터","의료급여",112,66,7,7,24,27,1,22
"500","강원","춘천운영센터","경감",725,641,73,107,258,192,11,45
"501","강원","철원운영센터","합계",1073,536,31,81,181,217,26,294
"502","강원","철원운영센터","일반",657,329,17,41,117,137,17,158
"503","강원","철원운영센터","기초수급",299,113,8,20,29,49,7,124
"504","강원","철원운영센터","의료급여",12,5,0,2,3,0,0,2
"505","강원","철원운영센터","경감",105,89,6,18,32,31,2,10
"506","강원","화천운영센터","합계",568,344,30,46,125,138,5,170
"507","강원","화천운영센터","일반",323,197,11,20,72,89,5,89
"508","강원","화천운영센터","기초수급",165,81,12,15,29,25,0,72
"509","강원","화천운영센터","의료급여",12,8,1,1,5,1,0,3
"510","강원","화천운영센터","경감",68,58,6,10,19,23,0,6
"511","강원","원주운영센터","합계",5836,3732,465,691,1280,1106,190,1084
"512","강원","원주운영센터","일반",3957,2409,311,435,810,702,151,754
"513","강원","원주운영센터","기초수급",1102,642,70,125,220,204,23,283
"514","강원","원주운영센터","의료급여",91,60,14,9,19,15,3,16
"515","강원","원주운영센터","경감",686,621,70,122,231,185,13,31
"516","강원","횡성운영센터","합계",1373,803,65,134,271,279,54,310
"517","강원","횡성운영센터","일반",901,499,29,74,175,178,43,207
"518","강원","횡성운영센터","기초수급",258,121,15,20,36,45,5,82
"519","강원","횡성운영센터","의료급여",22,14,0,4,4,5,1,4
"520","강원","횡성운영센터","경감",192,169,21,36,56,51,5,17
"521","강원","강릉운영센터","합계",5327,3796,352,722,1609,1010,103,606
"522","강원","강릉운영센터","일반",3457,2410,225,476,999,633,77,356
"523","강원","강릉운영센터","기초수급",1089,679,57,122,279,205,16,218
"524","강원","강릉운영센터","의료급여",80,63,7,8,27,21,0,6
"525","강원","강릉운영센터","경감",701,644,63,116,304,151,10,26
"526","강원","태백운영센터","합계",983,595,70,107,218,184,16,275
"527","강원","태백운영센터","일반",601,360,49,63,128,109,11,162
"528","강원","태백운영센터","기초수급",250,128,8,26,45,46,3,97
"529","강원","태백운영센터","의료급여",16,8,0,1,1,6,0,5
"530","강원","태백운영센터","경감",116,99,13,17,44,23,2,11
"531","강원","정선운영센터","합계",882,567,73,80,213,192,9,184
"532","강원","정선운영센터","일반",564,335,36,45,130,115,9,125
"533","강원","정선운영센터","기초수급",205,132,22,18,41,51,0,50
"534","강원","정선운영센터","의료급여",17,12,1,1,7,3,0,5
"535","강원","정선운영센터","경감",96,88,14,16,35,23,0,4
"536","강원","속초운영센터","합계",1736,1228,177,215,457,339,40,229
"537","강원","속초운영센터","일반",978,670,98,112,247,184,29,110
"538","강원","속초운영센터","기초수급",507,332,46,52,128,96,10,104
"539","강원","속초운영센터","의료급여",27,17,3,3,4,7,0,7
"540","강원","속초운영센터","경감",224,209,30,48,78,52,1,8
"541","강원","강원고성운영센터","합계",793,509,74,94,190,136,15,125
"542","강원","강원고성운영센터","일반",466,286,37,50,106,80,13,72
"543","강원","강원고성운영센터","기초수급",233,140,27,21,50,40,2,49
"544","강원","강원고성운영센터","의료급여",7,5,0,0,3,2,0,0
"545","강원","강원고성운영센터","경감",87,78,10,23,31,14,0,4
"546","강원","양양운영센터","합계",949,560,49,108,209,180,14,202
"547","강원","양양운영센터","일반",565,305,26,56,115,97,11,117
"548","강원","양양운영센터","기초수급",245,135,13,24,52,43,3,71
"549","강원","양양운영센터","의료급여",11,7,0,0,3,4,0,2
"550","강원","양양운영센터","경감",128,113,10,28,39,36,0,12
"551","강원","삼척운영센터","합계",1830,1109,71,133,465,409,31,487
"552","강원","삼척운영센터","일반",1174,684,46,88,274,253,23,307
"553","강원","삼척운영센터","기초수급",403,220,9,20,98,89,4,141
"554","강원","삼척운영센터","의료급여",41,19,1,0,7,10,1,18
"555","강원","삼척운영센터","경감",212,186,15,25,86,57,3,21
"556","강원","평창운영센터","합계",958,623,68,88,269,182,16,164
"557","강원","평창운영센터","일반",662,408,49,61,183,104,11,114
"558","강원","평창운영센터","기초수급",164,99,6,10,42,39,2,41
"559","강원","평창운영센터","의료급여",20,15,1,1,5,6,2,3
"560","강원","평창운영센터","경감",112,101,12,16,39,33,1,6
"561","강원","영월운영센터","합계",1338,862,91,128,385,245,13,267
"562","강원","영월운영센터","일반",913,554,54,82,241,165,12,196
"563","강원","영월운영센터","기초수급",232,137,12,19,65,40,1,65
"564","강원","영월운영센터","의료급여",25,17,1,5,9,2,0,3
"565","강원","영월운영센터","경감",168,154,24,22,70,38,0,3
"566","강원","홍천운영센터","합계",1734,949,87,171,335,297,59,341
"567","강원","홍천운영센터","일반",1250,654,49,114,253,188,50,248
"568","강원","홍천운영센터","기초수급",291,124,22,25,36,37,4,87
"569","강원","홍천운영센터","의료급여",26,15,1,1,6,7,0,2
"570","강원","홍천운영센터","경감",167,156,15,31,40,65,5,4
"571","강원","인제운영센터","합계",623,313,33,52,133,89,6,163
"572","강원","인제운영센터","일반",341,168,17,25,72,49,5,78
"573","강원","인제운영센터","기초수급",203,82,9,16,36,21,0,82
"574","강원","인제운영센터","의료급여",10,6,0,0,5,1,0,0
"575","강원","인제운영센터","경감",69,57,7,11,20,18,1,3
"576","강원","양구운영센터","합계",617,318,42,41,105,119,11,163
"577","강원","양구운영센터","일반",336,165,24,20,57,57,7,95
"578","강원","양구운영센터","기초수급",199,90,10,12,27,39,2,54
"579","강원","양구운영센터","의료급여",13,8,2,0,3,3,0,3
"580","강원","양구운영센터","경감",69,55,6,9,18,20,2,11
"581","강원","동해운영센터","합계",1929,1255,164,259,504,290,38,314
"582","강원","동해운영센터","일반",1253,816,105,177,315,188,31,177
"583","강원","동해운영센터","기초수급",432,235,27,35,101,67,5,119
"584","강원","동해운영센터","의료급여",36,20,3,3,10,4,0,6
"585","강원","동해운영센터","경감",208,184,29,44,78,31,2,12
"586","충북","청주서부운영센터","합계",5330,3692,360,724,1465,941,202,637
"587","충북","청주서부운영센터","일반",4016,2709,254,518,1085,675,177,461
"588","충북","청주서부운영센터","기초수급",704,434,48,76,169,129,12,153
"589","충북","청주서부운영센터","의료급여",78,54,5,3,26,18,2,9
"590","충북","청주서부운영센터","경감",532,495,53,127,185,119,11,14
"591","충북","충주운영센터","합계",3996,2331,172,392,834,820,113,722
"592","충북","충주운영센터","일반",2840,1581,117,239,554,579,92,509
"593","충북","충주운영센터","기초수급",703,360,30,61,130,130,9,188
"594","충북","충주운영센터","의료급여",73,48,2,6,25,14,1,13
"595","충북","충주운영센터","경감",380,342,23,86,125,97,11,12
"596","충북","제천운영센터","합계",2768,1638,155,322,577,496,88,551
"597","충북","제천운영센터","일반",1826,1082,103,217,378,319,65,308
"598","충북","제천운영센터","기초수급",596,266,24,43,106,85,8,211
"599","충북","제천운영센터","의료급여",41,21,2,4,6,6,3,12
"600","충북","제천운영센터","경감",305,269,26,58,87,86,12,20
"601","충북","단양운영센터","합계",973,589,43,96,216,213,21,195
"602","충북","단양운영센터","일반",641,368,21,54,139,137,17,134
"603","충북","단양운영센터","기초수급",202,107,9,18,37,42,1,56
"604","충북","단양운영센터","의료급여",11,7,2,0,2,3,0,3
"605","충북","단양운영센터","경감",119,107,11,24,38,31,3,2
"606","충북","옥천운영센터","합계",1885,990,45,113,345,411,76,421
"607","충북","옥천운영센터","일반",1342,641,23,70,219,273,56,305
"608","충북","옥천운영센터","기초수급",324,165,14,17,59,63,12,98
"609","충북","옥천운영센터","의료급여",16,9,0,0,3,5,1,4
"610","충북","옥천운영센터","경감",203,175,8,26,64,70,7,14
"611","충북","보은운영센터","합계",1253,659,52,131,256,205,15,280
"612","충북","보은운영센터","일반",882,432,26,82,169,141,14,201
"613","충북","보은운영센터","기초수급",235,118,11,23,50,33,1,72
"614","충북","보은운영센터","의료급여",16,4,0,2,1,1,0,4
"615","충북","보은운영센터","경감",120,105,15,24,36,30,0,3
"616","충북","영동운영센터","합계",2226,1269,63,129,368,562,147,530
"617","충북","영동운영센터","일반",1530,806,34,75,222,373,102,383
"618","충북","영동운영센터","기초수급",361,193,17,18,54,83,21,106
"619","충북","영동운영센터","의료급여",41,21,1,0,7,10,3,11
"620","충북","영동운영센터","경감",294,249,11,36,85,96,21,30
"621","충북","진천운영센터","합계",1332,881,62,141,333,272,73,233
"622","충북","진천운영센터","일반",990,635,47,94,224,207,63,180
"623","충북","진천운영센터","기초수급",183,108,6,24,43,30,5,45
"624","충북","진천운영센터","의료급여",11,6,1,0,3,2,0,3
"625","충북","진천운영센터","경감",148,132,8,23,63,33,5,5
"626","충북","괴산운영센터","합계",1406,786,50,103,283,328,22,325
"627","충북","괴산운영센터","일반",923,471,24,61,168,203,15,228
"628","충북","괴산운영센터","기초수급",298,160,17,19,61,59,4,79
"629","충북","괴산운영센터","의료급여",29,13,1,0,5,7,0,9
"630","충북","괴산운영센터","경감",156,142,8,23,49,59,3,9
"631","충북","증평운영센터","합계",734,436,63,87,154,118,14,155
"632","충북","증평운영센터","일반",504,305,47,57,108,81,12,80
"633","충북","증평운영센터","기초수급",141,53,6,12,20,14,1,66
"634","충북","증평운영센터","의료급여",13,8,2,1,3,2,0,5
"635","충북","증평운영센터","경감",76,70,8,17,23,21,1,4
"636","충북","청주동부운영센터","합계",5972,3929,361,757,1439,1101,271,889
"637","충북","청주동부운영센터","일반",4167,2788,254,541,1000,783,210,505
"638","충북","청주동부운영센터","기초수급",1125,547,49,86,182,186,44,346
"639","충북","청주동부운영센터","의료급여",103,61,3,20,24,13,1,18
"640","충북","청주동부운영센터","경감",577,533,55,110,233,119,16,20
"641","충북","음성운영센터","합계",2160,1371,143,240,474,489,25,333
"642","충북","음성운영센터","일반",1346,793,43,142,261,325,22,219
"643","충북","음성운영센터","기초수급",588,383,85,59,136,101,2,104
"644","충북","음성운영센터","의료급여",19,13,1,3,4,5,0,2
"645","충북","음성운영센터","경감",207,182,14,36,73,58,1,8
"646","충남","천안운영센터","합계",7253,4702,377,829,1588,1590,318,929
"647","충남","천안운영센터","일반",5364,3375,277,572,1119,1143,264,680
"648","충남","천안운영센터","기초수급",1113,643,45,120,208,229,41,218
"649","충남","천안운영센터","의료급여",75,46,2,8,17,17,2,11
"650","충남","천안운영센터","경감",701,638,53,129,244,201,11,20
"651","충남","공주운영센터","합계",3764,2115,144,327,664,858,122,859
"652","충남","공주운영센터","일반",2766,1515,96,215,479,627,98,619
"653","충남","공주운영센터","기초수급",580,253,21,46,75,101,10,207
"654","충남","공주운영센터","의료급여",40,21,1,4,5,9,2,7
"655","충남","공주운영센터","경감",378,326,26,62,105,121,12,26
"656","충남","보령운영센터","합계",2995,1695,116,193,590,657,139,746
"657","충남","보령운영센터","일반",2143,1134,79,133,389,427,106,564
"658","충남","보령운영센터","기초수급",508,269,18,32,80,119,20,152
"659","충남","보령운영센터","의료급여",28,15,3,0,4,5,3,9
"660","충남","보령운영센터","경감",316,277,16,28,117,106,10,21
"661","충남","서천운영센터","합계",2369,1221,61,212,367,487,94,775
"662","충남","서천운영센터","일반",1748,848,39,140,242,353,74,602
"663","충남","서천운영센터","기초수급",375,185,15,34,53,71,12,138
"664","충남","서천운영센터","의료급여",20,9,0,2,2,5,0,9
"665","충남","서천운영센터","경감",226,179,7,36,70,58,8,26
"666","충남","서산운영센터","합계",3480,2327,192,377,761,930,67,502
"667","충남","서산운영센터","일반",2611,1655,125,256,546,673,55,405
"668","충남","서산운영센터","기초수급",476,316,32,47,92,139,6,83
"669","충남","서산운영센터","의료급여",16,11,0,4,6,1,0,2
"670","충남","서산운영센터","경감",377,345,35,70,117,117,6,12
"671","충남","태안운영센터","합계",1824,1129,61,135,399,511,23,258
"672","충남","태안운영센터","일반",1322,764,42,92,274,337,19,193
"673","충남","태안운영센터","기초수급",263,161,10,17,51,80,3,51
"674","충남","태안운영센터","의료급여",20,15,2,1,7,5,0,2
"675","충남","태안운영센터","경감",219,189,7,25,67,89,1,12
"676","충남","논산운영센터","합계",4585,2447,163,325,750,1010,199,1038
"677","충남","논산운영센터","일반",3283,1632,118,203,494,661,156,765
"678","충남","논산운영센터","기초수급",783,388,15,50,108,193,22,242
"679","충남","논산운영센터","의료급여",61,35,2,3,7,16,7,9
"680","충남","논산운영센터","경감",458,392,28,69,141,140,14,22
"681","충남","금산운영센터","합계",2037,1122,53,115,399,477,78,467
"682","충남","금산운영센터","일반",1485,765,29,87,256,329,64,359
"683","충남","금산운영센터","기초수급",257,122,10,10,38,58,6,78
"684","충남","금산운영센터","의료급여",27,13,0,1,7,4,1,4
"685","충남","금산운영센터","경감",268,222,14,17,98,86,7,26
"686","충남","계룡운영센터","합계",550,356,30,43,119,141,23,115
"687","충남","계룡운영센터","일반",413,250,21,26,82,101,20,91
"688","충남","계룡운영센터","기초수급",55,33,2,9,7,14,1,17
"689","충남","계룡운영센터","의료급여",3,1,0,0,1,0,0,1
"690","충남","계룡운영센터","경감",79,72,7,8,29,26,2,6
"691","충남","세종운영센터","합계",2529,1497,128,209,520,579,61,395
"692","충남","세종운영센터","일반",1899,1112,79,150,389,438,56,289
"693","충남","세종운영센터","기초수급",380,181,22,25,64,67,3,88
"694","충남","세종운영센터","의료급여",31,18,2,4,5,7,0,6
"695","충남","세종운영센터","경감",219,186,25,30,62,67,2,12
"696","충남","부여운영센터","합계",2887,1574,74,170,486,602,242,757
"697","충남","부여운영센터","일반",2120,1071,46,115,320,400,190,597
"698","충남","부여운영센터","기초수급",390,188,11,18,62,71,26,127
"699","충남","부여운영센터","의료급여",24,15,1,3,3,7,1,3
"700","충남","부여운영센터","경감",353,300,16,34,101,124,25,30
"701","충남","청양운영센터","합계",1569,897,48,154,287,356,52,378
"702","충남","청양운영센터","일반",1195,645,28,107,194,270,46,294
"703","충남","청양운영센터","기초수급",191,88,8,18,35,25,2,77
"704","충남","청양운영센터","의료급여",20,10,0,1,2,7,0,5
"705","충남","청양운영센터","경감",163,154,12,28,56,54,4,2
"706","충남","예산운영센터","합계",2567,1594,105,231,538,635,85,516
"707","충남","예산운영센터","일반",1934,1151,66,147,389,478,71,405
"708","충남","예산운영센터","기초수급",346,198,12,36,63,80,7,92
"709","충남","예산운영센터","의료급여",24,11,0,1,3,7,0,6
"710","충남","예산운영센터","경감",263,234,27,47,83,70,7,13
"711","충남","당진운영센터","합계",3647,2490,138,479,868,906,99,454
"712","충남","당진운영센터","일반",2868,1862,98,348,652,682,82,379
"713","충남","당진운영센터","기초수급",357,232,14,43,82,89,4,68
"714","충남","당진운영센터","의료급여",19,15,1,4,7,3,0,3
"715","충남","당진운영센터","경감",403,381,25,84,127,132,13,4
"716","충남","아산운영센터","합계",3890,2305,206,439,781,731,148,653
"717","충남","아산운영센터","일반",2826,1635,154,282,551,529,119,440
"718","충남","아산운영센터","기초수급",661,325,25,74,106,106,14,194
"719","충남","아산운영센터","의료급여",39,18,2,5,5,4,2,10
"720","충남","아산운영센터","경감",364,327,25,78,119,92,13,9
"721","충남","홍성운영센터","합계",2849,1783,139,246,599,707,92,596
"722","충남","홍성운영센터","일반",2085,1240,86,170,415,492,77,457
"723","충남","홍성운영센터","기초수급",398,221,21,33,62,100,5,123
"724","충남","홍성운영센터","의료급여",32,20,2,1,6,10,1,7
"725","충남","홍성운영센터","경감",334,302,30,42,116,105,9,9
"726","전북","전주남부운영센터","합계",7175,3689,280,489,1200,1475,245,2080
"727","전북","전주남부운영센터","일반",4680,2629,194,326,830,1068,211,1001
"728","전북","전주남부운영센터","기초수급",1745,535,37,66,177,234,21,938
"729","전북","전주남부운영센터","의료급여",101,41,1,10,11,18,1,41
"730","전북","전주남부운영센터","경감",649,484,48,87,182,155,12,100
"731","전북","익산운영센터","합계",7830,4542,203,496,1463,1975,405,2011
"732","전북","익산운영센터","일반",4913,2862,119,303,898,1234,308,1119
"733","전북","익산운영센터","기초수급",1985,934,45,96,303,434,56,777
"734","전북","익산운영센터","의료급여",85,48,1,3,17,17,10,26
"735","전북","익산운영센터","경감",847,698,38,94,245,290,31,89
"736","전북","정읍운영센터","합계",5141,2331,69,164,652,1295,151,1898
"737","전북","정읍운영센터","일반",3161,1395,46,95,365,780,109,1127
"738","전북","정읍운영센터","기초수급",1208,446,6,29,137,251,23,562
"739","전북","정읍운영센터","의료급여",89,48,3,1,11,27,6,24
"740","전북","정읍운영센터","경감",683,442,14,39,139,237,13,185
"741","전북","남원운영센터","합계",3052,1638,83,184,515,752,104,947
"742","전북","남원운영센터","일반",1913,1010,44,106,315,472,73,570
"743","전북","남원운영센터","기초수급",734,330,16,45,100,146,23,308
"744","전북","남원운영센터","의료급여",32,17,2,0,7,7,1,11
"745","전북","남원운영센터","경감",373,281,21,33,93,127,7,58
"746","전북","순창운영센터","합계",1637,726,18,72,199,403,34,577
"747","전북","순창운영센터","일반",1142,479,11,44,131,264,29,395
"748","전북","순창운영센터","기초수급",312,118,3,16,33,63,3,150
"749","전북","순창운영센터","의료급여",21,10,0,2,3,5,0,7
"750","전북","순창운영센터","경감",162,119,4,10,32,71,2,25
"751","전북","임실운영센터","합계",1385,622,10,40,174,324,74,499
"752","전북","임실운영센터","일반",947,379,4,19,103,200,53,362
"753","전북","임실운영센터","기초수급",265,115,3,12,36,53,11,106
"754","전북","임실운영센터","의료급여",23,13,0,1,4,5,3,7
"755","전북","임실운영센터","경감",150,115,3,8,31,66,7,24
"756","전북","김제운영센터","합계",3845,2098,94,188,705,951,160,1004
"757","전북","김제운영센터","일반",2275,1223,46,114,396,560,107,563
"758","전북","김제운영센터","기초수급",1057,507,23,35,167,246,36,354
"759","전북","김제운영센터","의료급여",34,15,0,0,6,7,2,12
"760","전북","김제운영센터","경감",479,353,25,39,136,138,15,75
"761","전북","진안운영센터","합계",1094,554,31,42,134,293,54,420
"762","전북","진안운영센터","일반",741,361,16,29,86,189,41,289
"763","전북","진안운영센터","기초수급",215,98,6,7,18,59,8,95
"764","전북","진안운영센터","의료급여",25,10,2,1,4,2,1,10
"765","전북","진안운영센터","경감",113,85,7,5,26,43,4,26
"766","전북","무주운영센터","합계",993,546,23,70,175,250,28,276
"767","전북","무주운영센터","일반",674,346,8,35,108,172,23,197
"768","전북","무주운영센터","기초수급",186,93,6,16,33,34,4,67
"769","전북","무주운영센터","의료급여",15,6,1,0,2,3,0,3
"770","전북","무주운영센터","경감",118,101,8,19,32,41,1,9
"771","전북","장수운영센터","합계",886,454,9,22,103,276,44,333
"772","전북","장수운영센터","일반",576,305,4,10,66,190,35,194
"773","전북","장수운영센터","기초수급",206,78,4,7,14,49,4,113
"774","전북","장수운영센터","의료급여",21,7,1,1,1,2,2,10
"775","전북","장수운영센터","경감",83,64,0,4,22,35,3,16
"776","전북","부안운영센터","합계",2205,1039,39,92,294,493,121,720
"777","전북","부안운영센터","일반",1480,658,20,55,169,316,98,486
"778","전북","부안운영센터","기초수급",414,172,9,18,48,83,14,167
"779","전북","부안운영센터","의료급여",25,7,0,0,2,3,2,12
"780","전북","부안운영센터","경감",286,202,10,19,75,91,7,55
"781","전북","고창운영센터","합계",2829,1548,29,95,348,978,98,717
"782","전북","고창운영센터","일반",1912,986,16,54,210,627,79,499
"783","전북","고창운영센터","기초수급",463,219,5,18,43,146,7,162
"784","전북","고창운영센터","의료급여",42,23,2,1,7,10,3,10
"785","전북","고창운영센터","경감",412,320,6,22,88,195,9,46
"786","전북","전주북부운영센터","합계",7831,3985,270,515,1241,1652,307,2309
"787","전북","전주북부운영센터","일반",5438,2833,196,336,855,1205,241,1414
"788","전북","전주북부운영센터","기초수급",1456,487,28,64,172,189,34,724
"789","전북","전주북부운영센터","의료급여",90,48,5,5,13,20,5,22
"790","전북","전주북부운영센터","경감",847,617,41,110,201,238,27,149
"791","전북","군산운영센터","합계",6325,3576,224,406,1156,1524,266,1697
"792","전북","군산운영센터","일반",3955,2207,135,248,698,927,199,949
"793","전북","군산운영센터","기초수급",1622,773,51,84,244,353,41,655
"794","전북","군산운영센터","의료급여",89,56,6,9,16,19,6,25
"795","전북","군산운영센터","경감",659,540,32,65,198,225,20,68
"796","전남","목포운영센터","합계",4321,2344,165,417,765,852,145,1175
"797","전남","목포운영센터","일반",2710,1447,99,252,465,539,92,673
"798","전남","목포운영센터","기초수급",1014,455,30,72,137,177,39,400
"799","전남","목포운영센터","의료급여",56,31,3,6,10,10,2,18
"800","전남","목포운영센터","경감",541,411,33,87,153,126,12,84
"801","전남","여수운영센터","합계",6076,3439,178,494,962,1612,193,1619
"802","전남","여수운영센터","일반",3988,2214,104,323,631,1011,145,1011
"803","전남","여수운영센터","기초수급",1338,624,32,87,152,324,29,526
"804","전남","여수운영센터","의료급여",83,45,2,6,11,22,4,21
"805","전남","여수운영센터","경감",667,556,40,78,168,255,15,61
"806","전남","순천운영센터","합계",4920,2910,216,498,863,1164,169,1135
"807","전남","순천운영센터","일반",3514,1984,137,320,578,815,134,841
"808","전남","순천운영센터","기초수급",760,397,30,61,122,166,18,234
"809","전남","순천운영센터","의료급여",73,48,5,13,11,14,5,15
"810","전남","순천운영센터","경감",573,481,44,104,152,169,12,45
"811","전남","곡성운영센터","합계",1700,894,38,78,267,470,41,568
"812","전남","곡성운영센터","일반",1201,578,19,50,161,315,33,422
"813","전남","곡성운영센터","기초수급",283,131,8,12,49,61,1,121
"814","전남","곡성운영센터","의료급여",30,15,0,1,3,11,0,11
"815","전남","곡성운영센터","경감",186,170,11,15,54,83,7,14
"816","전남","나주운영센터","합계",3739,2093,133,215,605,1028,112,757
"817","전남","나주운영센터","일반",2493,1320,73,131,385,641,90,524
"818","전남","나주운영센터","기초수급",717,379,34,38,104,189,14,177
"819","전남","나주운영센터","의료급여",64,38,4,2,11,21,0,8
"820","전남","나주운영센터","경감",465,356,22,44,105,177,8,48
"821","전남","고흥운영센터","합계",3416,1975,72,321,569,947,66,956
"822","전남","고흥운영센터","일반",2293,1230,43,203,343,589,52,709
"823","전남","고흥운영센터","기초수급",594,318,8,52,88,162,8,171
"824","전남","고흥운영센터","의료급여",44,29,2,5,3,17,2,12
"825","전남","고흥운영센터","경감",485,398,19,61,135,179,4,64
"826","전남","보성운영센터","합계",2016,857,46,122,256,392,41,698
"827","전남","보성운영센터","일반",1436,579,28,82,162,271,36,506
"828","전남","보성운영센터","기초수급",348,123,9,20,48,45,1,144
"829","전남","보성운영센터","의료급여",31,10,0,2,4,4,0,13
"830","전남","보성운영센터","경감",201,145,9,18,42,72,4,35
"831","전남","화순운영센터","합계",2576,1197,49,99,329,587,133,884
"832","전남","화순운영센터","일반",1842,788,42,66,200,371,109,665
"833","전남","화순운영센터","기초수급",408,176,4,13,53,87,19,163
"834","전남","화순운영센터","의료급여",36,15,0,2,3,9,1,15
"835","전남","화순운영센터","경감",290,218,3,18,73,120,4,41
"836","전남","해남운영센터","합계",3091,1711,56,202,482,865,106,871
"837","전남","해남운영센터","일반",2045,1057,33,110,291,540,83,597
"838","전남","해남운영센터","기초수급",576,284,13,46,74,139,12,214
"839","전남","해남운영센터","의료급여",61,34,0,4,12,14,4,15
"840","전남","해남운영센터","경감",409,336,10,42,105,172,7,45
"841","전남","진도운영센터","합계",1196,614,24,67,173,324,26,382
"842","전남","진도운영센터","일반",791,376,13,44,97,203,19,265
"843","전남","진도운영센터","기초수급",259,127,6,6,43,68,4,92
"844","전남","진도운영센터","의료급여",23,10,0,1,4,5,0,10
"845","전남","진도운영센터","경감",123,101,5,16,29,48,3,15
"846","전남","영암운영센터","합계",2055,996,33,98,302,520,43,705
"847","전남","영암운영센터","일반",1395,618,16,58,165,343,36,511
"848","전남","영암운영센터","기초수급",391,171,8,14,46,98,5,156
"849","전남","영암운영센터","의료급여",34,15,0,1,7,7,0,12
"850","전남","영암운영센터","경감",235,192,9,25,84,72,2,26
"851","전남","장흥운영센터","합계",2199,1191,34,99,359,657,42,726
"852","전남","장흥운영센터","일반",1465,728,19,56,219,401,33,517
"853","전남","장흥운영센터","기초수급",434,225,8,17,70,125,5,164
"854","전남","장흥운영센터","의료급여",40,20,0,2,4,14,0,17
"855","전남","장흥운영센터","경감",260,218,7,24,66,117,4,28
"856","전남","영광운영센터","합계",2032,1040,67,126,342,434,71,634
"857","전남","영광운영센터","일반",1296,623,31,68,198,272,54,418
"858","전남","영광운영센터","기초수급",432,200,20,27,67,78,8,154
"859","전남","영광운영센터","의료급여",42,27,4,3,8,10,2,10
"860","전남","영광운영센터","경감",262,190,12,28,69,74,7,52
"861","전남","함평운영센터","합계",1734,1022,51,148,402,412,9,413
"862","전남","함평운영센터","일반",1234,675,27,93,264,287,4,318
"863","전남","함평운영센터","기초수급",287,167,9,24,67,64,3,71
"864","전남","함평운영센터","의료급여",24,19,0,2,10,7,0,5
"865","전남","함평운영센터","경감",189,161,15,29,61,54,2,19
"866","전남","장성운영센터","합계",1991,1069,51,84,298,539,97,569
"867","전남","장성운영센터","일반",1287,665,29,41,205,326,64,364
"868","전남","장성운영센터","기초수급",377,182,12,24,37,91,18,134
"869","전남","장성운영센터","의료급여",28,14,1,1,3,6,3,9
"870","전남","장성운영센터","경감",299,208,9,18,53,116,12,62
"871","전남","담양운영센터","합계",2160,1235,55,117,423,589,51,569
"872","전남","담양운영센터","일반",1572,841,30,78,283,413,37,439
"873","전남","담양운영센터","기초수급",286,152,8,20,53,64,7,91
"874","전남","담양운영센터","의료급여",23,13,0,1,7,4,1,7
"875","전남","담양운영센터","경감",279,229,17,18,80,108,6,32
"876","전남","강진운영센터","합계",1634,919,23,81,309,438,68,471
"877","전남","강진운영센터","일반",1138,609,17,44,198,292,58,341
"878","전남","강진운영센터","기초수급",281,136,3,18,45,66,4,104
"879","전남","강진운영센터","의료급여",24,14,0,0,5,6,3,5
"880","전남","강진운영센터","경감",191,160,3,19,61,74,3,21
"881","전남","완도운영센터","합계",2015,1143,55,136,347,557,48,630
"882","전남","완도운영센터","일반",1165,577,23,56,161,304,33,413
"883","전남","완도운영센터","기초수급",442,229,11,34,65,108,11,163
"884","전남","완도운영센터","의료급여",27,13,0,0,5,8,0,12
"885","전남","완도운영센터","경감",381,324,21,46,116,137,4,42
"886","전남","무안운영센터","합계",2118,1128,63,145,341,525,54,581
"887","전남","무안운영센터","일반",1421,691,34,86,200,330,41,427
"888","전남","무안운영센터","기초수급",345,159,8,30,50,64,7,107
"889","전남","무안운영센터","의료급여",31,19,2,2,6,9,0,9
"890","전남","무안운영센터","경감",321,259,19,27,85,122,6,38
"891","전남","신안운영센터","합계",1399,777,23,76,257,396,25,496
"892","전남","신안운영센터","일반",936,485,8,39,164,258,16,361
"893","전남","신안운영센터","기초수급",293,165,9,24,45,79,8,106
"894","전남","신안운영센터","의료급여",17,7,0,0,3,4,0,6
"895","전남","신안운영센터","경감",153,120,6,13,45,55,1,23
"896","전남","광양운영센터","합계",2201,1312,76,235,428,509,64,554
"897","전남","광양운영센터","일반",1640,957,51,171,314,369,52,410
"898","전남","광양운영센터","기초수급",318,165,11,22,52,74,6,112
"899","전남","광양운영센터","의료급여",33,15,0,0,6,9,0,12
"900","전남","광양운영센터","경감",210,175,14,42,56,57,6,20
"901","전남","구례운영센터","합계",1369,692,19,79,189,334,71,458
"902","전남","구례운영센터","일반",969,467,12,57,122,223,53,335
"903","전남","구례운영센터","기초수급",231,101,3,9,34,49,6,95
"904","전남","구례운영센터","의료급여",23,12,1,2,3,5,1,4
"905","전남","구례운영센터","경감",146,112,3,11,30,57,11,24
"906","경북","포항북부운영센터","합계",4914,2690,191,362,944,1080,113,1019
"907","경북","포항북부운영센터","일반",3391,1839,120,246,657,722,94,625
"908","경북","포항북부운영센터","기초수급",1049,491,40,55,161,222,13,350
"909","경북","포항북부운영센터","의료급여",55,29,2,2,6,17,2,13
"910","경북","포항북부운영센터","경감",419,331,29,59,120,119,4,31
"911","경북","경주운영센터","합계",6102,3637,210,409,1379,1541,98,1136
"912","경북","경주운영센터","일반",4564,2669,134,265,1033,1154,83,805
"913","경북","경주운영센터","기초수급",1025,542,45,88,160,239,10,295
"914","경북","경주운영센터","의료급여",57,32,1,4,14,13,0,12
"915","경북","경주운영센터","경감",456,394,30,52,172,135,5,24
"916","경북","구미운영센터","합계",4216,2653,225,310,901,863,354,817
"917","경북","구미운영센터","일반",2983,1781,133,188,607,581,272,613
"918","경북","구미운영센터","기초수급",652,356,40,49,103,122,42,180
"919","경북","구미운영센터","의료급여",39,19,1,4,5,7,2,6
"920","경북","구미운영센터","경감",542,497,51,69,186,153,38,18
"921","경북","안동운영센터","합계",5393,3050,211,398,1067,1250,124,1225
"922","경북","안동운영센터","일반",3814,2103,125,249,735,892,102,838
"923","경북","안동운영센터","기초수급",950,444,46,64,149,172,13,334
"924","경북","안동운영센터","의료급여",64,33,7,3,5,16,2,16
"925","경북","안동운영센터","경감",565,470,33,82,178,170,7,37
"926","경북","청송운영센터","합계",1129,645,21,97,208,311,8,273
"927","경북","청송운영센터","일반",726,390,12,48,120,202,8,178
"928","경북","청송운영센터","기초수급",236,115,5,12,46,52,0,85
"929","경북","청송운영센터","의료급여",12,7,0,1,1,5,0,3
"930","경북","청송운영센터","경감",155,133,4,36,41,52,0,7
"931","경북","영양운영센터","합계",865,477,21,60,165,225,6,274
"932","경북","영양운영센터","일반",541,269,10,35,90,129,5,185
"933","경북","영양운영센터","기초수급",198,101,4,15,34,48,0,77
"934","경북","영양운영센터","의료급여",14,9,0,1,3,5,0,3
"935","경북","영양운영센터","경감",112,98,7,9,38,43,1,9
"936","경북","영주운영센터","합계",3135,1852,95,289,717,625,126,792
"937","경북","영주운영센터","일반",2076,1186,58,172,457,401,98,524
"938","경북","영주운영센터","기초수급",634,304,13,54,115,110,12,239
"939","경북","영주운영센터","의료급여",32,19,2,0,6,10,1,7
"940","경북","영주운영센터","경감",393,343,22,63,139,104,15,22
"941","경북","봉화운영센터","합계",1045,569,38,102,231,178,20,309
"942","경북","봉화운영센터","일반",686,355,21,63,150,104,17,209
"943","경북","봉화운영센터","기초수급",231,105,9,15,42,37,2,88
"944","경북","봉화운영센터","의료급여",9,5,0,1,2,2,0,2
"945","경북","봉화운영센터","경감",119,104,8,23,37,35,1,10
"946","경북","상주운영센터","합계",3513,2199,105,253,658,966,217,660
"947","경북","상주운영센터","일반",2569,1553,68,172,463,670,180,512
"948","경북","상주운영센터","기초수급",537,290,20,35,73,146,16,122
"949","경북","상주운영센터","의료급여",29,15,2,0,5,7,1,8
"950","경북","상주운영센터","경감",378,341,15,46,117,143,20,18
"951","경북","문경운영센터","합계",2868,1875,138,208,602,851,76,547
"952","경북","문경운영센터","일반",1923,1217,88,128,389,550,62,370
"953","경북","문경운영센터","기초수급",534,309,26,32,101,140,10,139
"954","경북","문경운영센터","의료급여",22,10,0,2,3,5,0,9
"955","경북","문경운영센터","경감",389,339,24,46,109,156,4,29
"956","경북","예천운영센터","합계",1945,1071,71,138,332,437,93,459
"957","경북","예천운영센터","일반",1409,727,52,90,219,291,75,341
"958","경북","예천운영센터","기초수급",323,159,7,25,56,61,10,105
"959","경북","예천운영센터","의료급여",23,9,0,1,3,4,1,8
"960","경북","예천운영센터","경감",190,176,12,22,54,81,7,5
"961","경북","경산운영센터","합계",4585,2853,174,375,971,1073,260,893
"962","경북","경산운영센터","일반",3328,2015,129,266,671,751,198,646
"963","경북","경산운영센터","기초수급",670,361,18,48,109,150,36,192
"964","경북","경산운영센터","의료급여",73,40,2,2,14,18,4,18
"965","경북","경산운영센터","경감",514,437,25,59,177,154,22,37
"966","경북","청도운영센터","합계",2147,1109,68,98,425,391,127,694
"967","경북","청도운영센터","일반",1549,749,42,63,272,266,106,530
"968","경북","청도운영센터","기초수급",335,153,11,19,60,57,6,129
"969","경북","청도운영센터","의료급여",34,17,0,1,11,5,0,10
"970","경북","청도운영센터","경감",229,190,15,15,82,63,15,25
"971","경북","칠곡운영센터","합계",2069,1321,85,188,501,462,85,425
"972","경북","칠곡운영센터","일반",1349,868,47,115,317,318,71,245
"973","경북","칠곡운영센터","기초수급",448,225,21,28,89,79,8,158
"974","경북","칠곡운영센터","의료급여",33,17,1,1,8,5,2,7
"975","경북","칠곡운영센터","경감",239,211,16,44,87,60,4,15
"976","경북","성주운영센터","합계",1519,834,34,77,288,381,54,360
"977","경북","성주운영센터","일반",1084,550,24,43,187,255,41,281
"978","경북","성주운영센터","기초수급",235,118,3,20,35,51,9,67
"979","경북","성주운영센터","의료급여",16,7,1,0,2,4,0,4
"980","경북","성주운영센터","경감",184,159,6,14,64,71,4,8
"981","경북","고령운영센터","합계",1093,621,33,84,224,257,23,282
"982","경북","고령운영센터","일반",747,407,20,44,151,178,14,181
"983","경북","고령운영센터","기초수급",196,100,9,19,36,33,3,74
"984","경북","고령운영센터","의료급여",26,10,0,2,3,5,0,12
"985","경북","고령운영센터","경감",124,104,4,19,34,41,6,15
"986","경북","영덕운영센터","합계",1599,935,37,81,354,426,37,453
"987","경북","영덕운영센터","일반",1059,605,18,49,224,288,26,297
"988","경북","영덕운영센터","기초수급",343,175,14,21,60,73,7,131
"989","경북","영덕운영센터","의료급여",26,18,0,1,5,11,1,4
"990","경북","영덕운영센터","경감",171,137,5,10,65,54,3,21
"991","경북","울진운영센터","합계",1939,1027,30,106,271,569,51,571
"992","경북","울진운영센터","일반",1198,633,10,76,170,337,40,327
"993","경북","울진운영센터","기초수급",500,220,9,15,48,139,9,205
"994","경북","울진운영센터","의료급여",19,8,0,1,2,5,0,5
"995","경북","울진운영센터","경감",222,166,11,14,51,88,2,34
"996","경북","포항남부운영센터","합계",3479,2060,144,256,809,738,113,647
"997","경북","포항남부운영센터","일반",2391,1373,87,154,555,491,86,401
"998","경북","포항남부운영센터","기초수급",747,395,35,56,136,152,16,224
"999","경북","포항남부운영센터","의료급여",24,15,1,0,3,10,1,6
"1000","경북","포항남부운영센터","경감",317,277,21,46,115,85,10,16
"1001","경북","울릉운영센터","합계",169,77,15,9,24,27,2,74
"1002","경북","울릉운영센터","일반",108,38,4,4,13,15,2,54
"1003","경북","울릉운영센터","기초수급",44,25,5,3,8,9,0,18
"1004","경북","울릉운영센터","의료급여",1,0,0,0,0,0,0,1
"1005","경북","울릉운영센터","경감",16,14,6,2,3,3,0,1
"1006","경북","영천운영센터","합계",3373,2110,64,258,634,1025,129,733
"1007","경북","영천운영센터","일반",2339,1409,38,175,420,679,97,513
"1008","경북","영천운영센터","기초수급",648,373,12,36,113,196,16,189
"1009","경북","영천운영센터","의료급여",34,21,0,2,7,9,3,6
"1010","경북","영천운영센터","경감",352,307,14,45,94,141,13,25
"1011","경북","김천운영센터","합계",3378,2145,134,322,833,689,167,709
"1012","경북","김천운영센터","일반",2364,1453,72,194,574,478,135,491
"1013","경북","김천운영센터","기초수급",621,357,33,56,124,127,17,186
"1014","경북","김천운영센터","의료급여",38,20,1,5,5,8,1,11
"1015","경북","김천운영센터","경감",355,315,28,67,130,76,14,21
"1016","경북","의성운영센터","합계",2653,1686,90,202,506,794,94,503
"1017","경북","의성운영센터","일반",1922,1177,59,138,348,554,78,372
"1018","경북","의성운영센터","기초수급",389,207,13,25,53,112,4,115
"1019","경북","의성운영센터","의료급여",30,16,0,3,4,6,3,6
"1020","경북","의성운영센터","경감",312,286,18,36,101,122,9,10
"1021","경북","군위운영센터","합계",1064,586,24,81,197,261,23,312
"1022","경북","군위운영센터","일반",762,392,21,49,125,179,18,233
"1023","경북","군위운영센터","기초수급",161,79,1,10,32,36,0,63
"1024","경북","군위운영센터","의료급여",24,12,0,0,4,6,2,8
"1025","경북","군위운영센터","경감",117,103,2,22,36,40,3,8
"1026","경남","창원마산운영센터","합계",6006,3263,166,407,1266,1267,157,1022
"1027","경남","창원마산운영센터","일반",4374,2300,116,279,895,883,127,688
"1028","경남","창원마산운영센터","기초수급",1042,507,26,58,179,224,20,292
"1029","경남","창원마산운영센터","의료급여",68,33,1,8,11,12,1,13
"1030","경남","창원마산운영센터","경감",522,423,23,62,181,148,9,29
"1031","경남","진주운영센터","합계",6197,3774,256,488,1199,1520,311,1298
"1032","경남","진주운영센터","일반",4428,2655,176,331,819,1076,253,904
"1033","경남","진주운영센터","기초수급",1122,556,35,70,187,231,33,359
"1034","경남","진주운영센터","의료급여",66,40,1,5,10,20,4,16
"1035","경남","진주운영센터","경감",581,523,44,82,183,193,21,19
"1036","경남","산청운영센터","합계",2716,1206,62,136,378,548,82,1123
"1037","경남","산청운영센터","일반",2014,816,36,84,242,394,60,890
"1038","경남","산청운영센터","기초수급",428,174,13,23,63,67,8,193
"1039","경남","산청운영센터","의료급여",33,16,2,3,5,4,2,11
"1040","경남","산청운영센터","경감",241,200,11,26,68,83,12,29
"1041","경남","창원진해운영센터","합계",2569,1333,68,189,454,550,72,581
"1042","경남","창원진해운영센터","일반",1914,976,48,139,330,400,59,417
"1043","경남","창원진해운영센터","기초수급",388,157,7,22,44,76,8,138
"1044","경남","창원진해운영센터","의료급여",48,23,0,2,10,9,2,11
"1045","경남","창원진해운영센터","경감",219,177,13,26,70,65,3,15
"1046","경남","통영운영센터","합계",2021,1236,100,222,481,410,23,423
"1047","경남","통영운영센터","일반",1359,832,74,143,317,279,19,258
"1048","경남","통영운영센터","기초수급",417,194,11,37,76,67,3,144
"1049","경남","통영운영센터","의료급여",31,16,0,2,7,7,0,7
"1050","경남","통영운영센터","경감",214,194,15,40,81,57,1,14
"1051","경남","고성운영센터","합계",1956,1058,45,125,305,554,29,475
"1052","경남","고성운영센터","일반",1484,745,23,87,199,412,24,375
"1053","경남","고성운영센터","기초수급",262,135,9,18,46,59,3,89
"1054","경남","고성운영센터","의료급여",17,11,1,0,4,6,0,2
"1055","경남","고성운영센터","경감",193,167,12,20,56,77,2,9
"1056","경남","김해운영센터","합계",5453,2712,226,343,884,1041,218,1227
"1057","경남","김해운영센터","일반",3950,1953,160,244,618,764,167,858
"1058","경남","김해운영센터","기초수급",953,337,32,42,96,134,33,312
"1059","경남","김해운영센터","의료급여",70,40,2,7,13,16,2,16
"1060","경남","김해운영센터","경감",480,382,32,50,157,127,16,41
"1061","경남","거제운영센터","합계",2245,1293,131,244,461,440,17,383
"1062","경남","거제운영센터","일반",1760,977,107,183,343,327,17,294
"1063","경남","거제운영센터","기초수급",289,159,9,24,54,72,0,72
"1064","경남","거제운영센터","의료급여",31,15,1,3,7,4,0,8
"1065","경남","거제운영센터","경감",165,142,14,34,57,37,0,9
"1066","경남","양산운영센터","합계",4050,2254,190,289,824,861,90,894
"1067","경남","양산운영센터","일반",2879,1567,115,203,558,610,81,600
"1068","경남","양산운영센터","기초수급",759,360,35,48,123,149,5,261
"1069","경남","양산운영센터","의료급여",44,26,0,5,13,8,0,11
"1070","경남","양산운영센터","경감",368,301,40,33,130,94,4,22
"1071","경남","함안운영센터","합계",2179,1105,32,99,341,537,96,591
"1072","경남","함안운영센터","일반",1553,745,21,53,209,385,77,417
"1073","경남","함안운영센터","기초수급",422,204,6,24,70,89,15,137
"1074","경남","함안운영센터","의료급여",22,10,0,2,2,6,0,8
"1075","경남","함안운영센터","경감",182,146,5,20,60,57,4,29
"1076","경남","의령운영센터","합계",1357,746,36,90,206,367,47,420
"1077","경남","의령운영센터","일반",999,498,18,58,127,255,40,346
"1078","경남","의령운영센터","기초수급",205,116,10,17,33,53,3,64
"1079","경남","의령운영센터","의료급여",16,12,0,3,3,5,1,4
"1080","경남","의령운영센터","경감",137,120,8,12,43,54,3,6
"1081","경남","하동운영센터","합계",2478,1502,59,197,423,767,56,667
"1082","경남","하동운영센터","일반",1791,1054,46,119,292,544,53,493
"1083","경남","하동운영센터","기초수급",389,194,8,27,55,103,1,150
"1084","경남","하동운영센터","의료급여",24,13,1,2,4,6,0,6
"1085","경남","하동운영센터","경감",274,241,4,49,72,114,2,18
"1086","경남","남해운영센터","합계",2387,1395,46,171,462,668,48,631
"1087","경남","남해운영센터","일반",1811,1027,25,112,339,509,42,483
"1088","경남","남해운영센터","기초수급",300,141,12,19,47,62,1,112
"1089","경남","남해운영센터","의료급여",40,19,0,3,6,8,2,12
"1090","경남","남해운영센터","경감",236,208,9,37,70,89,3,24
"1091","경남","거창운영센터","합계",2231,1265,50,115,424,532,144,617
"1092","경남","거창운영센터","일반",1569,833,30,73,278,343,109,457
"1093","경남","거창운영센터","기초수급",379,190,5,21,49,91,24,137
"1094","경남","거창운영센터","의료급여",27,17,1,1,7,5,3,6
"1095","경남","거창운영센터","경감",256,225,14,20,90,93,8,17
"1096","경남","합천운영센터","합계",2109,1097,23,106,325,533,110,639
"1097","경남","합천운영센터","일반",1486,701,16,61,192,345,87,487
"1098","경남","합천운영센터","기초수급",378,186,4,20,57,93,12,133
"1099","경남","합천운영센터","의료급여",16,4,0,0,2,1,1,8
"1100","경남","합천운영센터","경감",229,206,3,25,74,94,10,11
"1101","경남","함양운영센터","합계",2118,1112,39,97,316,555,105,693
"1102","경남","함양운영센터","일반",1422,681,22,52,181,353,73,493
"1103","경남","함양운영센터","기초수급",413,191,7,21,59,96,8,168
"1104","경남","함양운영센터","의료급여",22,7,1,1,0,5,0,8
"1105","경남","함양운영센터","경감",261,233,9,23,76,101,24,24
"1106","경남","창원중부운영센터","합계",4447,2438,188,376,794,946,134,843
"1107","경남","창원중부운영센터","일반",3428,1809,139,262,592,706,110,651
"1108","경남","창원중부운영센터","기초수급",673,355,26,64,113,136,16,158
"1109","경남","창원중부운영센터","의료급여",59,28,1,6,8,12,1,16
"1110","경남","창원중부운영센터","경감",287,246,22,44,81,92,7,18
"1111","경남","사천운영센터","합계",3233,1803,108,246,575,755,119,900
"1112","경남","사천운영센터","일반",2182,1207,60,148,393,509,97,575
"1113","경남","사천운영센터","기초수급",679,299,23,44,85,131,16,274
"1114","경남","사천운영센터","의료급여",25,10,0,1,1,7,1,11
"1115","경남","사천운영센터","경감",347,287,25,53,96,108,5,40
"1116","경남","밀양운영센터","합계",3427,1912,69,189,615,921,118,849
"1117","경남","밀양운영센터","일반",2425,1346,36,136,413,672,89,560
"1118","경남","밀양운영센터","기초수급",667,305,16,32,95,144,18,242
"1119","경남","밀양운영센터","의료급여",49,22,0,1,11,8,2,17
"1120","경남","밀양운영센터","경감",286,239,17,20,96,97,9,30
"1121","경남","창녕운영센터","합계",2450,1366,73,135,457,661,40,575
"1122","경남","창녕운영센터","일반",1772,1025,49,103,353,491,29,378
"1123","경남","창녕운영센터","기초수급",443,156,6,14,40,90,6,175
"1124","경남","창녕운영센터","의료급여",24,13,1,2,5,5,0,9
"1125","경남","창녕운영센터","경감",211,172,17,16,59,75,5,13
"1126","제주","제주운영센터","합계",7496,5176,649,828,1874,1553,272,1101
"1127","제주","제주운영센터","일반",4713,3114,370,485,1135,920,204,698
"1128","제주","제주운영센터","기초수급",1663,1033,143,168,342,339,41,366
"1129","제주","제주운영센터","의료급여",126,99,7,16,38,30,8,12
"1130","제주","제주운영센터","경감",994,930,129,159,359,264,19,25
"1131","제주","서귀포운영센터","합계",3462,2028,204,272,612,741,199,744
"1132","제주","서귀포운영센터","일반",2135,1203,114,150,369,434,136,432
"1133","제주","서귀포운영센터","기초수급",895,457,50,56,132,178,41,277
"1134","제주","서귀포운영센터","의료급여",50,27,4,6,7,5,5,11
"1135","제주","서귀포운영센터","경감",382,341,36,60,104,124,17,24
